,技能名稱,預設,主手裝備,副手裝備,身體裝備,效果編號,效果類別名稱,屬性名稱,屬性值,屬性追加,消耗MP,射程,類型,連擊,動作時間,詠唱/蓄力時間
0,0,武器技能,,,,,,,,,,,,,,
0,1,劍術技能,,,,,,,,,,,,,,
0,威力攻擊,預設,單手劍,,,-,proration,damage,physical,,100,main,瞬發,可以放入連擊,快,
,,,,,,1,damage,constant,50+5*SLv,,,,,,,
,,,,,,,,multiplier,100+5*SLv,,,,,,,
,,,,,,,,multiplier.registlet,5*RLv,,,,,,,
,,,,,,,,ailment_name,膽怯,,,,,,,
,,,,,,,,ailment_chance,50+5*SLv,,,,,,,
,,,,,,,,range_damage,1,,,,,,,
,,,,,,,,action_frame,61~37,,,,,,,
0,,非預設,雙劍,,,,,,,,,,,,,
0,,非預設,雙手劍,,,1,,multiplier,150+5*SLv,,,,,,,
,,,,,,,,ailment_chance,5*SLv,,,,,,,
1,迅捷攻擊,預設,單手劍,,,-,proration,damage,physical,,100,main,瞬發,可以放入連擊,快,
,,,,,,1,damage,constant,150+5*SLv,,,,,,,
,,,,,,,,multiplier,150+10*SLv,,,,,,,
,,,,,,,,range_damage,1,,,,,,,
,,,,,,,,action_frame,61~37,,,,,,,
,,,,,,-,extra,motion_speed,5*SLv,~,,,,,,
,,,,,,2,effect,duration,5+5*Math.floor(SLv/6),,,,,,,
,,,,,,,,condition,hit,,,,,,,
,,,,,,,,critical_rate,25,,,,,,,
1,,非預設,雙劍,,,,,,,,,,,,,
1,,非預設,雙手劍,,,1,,multiplier,200+10*SLv,,200,,,,,
,,,,,,2,,critical_rate,50,,,,,,,
2,橫掃千軍,預設,單手劍,,,-,proration,damage,physical,,100*(3-Math.floor(SLv/6)),main,瞬發,可以放入連擊,快,
,,,,,,1,damage,constant,200+10*SLv,,,,,,,
,,,,,,,,multiplier,150+5*SLv,,,,,,,
,,,,,,,,element,fire,,,,,,,
,,,,,,,,element.registlet,none,,,,,,,
,,,,,,,,range_damage,1,,,,,,,
,,,,,,,,action_frame,61~37,,,,,,,
,,,,,,2,extra,caption,此技能傷害#[必定命中]。,,,,,,,
,,,,,,-,text,text,施放成功後，獲得![迅速]效果。,,,,,,,
,,,,,,-,effect,attack_mp_recovery,2*SLv,,,,,,,
,,,,,,,,condition,施放下個技能前,,,,,,,
,,,,,,,,name,迅速,,,,,,,
,,,,,,-,extra,caption,動作時間減少50%,,,,,,,
,,,,,,,,type,next,,,,,,,
,,,,,,-,tips,text,![迅速]效果會覆蓋所有會影響動作時間的加成。,,,,,,,
2,,非預設,雙劍,,,,,,,,,,,,,
2,,非預設,雙手劍,,,1,,multiplier,250+5*SLv,,,,,,,
,,,,,,2,,caption,,,,,,,,
3,爆氣斬,預設,單手劍,,,-,text,text,施放成功後，進入!B[爆氣]狀態，強化接下來的11次一般攻擊。無法與其他改變普攻動作類的技能並存。,,500,,瞬發,可以放入連擊,快,
,,,,,,,,is_mark,1,,,,,,,
,,,,,,-,effect,name,爆氣,,,,,,,
,,,,,,,,caption,前10次一般攻擊變為!B[強化攻擊]；第11次一般攻擊變為發動!B[二連閃擊]及!B[劍光一閃]，並結束狀態。,,,,,,,
,,,,,,,,end_condition,下11次一般攻擊,,,,,,,
,,,,,,,,duration,600,,,,,,,
,,,,,,,,action_frame,61~37,,,,,,,
,,,,,,2,extra,attack_mp_recovery,2.5*SLv,,,,,,,
,,,,,,-,extra,caption,DEF、MDEF、迴避值強制固定為0。,,,,,,,
,,,,,,-,list,text,受到任意異常狀態時，會使![爆氣]立刻結束。若處於!S[狂戰士之怒]狀態，可免疫此效果。,,,,,,,
,,,,,,-,list,text,攻擊被miss或閃躲時，技能剩餘次數則不會減少。,,,,,,,
,,,,,,1,effect,name,強化攻擊,,,,,,,
,,,,,,,,normal_attack_constant,10*SLv,,,,,,,
,,,,,,,,normal_attack_multiplier,10+9*SLv,,,,,,,
,,,,,,,,condition,狀態期間,,,,,,,
,,,,,,5,extra,caption,改變攻擊動作，單次傷害被分成4次斬擊。,,,,,,,
,,,,,,,,,,,,,,,,
,,,,,,-,proration,damage,physical,,,,,,,
,,,,,,3,damage,name,二連閃擊,,,,,,,
,,,,,,,,title,each,,,,,,,
,,,,,,,,judgment,separate,,,,,,,
,,,,,,,,constant,300+20*SLv,,,,,,,
,,,,,,,,multiplier,50+5*SLv,,,,,,,
,,,,,,,,frequency,2 ,,,,,,,
,,,,,,,,range_damage,1,,,,,,,
,,,,,,,,combo_rate,0,,,,,,,
,,,,,,,,action_frame,~30,,,,,,,
,,,,,,4,damage,name,劍光一閃,,,,,,,
,,,,,,,,constant,300+20*SLv,,,,,,,
,,,,,,,,multiplier,250+5*SLv,,,,,,,
,,,,,,,,range_damage,1,,,,,,,
,,,,,,,,combo_rate,0,,,,,,,
,,,,,,,,action_frame,~65,,,,,,,
,,,,,,-,list,text,第11段攻擊視作一次技能攻擊，被分成![二連閃擊]及![劍光一閃]共三次傷害，這三次傷害皆為#[必定命中]。,,,,,,,
,,,,,,-,tips,text,![二連閃擊]及![劍光一閃]共用一次慣性判定、會受「下個技能受益」類的效果加成，也會令持續時間到下個技能的狀態消失。,,,,,,,
,,,,,,-,list,text,![劍光一閃]不受行動速度影響、也不受!S[大師級劍術]加成。,,,,,,,
,,,,,,-,list,text,連擊效果不會影響此技能的傷害。,,,,,,,
,,,,,,-,list,text,效果持續期間，此技能無法再次使用。,,,,,,,
,,,,,,-,list,text,雙劍使用時，只加成主手ATK計算的部分。,,,,,,,
3,,非預設,雙手劍,,,1,,normal_attack_multiplier,10+4*SLv,,,,,,,
,,,,,,3,,multiplier,150+5*SLv,,,,,,,
,,,,,,4,,multiplier,550+5*SLv,,,,,,,
3,,非預設,雙劍,,,2,,attack_mp_recovery,1.25*SLv,,,,,,,
,,,,,,5,extra,caption,改變攻擊動作，單次傷害被分成4次斬擊。(雙劍僅普攻的第一擊受影響被分為4次，故總段數為6~7次),,,,,,,
4,流星墜擊,預設,單手劍,,,-,text,text,發動全身力量躍向空中，對目標發動!B[流星一擊]，墜地時產生!B[星流爆破]造成範圍傷害。,,600,main,瞬發,可以放入連擊,一般,
,,,,,,,,is_mark,1,,,,,,,
,,,,,,-,proration,damage,physical,,,,,,,
,,,,,,1,damage,name,流星一擊,,,,,,,
,,,,,,,,constant,400+20*SLv,,,,,,,
,,,,,,,,multiplier,400+20*SLv,,,,,,,
,,,,,,,,ailment_name,眩暈,,,,,,,
,,,,,,,,ailment_chance,75+2.5*SLv,,,,,,,
,,,,,,,,range_damage,1,,,,,,,
,,,,,,,,action_frame,122~66,,,,,,,
,,,,,,2,damage,name,星流爆破,,,,,,,
,,,,,,,,multiplier,100+50*SLv+$BDEX*0.5,,,,,,,
,,,,,,,,type,AOE,,,,,,,
,,,,,,,,end_position,target,,,,,,,
,,,,,,,,radius,2+Math.floor((SLv-1)/3)*0.5,,,,,,,
,,,,,,,,range_damage,1,,,,,,,
,,,,,,-,extra,caption,自身處於#[無敵]狀態。,,,,,,,
,,,,,,,,condition,滯空期間,,,,,,,
,,,,,,-,tips,text,!B[星流爆破]的中心位置為技能發動時目標的位置，因此會因目標移動導致無傷害。,,,,,,,
4,,非預設,雙手劍,,,1,,multiplier,600+20*SLv+$BSTR*0.1,,,,,,,
,,,,,,,,ailment_chance,2.5*SLv,,,,,,,
,,,,,,2,,multiplier,100+50*SLv,,,,,,,
4,,非預設,雙劍,,,2,,multiplier,100+50*SLv,,,,,,,
4,,歷史紀錄,0,2020/07/16,,2,,multiplier,100+50*SLv,,,,,,,
4,,歷史紀錄,1,2020/07/16,,1,,multiplier,600+20*SLv,,,,,,,
4,,歷史紀錄,2,2020/07/16,,2,,multiplier,100+50*SLv,,,,,,,
5,音速斬切,預設,單手劍,,,-,proration,damage,physical,,200,12+4*Math.floor((SLv-1)/3),瞬發,可以放入連擊,稍快,
,,,,,,-,text,text,衝刺到目標跟前，並對路徑上的所有敵人給予傷害，施展後會獲得!B[蓄勢待發]。,,,,,,,
,,,,,,,,is_mark,1,,,,,,,
,,,,,,1,damage,constant,100+5*SLv,,,,,,,
,,,,,,,,multiplier,100+5*SLv,,,,,,,
,,,,,,,,type,AOE,,,,,,,
,,,,,,,,effective_area,line,,,,,,,
,,,,,,,,radius,1,,,,,,,
,,,,,,,,end_position,self,,,,,,,
,,,,,,,,end_position_offsets,-1,,,,,,,
,,,,,,,,name,音速斬切,,,,,,,
,,,,,,,,range_damage,1,,,,,,,
,,,,,,,,action_frame,66~45,,,,,,,
,,,,,,2,extra,critical_rate,10*SLv,,,,,,,
,,,,,,-,effect,name,蓄勢待發,,,,,,,
,,,,,,,,condition,none,,,,,,,
,,,,,,,,caption,若再次使用此技能，此技能將強化為!B[超音速斬切]。,,,,,,,
,,,,,,,,duration,5,,,,,,,
,,,,,,,,duration.registlet,RLv,,,,,,,
,,,,,,3,damage,name,超音速斬切,,,,,,,
,,,,,,,,constant,100+5*SLv,,,,,,,
,,,,,,,,multiplier,200+10*SLv,,,,,,,
,,,,,,,,type,AOE,,,,,,,
,,,,,,,,effective_area,line,,,,,,,
,,,,,,,,radius,2,,,,,,,
,,,,,,,,end_position,self,,,,,,,
,,,,,,,,end_position_offsets,1,,,,,,,
,,,,,,,,range_damage,1,,,,,,,
,,,,,,,,action_frame,66~45,,,,,,,
,,,,,,4,extra,critical_rate,10*SLv,,,,,,,
,,,,,,-,list,text,施放!B[超音速斬切]一樣會獲得!B[蓄勢待發]的效果。,,,,,,,
5,,非預設,雙劍,,,,,,,,,,,,,
5,,非預設,雙手劍,,,1,,multiplier,150+5*SLv,,,8+4*Math.floor((SLv-1)/3),,,,
,,,,,,,,radius,3,,,,,,,
,,,,,,2,,critical_rate,SLv,,,,,,,
,,,,,,3,,multiplier,300+10*SLv,,,,,,,
,,,,,,,,radius,4,,,,,,,
,,,,,,4,,critical_rate,SLv,,,,,,,
6,真空刃,預設,單手劍,,,-,proration,damage,physical,,300,main,瞬發,可以放入連擊,稍快,
,,,,,,1,damage,constant,30,,,,,,,
,,,,,,,,multiplier,10+SLv*3,,,,,,,
,,,,,,,,multiplier.registlet,2*RLv,,,,,,,
,,,,,,,,frequency,10,,,,,,,
,,,,,,,,title,each,,,,,,,
,,,,,,,,is_place,1,,,,,,,
,,,,,,,,range_damage,1,,,,,,,
,,,,,,,,action_frame,66~45,,,,,,,
,,,,,,-,extra,caption,此技能必定不暴擊,,,,,,,
,,,,,,2,effect,condition,hit,,,,,,,
,,,,,,,,critical_damage,"Math.max(1,Math.min(10,0.5+SLv*0.5+$DEX*0.02))",,,,,,,
,,,,,,,,critical_damage.display,0.5+SLv*0.5+$DEX*0.02,,,,,,,
,,,,,,,,duration,2+SLv,,,,,,,
,,,,,,3,list,text,暴擊傷害加成量，最少為![1]，最多為![10]。,,,,,,,
6,,非預設,雙手劍,,,1,,multiplier,15+SLv*3,,,,,,,
,,,,,,2,,critical_damage.display,(SLv+1)*0.25+$DEX*0.01,,,,,,,
,,,,,,,,critical_damage,"Math.max(1,Math.min(5,0.5+SLv*0.25+$DEX*0.01))",,,,,,,
,,,,,,3,list,text,暴擊傷害加成量，最少為![1]，最多為![5]。,,,,,,,
6,,非預設,雙劍,,,2,,critical_damage.display,(SLv+1)*0.25+$DEX*0.01,,,,,,,
,,,,,,,,critical_damage,"Math.max(1,Math.min(5,0.5+SLv*0.25+$DEX*0.01))",,,,,,,
,,,,,,3,list,text,暴擊傷害加成量，最少為![1]，最多為![5]。,,,,,,,
7,風暴氣流,預設,單手劍,,,-,text,text,向目標發射一道!B[刃風]，!B[刃風]將在造成傷害後消失，並隨即於目標位置產生!B[風刃氣旋]。,,400,12,瞬發,可以放入連擊,稍慢,
,,,,,,,,is_mark,1,,,,,,,
,,,,,,-,proration,damage,physical,,,,,,,
,,,,,,,,proration,magic,,,,,,,
,,,,,,1,damage,name,刃風,,,,,,,
,,,,,,,,constant,0,,,,,,,
,,,,,,,,multiplier,150+10*SLv,,,,,,,
,,,,,,,,type,AOE,,,,,,,
,,,,,,,,radius,Math.floor(SLv/3)+3,,,,,,,
,,,,,,,,range_damage,1,,,,,,,
,,,,,,,,action_frame,~66,,,,,,,
,,,,,,2,damage,name,風刃氣旋,,,,,,,
,,,,,,,,constant,80,,,,,,,
,,,,,,,,multiplier,50+5*SLv+$BDEX*0.2,,,,,,,
,,,,,,,,is_place,1,,,,,,,
,,,,,,,,type,AOE,,,,,,,
,,,,,,,,title,each,,,,,,,
,,,,,,,,judgment,separate,,,,,,,
,,,,,,,,radius,Math.floor(SLv/3)+3,,,,,,,
,,,,,,,,frequency,2+Math.floor((SLv-1)/2),,,,,,,
,,,,,,,,cycle,0.5,,,,,,,
,,,,,,,,duration,3,,,,,,,
,,,,,,,,duration.registlet,RLv/2,,,,,,,
,,,,,,,,range_damage,0,,,,,,,
,,,,,,-,tips,text,!B[風刃氣旋]的中心位置為!B[刃風]擊中目標時的位置。,,,,,,,
7,,非預設,雙手劍,,,1,,multiplier,250+10*SLv+$BSTR*0.2,,,,,,,
,,,,,,2,,multiplier,50+5*SLv,,,,,,,
7,,非預設,雙劍,,,,,,,,,,,,,
7,,歷史紀錄,0,2020/07/16,,1,,range_damage,0,,,,,,,
,,,,,,2,,multiplier,75+5*SLv,,,,,,,
7,,歷史紀錄,1,2020/07/16,,1,,multiplier,275+10*SLv,,,,,,,
,,,,,,,,range_damage,0,,,,,,,
7,,歷史紀錄,2,2020/07/16,,1,,range_damage,0,,,,,,,
,,,,,,2,,multiplier,75+5*SLv,,,,,,,
,,,,,,,,,,,,,,,,
8,破壞之刃,預設/and,單手劍,盾牌,,-,proration,damage,physical,,300,7,瞬發,可以放入連擊,稍快,
,,,,,,1,damage,constant,SLv*30,,,,,,,
,,,,,,,,multiplier,"SLv*75+stack*20+$BDEX*(0.5+0.5*Math.min(1,stack))",,,,,,,
,,,,,,,,frequency,3,,,,,,,
,,,,,,,,range_damage,1,,,,,,,
,,,,,,,,action_frame,92~52,,,,,,,
,,,,,,-,extra,caption,此技能#[必定暴擊]。,,,,,,,
,,,,,,-,text,text,若沒有處於!B[劍芒]狀態，將獲得!B[劍芒]狀態。,,,,,,,
,,,,,,4,effect,weapon_atk,SLv+$shield_refining,%,,,,,,
,,,,,,,,duration,10,,,,,,,
,,,,,,,,name,劍芒,,,,,,,
,,,,,,,,condition,尚未持有此效果時,,,,,,,
,,,,,,-,extra,caption,再獲得振奮效果。,,,,,,,
,,,,,,,,condition,獲得狀態時,,,,,,,
,,,,,,,,branch,振奮,,,,,,,
,,,,,,3,heal,type,hp,,,,,,,
,,,,,,,,constant,1000,,,,,,,
,,,,,,,,extra_text,"角色基礎VIT, 盾牌def",,,,,,,
,,,,,,,,extra_value,2,,,,,,,
,,,,,,,,name,振奮,,,,,,,
,,,,,,-,text,text,僅限主手單手劍且非雙劍，此技能倍率將受!S[靈氣之刃]技能等級加成（被動效果）。,,,,,,,
,,,,,,,,is_mark,1,,,,,,,
,,,,,,-,stack,name,靈氣之刃技能等級,,,,,,,
,,,,,,,,id,1,,,,,,,
,,,,,,,,min,0,,,,,,,
,,,,,,,,max,10,,,,,,,
,,,,,,,,value,getSkillLevel('0-0-17'),,,,,,,
8,,非預設,單手劍,,,4,effect,weapon_atk,SLv,%,,,,,,
,,,,,,3,heal,extra_text,角色基礎VIT,,,,,,,
,,,,,,,,extra_value,2,,,,,,,
8,,非預設,雙手劍,,,1,,multiplier,SLv*75+$BSTR*1,,,,,,,
,,,,,,3,heal,extra_text,,,,,,,,
,,,,,,,,extra_value,,,,,,,,
,,,,,,4,effect,weapon_atk,SLv,%,,,,,,
8,,非預設,雙劍,,,1,,multiplier,SLv*75,,,,,,,
,,,,,,3,heal,extra_text,角色基礎VIT,,,,,,,
,,,,,,,,extra_value,2,,,,,,,
,,,,,,4,effect,weapon_atk,SLv,%,,,,,,
8,,歷史紀錄,0,2020/07/16,,1,,multiplier,SLv*75,,,,,,,
,,,,,,3,,extra_text,角色基礎VIT,,,,,,,
,,,,,,,,extra_value,2,,,,,,,
,,,,,,4,,weapon_atk,SLv,%,,,,,,
8,,歷史紀錄,1,2020/07/16,,1,,multiplier,SLv*75,,,,,,,
8,,歷史紀錄,0,2024/04/18,,1,,multiplier,SLv*75+$BDEX*0.5,,,,,,,
8,,歷史紀錄,1,2024/04/18,,1,,multiplier,SLv*75+$BDEX*0.5,,,,,,,
9,劍術要領,預設,單手劍,,,-,passive,atk,Math.floor((SLv-3)/5)+2,%,,,被動,,,
,,,,,,,,weapon_atk,3*SLv,%,,,,,,
9,,非預設,雙劍,,,,,,,,,,,,,
9,,非預設,雙手劍,,,,,,,,,,,,,
10,劍速提升,預設,單手劍,,,-,passive,aspd,10*SLv,,,,被動,,,
,,,,,,,,aspd,SLv,%,,,,,,
10,,非預設,雙劍,,,,,,,,,,,,,
10,,非預設,雙手劍,,,,,,,,,,,,,
11,大師級劍術,預設,單手劍,,,-,passive,total_damage_A.displayTitle,劍術技能中的攻擊技能，總傷害,,,,被動,,,
,,,,,,,,total_damage_A,2*SLv,,,,,,,
,,,,,,,,total_damage_A.conditionValue,$skill.id.startsWith('0-0-') && $skill.id != '0-0-3' && $skill.id != '0-0-21',,,,,,,
,,,,,,-,list,text,對!S[爆氣斬]與!S[風暴烈焰]無效。,,,,,,,
11,,非預設,雙劍,,,,,,,,,,,,,
11,,非預設,雙手劍,,,,,,,,,,,,,
12,戰吼,預設,單手劍,,,1,effect,type,party,,300,,瞬發,可以放入連擊,快,
,,,,,,,,atk,SLv,%,,,,,,
,,,,,,,,duration,65+SLv,,,,,,,
,,,,,,,,name,戰吼,,,,,,,
,,,,,,,,action_frame,61~37,,,,,,,
,,,,,,-,extra,caption,消除所有友方的#[畏懼]狀態。,,,,,,,
,,,,,,,,condition,施放成功後,,,,,,,
,,,,,,-,list,text,學習騎士精神中的騎士勇姿後，戰吼狀態追加一定機率抵抗#[畏懼]的效果，最大機率100%。,,,,,,,
,,,,,,,,skill,騎士勇姿,,,,,,,
,,,,,,-,list,text,不同玩家施放戰吼，狀態覆蓋的原則是：技能等級高者優先於技能等級低者；若技能等級相同，則持續時間較長者優先。,,,,,,,
,,,,,,,,mark,戰吼,,,,,,,
12,,非預設,雙劍,,,,,,,,,,,,,
12,,非預設,雙手劍,,,1,,atk,5+SLv,%,,,,,,
,,,,,,,,duration,15+SLv,,,,,,,
12,,非預設,,,,1,,duration,15+SLv,,,,,,,
13,狂戰士之怒,預設,單手劍,,,-,text,text,使自身狂暴化，並且一般攻擊獲得強化。,,500 ,,瞬發,可以放入連擊,快,
,,,,,,,,branch,狂暴化,,,,,,,
,,,,,,,,is_mark,1,,,,,,,
,,,,,,1,effect,name,狂暴化,,,,,,,
,,,,,,,,aspd,SLv*100,,,,,,,
,,,,,,,,aspd,SLv*10,%,,,,,,
,,,,,,,,critical_rate,SLv*2.5,,,,,,,
,,,,,,,,stability_main,-50+SLv*2.5,,,,,,,
,,,,,,,,def,-50+SLv/2,%,,,,,,
,,,,,,,,mdef,-50+SLv/2,%,,,,,,
,,,,,,,,duration,30,,,,,,,
,,,,,,,,action_frame,61~37,,,,,,,
,,,,,,-,extra,caption,狀態期間獲得斬擊強化。,,,,,,,
,,,,,,,,branch,斬擊強化,,,,,,,
,,,,,,2,extra,caption,使爆氣斬的狀態不會因為受到異常狀態而解除。,,,,,,,
,,,,,,,,skill,爆氣斬,,,,,,,
,,,,,,-,effect,normal_attack_multiplier,10*SLv,,,,,,,
,,,,,,,,condition,狀態期間,,,,,,,
,,,,,,,,name,斬擊強化,,,,,,,
13,,非預設,雙手劍,,,1,effect,critical_rate,SLv*5,,,,,,,
,,,,,,,,def,-100+SLv,%,,,,,,
,,,,,,,,mdef,-100+SLv,%,,,,,,
13,,非預設,雙劍,,,1,effect,def,-100+SLv,%,,,,,,
,,,,,,,,mdef,-100+SLv,%,,,,,,
13,,非預設,,,,1,effect,def,-100+SLv,%,,,,,,
,,,,,,,,mdef,-100+SLv,%,,,,,,
,,,,,,,,stability_main,-100+SLv*5,,,,,,,
,,,,,,,,duration,10,,,,,,,
,,,,,,2,,,,,,,,,,
14,快速蹴擊,預設,單手劍,,,1,proration,damage,normal_attack,,300 ,main,瞬發,可以放入連擊,快,
,,,,,,2,damage,constant,"Math.min(3*(SLv+1)*(SLv+1),300)",,,,,,,
,,,,,,,,multiplier,"Math.min(30+5*SLv,75)",,,,,,,
,,,,,,,,range_damage,1,,,,,,,
,,,,,,,,action_frame,61~37,,,,,,,
,,,,,,3,next,condition,技能等級10時,,,,,,,
,,,,,,,,caption,下一招技能#[MP消耗減半]。,,,,,,,
,,,,,,4,,,,,,,,,,
14,,非預設,雙手劍,,,,,,,,,,,,,
14,,非預設,雙劍,,,2,,ailment_name,翻覆,,200 ,,,,,
,,,,,,,,ailment_chance,10*SLv,,,,,,,
,,,,,,4,text,text,2020/10/22技能調整：雙劍可使用本技能。,,,,,,,
15,完封,預設,單手劍,,,1,text,text,對目標造成完封。若目標處於#[膽怯]/#[翻覆]/#[昏厥]任一狀態中，且未處於#[出血]，則完封將改為完全比賽。,,100 ,main,瞬發,可以放入連擊,一般,
,,,,,,,,is_mark,1,,,,,,,
,,,,,,,,mark,"完封,完全比賽",,,,,,,
,,,,,,-,proration,damage,physical,,,,,,,
,,,,,,2,damage,name,完封,,,,,,,
,,,,,,,,constant,100,,,,,,,
,,,,,,,,multiplier,500+$BDEX*0.5,,,,,,,
,,,,,,,,range_damage,1,,,,,,,
,,,,,,,,action_frame,122~66,,,,,,,
,,,,,,3,damage,name,完全比賽,,,,,,,
,,,,,,,,constant,100,,,,,,,
,,,,,,,,multiplier,1000+150*SLv+$BDEX,,,,,,,
,,,,,,,,range_damage,1,,,,,,,
,,,,,,,,ailment_name,出血,,,,,,,
,,,,,,,,ailment_chance,100,,,,,,,
,,,,,,5,extra,physical_pierce,300,~,,,,,,
,,,,,,-,list,text,本技能的出血狀態，持續10秒，抵抗10秒。,,,,,,,
,,,,,,4,,,,,,,,,,
,,,,,,-,tips,text,完封與完全比賽,,,,,,,
,,,,,,-,group,size,2,,,,,,,
,,,,,,-,reference,url,https://zh.wikipedia.org/wiki/%E5%AE%8C%E5%B0%81,,,,,,,
,,,,,,,,url_text,完封,,,,,,,
,,,,,,,,,,,,,,,,
,,,,,,-,reference,url,https://zh.wikipedia.org/wiki/%E5%AE%8C%E5%85%A8%E6%AF%94%E8%B3%BD,,,,,,,
,,,,,,,,url_text,完全比賽,,,,,,,
15,,非預設,雙手劍,,,2,,multiplier,500+100*SLv,,,,,,極慢,
,,,,,,,,action_frame,122~122,,,,,,,
,,,,,,3,,multiplier,1000+100*SLv,,,,,,,
,,,,,,4,list,text,雙手劍使用時，本技能不受行動速度影響。,,,,,,,
,,,,,,5,,,,,,,,,,
15,,非預設,雙劍,,,2,,constant,200,,,,,,,
,,,,,,,,multiplier,500+$BAGI*0.25,,,,,,,
,,,,,,3,,constant,200,,,,,,,
,,,,,,,,multiplier,1000+150*SLv+$BAGI*0.5,,,,,,,
,,,,,,5,,,,,,,,,,
,,,,,,,,,,,,,,,,
15,,歷史紀錄,0,2022/04/07,,2,,multiplier,500,,,,,,,
15,,歷史紀錄,0,2022/06/23,,-,text,text,變更異常狀態#[出血]對怪物的效果。,,,,,,,
15,,歷史紀錄,1,2022/06/23,,-,text,text,變更異常狀態#[出血]對怪物的效果。,,,,,,,
15,,歷史紀錄,2,2022/06/23,,-,text,text,"隨等級250開放，雙劍始可使用此技能。
變更異常狀態#[出血]對怪物的效果。",,,,,,,
16,月弧斬,預設,雙手劍,,,-,text,text,以月弧斬向上劈砍對象，並以月之刃追加攻擊。,,400 ,main,瞬發,可以放入連擊,稍快,
,,,,,,,,is_mark,1,,,,,,,
,,,,,,,,branch,"月弧斬, 月之刃",,,,,,,
,,,,,,-,proration,damage,physical,,,,,,,
,,,,,,-,damage,name,月弧斬,,,,,,,
,,,,,,,,constant,400,,,,,,,
,,,,,,,,multiplier,1000,,,,,,,
,,,,,,,,range_damage,1,,,,,,,
,,,,,,,,mark,"月弧斬, 月之刃",,,,,,,
,,,,,,,,action_frame,92~52,,,,,,,
,,,,,,-,space,#,,,,,,,,
,,,,,,-,proration,damage,physical,,,,,,,
,,,,,,,,proration,none,,,,,,,
,,,,,,-,damage,name,月之刃,,,,,,,
,,,,,,,,constant,$BINT/2,,,,,,,
,,,,,,,,multiplier,$STR*0.1*SLv,,,,,,,
,,,,,,,,ailment_name,疲勞,,,,,,,
,,,,,,,,ailment_chance,6*SLv,,,,,,,
,,,,,,,,range_damage,1,,,,,,,
,,,,,,1,text,text,雙手劍使用後，將累積月之刃層數。該層數會在其他攻擊技能命中敵人時，進行月之刃(追擊)。,,,,,,,
,,,,,,,,is_mark,1,,,,,,,
,,,,,,,,mark,"其他攻擊技能,月之刃層數,月之刃(追擊)",,,,,,,
,,,,,,-,list,text,至少能獲得1層月之刃層數。當置於連擊中且非起始技時，給予的月之刃層數變為((#[連擊位置]-1))層。,,,,,,,
,,,,,,,,mark,"月之刃層數,月之刃(追擊)",,,,,,,
,,,,,,-,list,text,月之刃層數最高可累積9層，每次發動月之刃(追擊)時消耗一層。,,,,,,,
,,,,,,,,mark,"月之刃層數,月之刃(追擊)",,,,,,,
,,,,,,-,list,text,與傷害段數無關，每個技能對單個目標最多造成一次追擊；當目標被其他技能擊殺時，月之刃不會追擊；若是範圍技能命中多個目標，則每次追擊均會扣減層數。,,,,,,,
,,,,,,,,mark,"月之刃層數, 月之刃",,,,,,,
,,,,,,-,proration,damage,physical,,,,,,,
,,,,,,,,proration,none,,,,,,,
,,,,,,-,damage,name,月之刃(追擊),,,,,,,
,,,,,,,,constant,$BINT,,,,,,,
,,,,,,,,multiplier,$STR*0.1*SLv,,,,,,,
,,,,,,,,combo_rate,0,,,,,,,
,,,,,,,,range_damage,1,,,,,,,
,,,,,,-,extra,caption,此傷害的暴擊率為((${10*SLv}+角色CRT))%，不受裝備或其他狀態影響（但會受怪物的抵抗暴擊能力影響）。,,,,,,,
,,,,,,-,extra,caption,此傷害不受連擊效果影響。,,,,,,,
16,,非預設,單手劍,,,1,text,text,（以下效果僅限雙手劍）使用後，將累積月之刃層數。該層數會在其他攻擊技能命中敵人時，進行月之刃(追擊)。,,,,,,,
17,靈氣之刃,預設,單手劍,,,-,text,text,以靈氣之刃向周圍斬擊，並獲得靈氣狀態。,,200 ,-,瞬發,可以放入連擊,慢,
,,,,,,,,is_mark,1,,,,,,,
,,,,,,,,branch,"靈氣之刃, 靈氣",,,,,,,
,,,,,,-,proration,damage,physical,,,,,,,
,,,,,,1,damage,name,靈氣之刃,,,,,,,
,,,,,,,,constant,200,,,,,,,
,,,,,,,,multiplier,500+100*SLv,,,,,,,
,,,,,,,,type,AOE,,,,,,,
,,,,,,,,radius,3.5,,,,,,,
,,,,,,,,end_position,self,,,,,,,
,,,,,,,,frequency,2,,,,,,,
,,,,,,,,range_damage,1,,,,,,,
,,,,,,,,action_frame,182~97,,,,,,,
,,,,,,2,effect,name,靈氣,,,,,,,
,,,,,,,,additional_meele,10*SLv,,,,,,,
,,,,,,,,duration,40,,,,,,,
,,,,,,3,extra,total_damage_B,20,,,,,,,
,,,,,,,,,,,,,,,,
,,,,,,,,condition,所有技能,,,,,,,
,,,,,,4,extra,caption,延長此狀態效果10秒,,,,,,,
,,,,,,,,condition,獲得破壞之刃的劍芒狀態時,,,,,,,
,,,,,,-,list,text,靈氣效果對本技能自身無效。,,,,,,,
,,,,,,5,,,,,,,,,,
,,,,,,6,text,text,（僅限單手劍、雙劍除外）習得此技能後，獲得破壞之刃的被動威力提升效果。效果量為:技能倍率+${20*SLv+$BDEX*0.5}%。,,,,,,,
,,,,,,,,skill,破壞之刃,,,,,,,
,,,,,,,,is_mark,1,,,,,,,
17,,非預設,雙劍,,,3,,total_damage_B,10,,,,,,,
,,,,,,,,condition,下一招技能,,,,,,,
,,,,,,2,,end_condition,直到下一招技能,,,,,,,
,,,,,,4,,,,,,,,,,
,,,,,,5,list,text,使用任意技能後，即使不是攻擊技能，靈氣狀態都會消失。,,,,,,,
,,,,,,6,,,,,,,,,,
17,,非預設,雙手劍,,,1,,frequency,1,,,,,,,
,,,,,,2,,additional_meele,"Math.max(0,10*SLv-50)",,,,,,,
,,,,,,,,end_condition,直到下一招技能,,,,,,,
,,,,,,3,,total_damage_B,30,,,,,,,
,,,,,,,,condition,下一招技能,,,,,,,
,,,,,,4,,,,,,,,,,
,,,,,,5,list,text,使用任意技能後，即使不是攻擊技能，靈氣狀態都會消失。,,,,,,,
,,,,,,6,,,,,,,,,,
17,,歷史紀錄,0,2024/04/18,,-,text,text,增加單手劍限定的被動效果。,,,,,,,
,,,,,,6,,text,無此效果,,,,,,,
18,劍斗,預設/and,單手劍,盾牌,,1,effect,name,劍斗,,0 ,,瞬發,不可放入連擊的第一招,快,
,,,,,,,,end_condition,${SLv}次,,,,,,,
,,,,,,,,duration,10,,,,,,,
,,,,,,,,caption,受到的傷害減輕${SLv*2}%，減傷的同時回復((總攻擊MP回復×${SLv/10}))的MP。,,,,,,,
,,,,,,,,action_frame,61~37,,,,,,,
,,,,,,-,extra,condition,持續時間結束時,,,,,,,
,,,,,,,,caption,若減傷次數尚有剩餘，回復((剩餘次數×10))的MP。,,,,,,,
,,,,,,2,,,,,,,,,,
18,,非預設,單手劍,,,1,,caption,受到的傷害減輕${SLv}%，減傷的同時回復((總攻擊MP回復×${SLv/10}))的MP。,,,,,,,
18,,非預設,雙劍,,,1,,caption,受到的傷害減輕${SLv*2}%，減傷的同時回復((總攻擊MP回復×${SLv/40}))的MP。,,,,,,,
,,,,,,2,tips,text,注意，雙劍的總攻擊MP回復是普通的兩倍。請看#[雙劍特性說明]。,,,,,,,
18,,非預設,雙手劍,,,1,,caption,受到的傷害減輕${SLv*2}%，減傷的同時回復((總攻擊MP回復×${75*SLv/1000}))的MP。,,,,,,,
18,,歷史紀錄,0,2025/04/24,,1,,caption,受到的傷害減輕${SLv}%，減傷的同時回復((總攻擊MP回復×${SLv/10}))的MP。,,,,,,,
19,錘擊,預設,雙手劍,,,-,proration,damage,physical,,100 ,main,瞬發,可以放入連擊,快,
,,,,,,-,damage,name,錘擊,,,,,,,
,,,,,,,,constant,100,,,,,,,
,,,,,,,,multiplier,100+5*SLv+$VIT+$BSTR*0.2,,,,,,,
,,,,,,,,radius,3,,,,,,,
,,,,,,,,type,AOE,,,,,,,
,,,,,,,,range_damage,1,,,,,,,
,,,,,,-,extra,condition,對處於#[控制類異常]的目標,,,,,,,
,,,,,,,,caption,此傷害#[必定暴擊]。,,,,,,,
,,,,,,-,extra,condition,連續使用此技能時,,,,,,,
,,,,,,,,caption,MP消耗變為0、使慣性類型變為一般攻擊、無法於連擊開頭使用。,,,,,,,
,,,,,,-,list,text,使用任意技能，都會使MP消耗為0的狀態中斷。,,,,,,,
20,橫斬披靡,預設,雙手劍,,,-,text,text,以自身為中心施展橫斬披靡，捲入越多敵人時威力越強，並能回復MP。,,300 ,main,瞬發,可以放入連擊,稍快,
,,,,,,,,is_mark,1,,,,,,,
,,,,,,,,mark,橫斬披靡,,,,,,,
,,,,,,-,proration,damage,physical,,,,,,,
,,,,,,-,damage,name,橫斬披靡,,,,,,,
,,,,,,,,constant,150+15*SLv+$VIT,,,,,,,
,,,,,,,,multiplier,150+10*SLv+$STR*0.5*extra[0],,,,,,,
,,,,,,,,type,AOE,,,,,,,
,,,,,,,,radius,3,,,,,,,
,,,,,,,,end_position,self,,,,,,,
,,,,,,,,range_damage,1,,,,,,,
,,,,,,-,formula_extra,texts,(命中的敵人數量-1),,,,,,,
,,,,,,-,extra,caption,MP回復((100×(命中的敵人數量-1) )),,,,,,,
,,,,,,,,condition,命中多個敵人時,,,,,,,
,,,,,,-,list,text,公式中的命中敵人數量，最大為4。,,,,,,,
,,,,,,-,list,text,回復的MP量不可超過施展時的實際消費MP。,,,,,,,
,,,,,,,,mark,實際消費MP,,,,,,,
21,風暴烈焰,預設,雙手劍,,,-,text,text,習得此技能後，每次一般攻擊命中都會累積風之力層數。發動此技能時，消耗風之力層數提高技能倍率、攻擊範圍、MP回復量。,,200 ,16 ,瞬發,可以放入連擊,稍快,
,,,,,,,,is_mark,1,,,,,,,
,,,,,,,,mark,風之力層數,,,,,,,
,,,,,,-,list,text,風之力層數的上限為((10+角色基礎DEX÷25))，單次技能最多消耗10層。,,,,,,,
,,,,,,,,mark,風之力層數,,,,,,,
,,,,,,-,list,text,爆氣斬的一般攻擊動作可以增加2層風之力層數。,,,,,,,
,,,,,,,,mark,風之力層數,,,,,,,
,,,,,,,,skill,爆氣斬,,,,,,,
,,,,,,-,list,text,錘擊在消耗MP為0時也可以提升風之力層數（一次技能+1層，與命中數無關）。,,,,,,,
,,,,,,,,skill,錘擊,,,,,,,
,,,,,,,,mark,風之力層數,,,,,,,
,,,,,,-,list,text,至少要有一層風之力層數才能施展本技能，否則會白白浪費MP。,,,,,,,
,,,,,,,,mark,風之力層數,,,,,,,
,,,,,,-,stack,id,1,,,,,,,
,,,,,,,,min,1,,,,,,,
,,,,,,,,max,10,,,,,,,
,,,,,,,,name,風之力層數,,,,,,,
,,,,,,,,default,1,,,,,,,
,,,,,,-,proration,damage,physical,,,,,,,
,,,,,,-,damage,name,風暴烈焰,,,,,,,
,,,,,,,,constant,100+10*SLv+$VIT,,,,,,,
,,,,,,,,multiplier,(50+5*SLv)*stack,,,,,,,
,,,,,,,,stack_id,1,,,,,,,
,,,,,,,,type,AOE,,,,,,,
,,,,,,,,effective_area,line,,,,,,,
,,,,,,,,radius,2+0.4*stack,,,,,,,
,,,,,,,,move_distance,16,,,,,,,
,,,,,,,,range_damage,1,,,,,,,
,,,,,,-,extra,caption,MP回復${3*stack*stack},,,,,,,
,,,,,,,,,,,,,,,,
,,,,,,-,list,text,此技能傷害不受大師級劍術影響。,,,,,,,
,,,,,,,,skill,大師級劍術,,,,,,,
22,守護之刃,預設,雙手劍,,,-,text,text,自身獲得守護之刃狀態，強化自身的防禦能力。,,,300 ,瞬發,可以放入連擊,快,
,,,,,,,,is_mark,1,,,,,,,
,,,,,,,,mark,守護之刃,,,,,,,
,,,,,,-,effect,name,守護之刃,,,,,,,
,,,,,,,,duration,70,,,,,,,
,,,,,,,,physical_resistance,SLv,,,,,,,
,,,,,,,,magic_resistance,SLv,,,,,,,
,,,,,,,,,,,,,,,,
,,,,,,-,extra,condition,新獲得狀態時（覆蓋狀態不算）,,,,,,,
,,,,,,,,caption,當前阻擋力回復((${2.5*SLv}+角色總VIT×0.1))%。,,,,,,,
,,,,,,-,extra,caption,使武器精煉值如同防具精煉值般作用（即所有傷害減輕((武器精煉值))%）,,,,,,,
,,,,,,,,mark,武器精煉值,,,,,,,
,,,,,,-,extra,caption,使該次傷害附帶的#[控制類異常]無效化。,,,,,,,
,,,,,,,,condition,發生精準阻擋時,,,,,,,
,,,,,,-,list,text,當阻擋力歸零，此狀態將立即結束，並且在阻擋功能可用之前將無法再次使用本技能。,,,,,,,
,,,,,,-,list,text,#[控制類異常]無效化的效果，對紅字異常亦適用。,,,,,,,
23,魔怪斬,預設,雙手劍,,,-,text,text,對目標進行魔怪斬，並在目標當前位置腳下放置鬼力，鬼力會在4秒後對範圍內敵人造成鬼力爆發傷害。,,500 ,main,瞬發,可以放入連擊,稍慢,
,,,,,,,,is_mark,1,,,,,,,
,,,,,,,,mark,"鬼力爆發,魔怪斬",,,,,,,
,,,,,,-,list,text,鬼力為可疊層狀態，最高可累積20層，單次技能最多消耗10層。,,,,,,,
,,,,,,,,mark,鬼力,,,,,,,
,,,,,,-,list,text,進入戰鬥時，會立即獲得${Math.floor(SLv/2)}鬼力層數，此外每次進行以下行動都會使層數+1：踩到攻擊警告範圍、受到傷害、精準阻擋成功。,,,,,,,
,,,,,,,,mark,鬼力,,,,,,,
,,,,,,-,stack,id,1,,,,,,,
,,,,,,,,min,0,,,,,,,
,,,,,,,,max,10,,,,,,,
,,,,,,,,name,消耗鬼力層數,,,,,,,
,,,,,,,,default,10,,,,,,,
,,,,,,-,proration,damage,physical,,,,,,,
,,,,,,-,damage,name,魔怪斬,,,,,,,
,,,,,,,,constant,$DEX,,,,,,,
,,,,,,,,multiplier,$BSTR+$BVIT,,,,,,,
,,,,,,,,range_damage,1,,,,,,,
,,,,,,-,damage,name,鬼力爆發,,,,,,,
,,,,,,,,constant,500,,,,,,,
,,,,,,,,multiplier,200*stack,,,,,,,
,,,,,,,,range_damage,1,,,,,,,
,,,,,,,,stack_id,1,,,,,,,
,,,,,,,,radius,2,,,,,,,
,,,,,,,,type,AOE,,,,,,,
,,,,,,-,extra,physical_pierce,SLv*stack,,,,,,,
,,,,,,-,extra,condition,動作期間,,,,,,,
,,,,,,,,caption,免疫#[控制類異常]。,,,,,,,
,,,,,,-,list,text,算上此技能的加成，角色物理貫穿超出100的部分會提升魔怪斬(第一段傷害)的倍率：每1點物理貫穿使魔怪斬的傷害倍率+1。,,,,,,,
,,,,,,,,mark,"物理貫穿,魔怪斬",,,,,,,
,,,,,,-,text,text,魔怪斬施展後，獲得鬼力附身效果。,,,,,,,
,,,,,,,,mark,"鬼力附身,魔怪斬",,,,,,,
,,,,,,,,is_mark,1,,,,,,,
,,,,,,1,effect,name,鬼力附身,,,,,,,
,,,,,,,,duration,10+5*SLv,,,,,,,
,,,,,,,,caption,每次消耗MP都將回復HP，回復量為((消費MP量的平方÷100))。,,,,,,,
,,,,,,,,stack_id,1,,,,,,,
,,,,,,-,extra,condition,強化爆氣斬,,,,,,,
,,,,,,,,caption,所有傷害倍率變為2倍、並附帶${stack*SLv}%的物理貫穿、DEF/MDEF懲罰減半。,,,,,,,
,,,,,,-,extra,condition,狂戰士之怒狀態,,,,,,,
,,,,,,,,caption,穩定率下降效果減半（例如-25%變成-12%）。,,,,,,,
,,,,,,-,list,text,雖然鬼力爆發傷害在第一段許久後才造成，但計算傷害公式中的慣性值時，兩者取值相同。,,,,,,,
,,,,,,,,,,,,,,,,
23,,歷史紀錄,0,2025/04/23,,1,,duration,3+2*SLv,,,,,,,
,,,,,,,,,,,,,,,,
,,,,,,,,,,,,,,,,
,,,,,,,,,,,,,,,,
1,1,射擊技能,,,,,,,,,,,,,,
0,威力射擊,預設,弓,,,-,proration,damage,physical,,100,16,須蓄力,可以放入連擊,,6.5-Math.floor(SLv/2)*0.5
,,,,,,1,damage,constant,50+8*SLv,,,,,,,
,,,,,,,,multiplier,125+5*SLv,,,,,,,
,,,,,,,,ailment_name,翻覆,,,,,,,
,,,,,,,,ailment_chance,60+Math.floor((SLv-1)/3)*10,,,,,,,
,,,,,,,,range_damage,1,,,,,,,
,,,,,,,,action_frame,66~45,,,,,,,
,,,,,,-,extra,condition,目標處於#[遲緩]狀態時,,,,,,,
,,,,,,,,critical_rate,5*SLv,,,,,,,
,,,,,,-,list,text,此技能蓄力速度不受詠唱速度影響。,,,,,,,
0,,非預設,弩,,,1,,ailment_chance,-20+Math.floor((SLv-1)/3)*10,,,,,,,5.5-Math.floor(SLv/2)*0.5
0,,非預設,,箭矢,,1,,ailment_chance,20+Math.floor((SLv-1)/3)*10,,,,,,,
1,渦輪射擊,預設,弓,,,-,text,text,對目標進行三次射擊，每一擊附帶的物理貫穿將越來越高。,,200,12,瞬發,可以放入連擊,,
,,,,,,,,is_mark,1,,,,,,,
,,,,,,-,proration,damage,physical,,,,,,,
,,,,,,1,damage,constant,30+SLv*4,,,,,,,
,,,,,,,,multiplier,50+SLv*5,,,,,,,
,,,,,,,,multiplier.registlet,5*RLv,,,,,,,
,,,,,,,,frequency,3,,,,,,,
,,,,,,,,title,each,,,,,,,
,,,,,,,,range_damage,1,,,,,,,
,,,,,,,,action_frame,92~52,,,,,,,
,,,,,,2,extra,physical_pierce,4*SLv,,,,,,,
,,,,,,,,condition,第二擊,,,,,,,
,,,,,,3,extra,physical_pierce,8*SLv,,,,,,,
,,,,,,,,condition,第三擊,,,,,,,
1,,非預設,弩,,,1,,multiplier,25+SLv*5,,,,,,,
,,,,,,2,,physical_pierce,10+4*SLv,,,,,,,
,,,,,,3,,physical_pierce,20+8*SLv,,,,,,,
1,,非預設,,箭矢,,1,,multiplier,25+SLv*5,,,,,,,
2,弱點狙擊,預設,弓,,,-,proration,damage,physical,,400,16,須蓄力,可以放入連擊,,5-Math.floor((SLv-1)*0.5)
,,,,,,1,damage,constant,300+SLv*10,,,,,,,
,,,,,,,,multiplier,900+SLv*10,,,,,,,
,,,,,,,,ailment_name,降防,,,,,,,
,,,,,,,,ailment_chance,80+SLv*2,,,,,,,
,,,,,,,,range_damage,1,,,,,,,
,,,,,,,,action_frame,66~41,,,,,,,
,,,,,,2,extra,caption,此傷害#[必定命中]。,,,,,,,
,,,,,,,,condition,目標處於#[盲目]狀態時,,,,,,,
,,,,,,3,extra,critical_rate,-10+SLv,~,,,,,,
,,,,,,-,list,text,此技能蓄力速度不受詠唱速度影響。,,,,,,,
2,,非預設,弩,,,1,,multiplier,1000+SLv*10,,,,,,,4.5-Math.floor((SLv-1)*0.5)
,,,,,,,,ailment_chance,"Math.max(0,-10+SLv*2)",,,,,,,
,,,,,,3,,critical_rate,-25,~,,,,,,
,,,,,,,,stability,20,,,,,,,
2,,非預設,,箭矢,,1,,multiplier,700+SLv*10,,,,,,,
,,,,,,,,ailment_chance,50+SLv*2,,,,,,,
,,,,,,3,,critical_rate,-25,~,,,,,,
2,,歷史紀錄,1,2020/07/16,,-,text,text,增加效果：此技能傷害穩定率提升。,,,,,,,
,,,,,,3,,stability,0,,,,,,,
3,箭雨,預設,弓,,,-,proration,damage,physical,,300,12,瞬發,可以放入連擊,,
,,,,,,1,damage,constant,60+Math.floor((SLv-1)/2)*10,,,,,,,
,,,,,,,,multiplier,100+Math.floor(SLv/2)*6,,,,,,,
,,,,,,,,type,AOE,,,,,,,
,,,,,,,,radius,4,,,,,,,
,,,,,,,,frequency,2+Math.floor(SLv/3)*2,,,,,,,
,,,,,,,,frequency.registlet,RLv*2,,,,,,,
,,,,,,,,duration,1+Math.floor(SLv/3),,,,,,,
,,,,,,,,duration.registlet,RLv,,,,,,,
,,,,,,,,judgment,separate,,,,,,,
,,,,,,,,title,each,,,,,,,
,,,,,,,,is_place,1,,,,,,,
,,,,,,,,cycle,0.5,,,,,,,
,,,,,,,,range_damage,0,,,,,,,
,,,,,,,,action_frame,122~66,,,,,,,
3,,非預設,弩,,,1,,multiplier,170+Math.floor(SLv/2)*6,,,,,,,
,,,,,,,,radius,2,,,,,,,
,,,,,,,,frequency,1+Math.floor(SLv/3),,,,,,,
,,,,,,,,cycle,1,,,,,,,
,,,,,,,,frequency.registlet,RLv,,,,,,,
,,,,,,,,duration.registlet,RLv/2,,,,,,,
3,,非預設,,箭矢,,1,,radius,2,,,,,,,
,,,,,,,,frequency,1+Math.floor(SLv/3),,,,,,,
,,,,,,,,cycle,1,,,,,,,
,,,,,,,,frequency.registlet,RLv,,,,,,,
,,,,,,,,duration.registlet,RLv/2,,,,,,,
4,交叉火線,預設,弓,,,-,text,text,施放完畢後，若未處於充能狀態，將會獲得充能狀態。若已處於充能且充能層數大於0層，將會進行全彈發射。,,400,12,瞬發,可以放入連擊,,
,,,,,,,,branch,"充能層數, 充能 ,全彈發射",,,,,,,
,,,,,,,,is_mark,1,,,,,,,
,,,,,,-,effect,name,充能,,,,,,,
,,,,,,,,caption,使下次使用交叉火線時，MP消耗變為0，並結束該狀態。,,,,,,,
,,,,,,,,mark,交叉火線,,,,,,,
,,,,,,,,condition,未處於充能狀態,,,,,,,
,,,,,,,,is_mark,1,,,,,,,
,,,,,,,,action_frame,122~66,,,,,,,
,,,,,,-,text,text,充能層數將在發動後1/3/8/18/35秒時增加。受到任何傷害或充能達最大層數時，充能將會停止。,,,,,,,
,,,,,,,,mark,充能,,,,,,,
,,,,,,-,group,size,1,,,,,,,
,,,,,,-,tips,text,充能期間角色手上會出現一顆橘色的小球，若小球變成紅色表示充能已停止。,,,,,,,
,,,,,,-,stack,id,1,,,,,,,
,,,,,,,,min,1,,,,,,,
,,,,,,,,max,Math.floor((SLv-1)/3)+2,,,,,,,
,,,,,,,,name,充能層數,,,,,,,
,,,,,,-,effect,name,全彈發射,,,,,,,
,,,,,,,,condition,充能狀態層數大於0,,,,,,,
,,,,,,,,caption,朝向目標發射主彈，並接著發射${stack-1}次的追加子彈。如果場上存在分身射手創造的分身，分身將同時發射分身火線。,,,,,,,
,,,,,,,,branch,"主彈, 追加子彈, 分身火線",,,,,,,
,,,,,,,,skill,分身射手,,,,,,,
,,,,,,,,stack_id,1,,,,,,,
,,,,,,,,is_mark,1,,,,,,,
,,,,,,-,text,text,技能傷害,,,,,,,
,,,,,,,,icon,potum,,,,,,,
,,,,,,-,group,size,4,,,,,,,
,,,,,,,,expansion_default,1,,,,,,,
,,,,,,-,proration,damage,physical,,,,,,,
,,,,,,1,damage,name,主彈傷害,,,,,,,
,,,,,,,,constant,300+10*SLv,,,,,,,
,,,,,,,,multiplier,(450+50*SLv)*stack+$BDEX*0.2*stack,,,,,,,
,,,,,,,,type,AOE,,,,,,,
,,,,,,,,effective_area,line,,,,,,,
,,,,,,,,radius,2,,,,,,,
,,,,,,,,move_distance,100,,,,,,,
,,,,,,,,,,,,,,,,
,,,,,,,,stack_id,1,,,,,,,
,,,,,,,,range_damage,1,,,,,,,
,,,,,,,,action_frame,92~52,,,,,,,
,,,,,,,,,,,,,,,,
,,,,,,,,,,,,,,,,
,,,,,,,,,,,,,,,,
,,,,,,2,damage,name,追加子彈傷害,,,,,,,
,,,,,,,,frequency,stack-1,,,,,,,
,,,,,,,,constant,300+10*SLv,,,,,,,
,,,,,,,,multiplier,200,,,,,,,
,,,,,,,,type,single,,,,,,,
,,,,,,,,title,each,,,,,,,
,,,,,,,,judgment,separate,,,,,,,
,,,,,,,,stack_id,1,,,,,,,
,,,,,,,,range_damage,0,,,,,,,
,,,,,,,,skill_long_range,0,,,,,,,
,,,,,,4,,,,,,,,,,
,,,,,,3,damage,name,分身火線,,,,,,,
,,,,,,,,constant,60+2*SLv,,,,,,,
,,,,,,,,multiplier,(80+10*SLv)*stack,,,,,,,
,,,,,,,,stack_id,1,,,,,,,
,,,,,,,,range_damage,1,,,,,,,
,,,,,,-,list,text,若充能未達1秒就受到傷害，充能狀態將直接結束。,,,,,,,
,,,,,,-,list,text,若充能未達1秒就再次使用本技能，狀態會直接結束且不造成傷害，角色頭上將會冒出問號。,,,,,,,
,,,,,,-,list,text,使用斬釘截鐵成功格檔傷害時，充能將不會停止。,,,,,,,
,,,,,,,,skill,斬釘截鐵,,,,,,,
,,,,,,-,list,text,此技能射程在系統上視為![100]m，但實際上，對於超出![24]m的怪物，須先使其在活躍狀態下(有顯示血條)才能造成傷害。,,,,,,,
,,,,,,-,list,text,此技能的傷害將同時受「充能」及「發射」，兩者的連擊效果影響，但同樣的連擊效果無法重覆作用。並且，最終連擊傷害倍率不會超過![150%]。,,,,,,,
,,,,,,-,tips,text,例如，充能時受到「補位-60%」、「增幅+50%」連擊效果，而發射時受到「增幅+50%」連擊效果，則連擊倍率是「1-60%+50%+0%（增幅效果重複）」，即90%，而非140%。,,,,,,,
,,,,,,-,list,text,當技能效果為「充能」時，此技能被視為狀態類技能，故部分連擊效果無法生效。,,,,,,,
,,,,,,-,tips,text,目前已確認：#[吸血]的吸血效果、#[心眼]，放在「充能」連擊中無效；吸血的血氣效果、#[增幅]有效。,,,,,,,
,,,,,,-,list,text,分身火線的傷害僅受交叉火線之連擊效果影響，分身射手之連擊效果不影響。,,,,,,,
,,,,,,,,mark,"分身火線, 交叉火線",,,,,,,
,,,,,,,,skill,分身射手,,,,,,,
,,,,,,-,list,text,此技能不受匿蹤技能影響。<br>強打、近、遠距離威力提升、遠程狙擊可影響主彈與分身子彈傷害，但追加子彈不受影響。,,,,,,,
,,,,,,,,skill,"遠程狙擊, 匿蹤, 強打",,,,,,,
,,,,,,,,mark,"主彈, 追加子彈, 分身子彈",,,,,,,
,,,,,,,,,,,,,,,,
4,,非預設,弩,,,1,,multiplier,(400+50*SLv)*stack,,,,,,,
,,,,,,,,radius,1,,,,,,,
,,,,,,2,,multiplier,300,,,,,,,
,,,,,,4,extra,physical_pierce,$BDEX*0.1,,,,,,,
4,,歷史紀錄,0,2020/07/16,,-,text,text,主彈傷害提升、主彈與分身子彈受距離威力及相關技能加成影響。,,,,,,,
,,,,,,1,,range_damage,0,,,,,,,
,,,,,,,,multiplier,(500+50*SLv)*stack,,,,,,,
,,,,,,3,,range_damage,0,,,,,,,
4,,歷史紀錄,1,2020/07/16,,-,text,text,追加子彈附帶物理貫穿、主彈與分身子彈受距離威力及相關技能加成影響。,,,,,,,
,,,,,,1,,range_damage,0,,,,,,,
,,,,,,3,,range_damage,0,,,,,,,
,,,,,,4,,physical_pierce,0,,,,,,,
,,,,,,,,,,,,,,,,
5,黏液射擊,預設,弓,,,-,text,text,對目標施展黏液射擊。若本次攻擊可成功對目標造成異常狀態，技能效果獲得強化。,,100,14,瞬發,可以放入連擊,,
,,,,,,,,is_mark,1,,,,,,,
,,,,,,,,branch,黏液射擊,,,,,,,
,,,,,,-,proration,damage,physical,,,,,,,
,,,,,,1,damage,constant,50+SLv*5,,,,,,,
,,,,,,,,multiplier,100+SLv*5,,,,,,,
,,,,,,,,ailment_name,遲緩,,,,,,,
,,,,,,,,ailment_chance,80+SLv*2,,,,,,,
,,,,,,,,element,water,,,,,,,
,,,,,,,,range_damage,1,,,,,,,
,,,,,,,,name,黏液射擊,,,,,,,
,,,,,,,,dual_element,arrow,,,,,,,
,,,,,,,,action_frame,61~37,,,,,,,
,,,,,,,,,,,,,,,,
,,,,,,2,damage,name,黏液射擊（強化）,,,,,,,
,,,,,,,,constant,50+SLv*5,,,,,,,
,,,,,,,,multiplier,150+SLv*5+$BDEX,,,,,,,
,,,,,,,,ailment_name,遲緩,,,,,,,
,,,,,,,,ailment_chance,80+SLv*2,,,,,,,
,,,,,,,,element,water,,,,,,,
,,,,,,,,range_damage,1,,,,,,,
,,,,,,,,dual_element,arrow,,,,,,,
,,,,,,,,action_frame,61~37,,,,,,,
5,,非預設,弩,,,1,,multiplier,150+SLv*5,,,,,,,
,,,,,,,,ailment_chance,20+SLv*2,,,,,,,
,,,,,,2,,multiplier,200+SLv*5+$BDEX,,,,,,,
,,,,,,,,ailment_chance,20+SLv*2,,,,,,,
5,,非預設,,箭矢,,1,,ailment_chance,50+SLv*2,,,,,,,
,,,,,,2,,ailment_chance,50+SLv*2,,,,,,,
5,,歷史紀錄,1,2020/07/16,,-,text,text,新增「造成異常狀態時追加傷害加成」的效果。,,,,,,,
5,,歷史紀錄,2,2020/07/16,,-,text,text,新增「造成異常狀態時追加傷害加成」的效果。,,,,,,,
,,,,,,,,,,,,,,,,
6,麻痺射擊,預設/and,弓,箭矢,,-,text,text,對目標施展麻痺射擊，成功命中後一定時間內提升自己的穩定率。若本次攻擊可成功對目標造成異常狀態，技能效果獲得強化。,,300,14,瞬發,可以放入連擊,,
,,,,,,,,is_mark,1,,,,,,,
,,,,,,,,branch,麻痺射擊,,,,,,,
,,,,,,-,proration,damage,physical,,,,,,,
,,,,,,1,damage,constant,100+SLv*20,,,,,,,
,,,,,,,,multiplier,210+SLv*5,,,,,,,
,,,,,,,,ailment_name,麻痺,,,,,,,
,,,,,,,,ailment_chance,90+SLv*2,,,,,,,
,,,,,,,,element,wind,,,,,,,
,,,,,,,,range_damage,1,,,,,,,
,,,,,,,,name,麻痺射擊,,,,,,,
,,,,,,,,dual_element,arrow,,,,,,,
,,,,,,,,action_frame,61~37,,,,,,,
,,,,,,,,,,,,,,,,
,,,,,,2,damage,constant,100+SLv*20,,,,,,,
,,,,,,,,multiplier,310+SLv*5+$BDEX,,,,,,,
,,,,,,,,ailment_name,麻痺,,,,,,,
,,,,,,,,ailment_chance,90+SLv*2,,,,,,,
,,,,,,,,element,wind,,,,,,,
,,,,,,,,range_damage,1,,,,,,,
,,,,,,,,name,麻痺射擊（強化）,,,,,,,
,,,,,,,,dual_element,arrow,,,,,,,
,,,,,,,,action_frame,61~37,,,,,,,
,,,,,,,,,,,,,,,,
,,,,,,-,effect,stability,SLv,,,,,,,
,,,,,,,,condition,hit,,,,,,,
,,,,,,,,duration,10,,,,,,,
,,,,,,,,duration.registlet,RLv,,,,,,,
6,,非預設,弓,,,1,,ailment_chance,70+SLv*2,,,,,,,
,,,,,,2,,ailment_chance,70+SLv*2,,,,,,,
6,,非預設,弩,,,1,,multiplier,260+SLv*5,,,,,,,
,,,,,,,,ailment_chance,30+SLv*2,,,,,,,
,,,,,,2,,multiplier,360+SLv*5+$BDEX,,,,,,,
,,,,,,,,ailment_chance,30+SLv*2,,,,,,,
6,,非預設,,箭矢,,1,,multiplier,110+SLv*5,,,,,,,
,,,,,,,,ailment_chance,70+SLv*2,,,,,,,
,,,,,,2,,multiplier,210+SLv*5+$BDEX,,,,,,,
,,,,,,,,ailment_chance,70+SLv*2,,,,,,,
6,,歷史紀錄,0,2020/07/16,,-,text,text,新增「造成異常狀態時追加傷害加成」的效果。,,,,,,,
6,,歷史紀錄,1,2020/07/16,,-,text,text,新增「造成異常狀態時追加傷害加成」的效果。,,,,,,,
6,,歷史紀錄,2,2020/07/16,,-,text,text,新增「造成異常狀態時追加傷害加成」的效果。,,,,,,,
6,,歷史紀錄,0,2025/04/24,,1,,ailment_chance,70+SLv*2,,,,,,,
,,,,,,2,,ailment_chance,70+SLv*2,,,,,,,
6,,歷史紀錄,3,2025/04/24,,1,,ailment_chance,50+SLv*2,,,,,,,
,,,,,,2,,ailment_chance,50+SLv*2,,,,,,,
,,,,,,,,,,,,,,,,
,,,,,,,,,,,,,,,,
7,煙霧彈,預設/and,弓,箭矢,,-,text,text,對目標施展煙霧彈，成功命中後一定時間內提升自己的命中。若本次攻擊可成功對目標造成異常狀態，技能效果獲得強化。,,500,14,瞬發,可以放入連擊,,
,,,,,,,,is_mark,1,,,,,,,
,,,,,,,,branch,煙霧彈,,,,,,,
,,,,,,-,proration,damage,physical,,,,,,,
,,,,,,1,damage,constant,200+SLv*30,,,,,,,
,,,,,,,,multiplier,320+SLv*5,,,,,,,
,,,,,,,,ailment_name,盲目,,,,,,,
,,,,,,,,ailment_chance,90+SLv*2,,,,,,,
,,,,,,,,element,dark,,,,,,,
,,,,,,,,range_damage,1,,,,,,,
,,,,,,,,name,煙霧彈,,,,,,,
,,,,,,,,dual_element,arrow,,,,,,,
,,,,,,,,action_frame,61~37,,,,,,,
,,,,,,,,,,,,,,,,
,,,,,,2,damage,constant,200+SLv*30,,,,,,,
,,,,,,,,multiplier,520+SLv*5+$BDEX,,,,,,,
,,,,,,,,ailment_name,盲目,,,,,,,
,,,,,,,,ailment_chance,90+SLv*2,,,,,,,
,,,,,,,,element,dark,,,,,,,
,,,,,,,,range_damage,1,,,,,,,
,,,,,,,,name,煙霧彈（強化）,,,,,,,
,,,,,,,,dual_element,arrow,,,,,,,
,,,,,,,,action_frame,61~37,,,,,,,
,,,,,,-,effect,accuracy,Math.floor(SLv*SLv/2)+SLv*5,,,,,,,
,,,,,,,,condition,hit,,,,,,,
,,,,,,,,duration,10,,,,,,,
,,,,,,,,duration.registlet,RLv,,,,,,,
7,,非預設,弓,,,1,,ailment_chance,70+SLv*2,,,,,,,
,,,,,,2,,ailment_chance,70+SLv*2,,,,,,,
,,,,,,,,,,,,,,,,
7,,非預設,弩,,,1,,multiplier,370+SLv*5,,,,,,,
,,,,,,,,ailment_chance,30+SLv*2,,,,,,,
,,,,,,2,,multiplier,570+SLv*5+$BDEX,,,,,,,
,,,,,,,,ailment_chance,30+SLv*2,,,,,,,
7,,非預設,,箭矢,,1,,multiplier,120+SLv*5,,,,,,,
,,,,,,,,ailment_chance,70+SLv*2,,,,,,,
,,,,,,2,,multiplier,320+SLv*5+$BDEX,,,,,,,
,,,,,,,,ailment_chance,70+SLv*2,,,,,,,
7,,歷史紀錄,0,2020/07/16,,-,text,text,新增「造成異常狀態時追加傷害加成」的效果。,,,,,,,
7,,歷史紀錄,1,2020/07/16,,-,text,text,新增「造成異常狀態時追加傷害加成」的效果。,,,,,,,
7,,歷史紀錄,2,2020/07/16,,-,text,text,新增「造成異常狀態時追加傷害加成」的效果。,,,,,,,
7,,歷史紀錄,0,2025/04/24,,1,,ailment_chance,70+SLv*2,,,,,,,
,,,,,,2,,ailment_chance,70+SLv*2,,,,,,,
7,,歷史紀錄,3,2025/04/24,,1,,ailment_chance,50+SLv*2,,,,,,,
,,,,,,2,,ailment_chance,50+SLv*2,,,,,,,
,,,,,,,,,,,,,,,,
8,斷腕擊,預設/and,弓,箭矢,,-,text,text,對目標進行斷腕擊。若本次攻擊可成功對目標造成異常狀態，技能效果獲得強化。,,700,14,瞬發,可以放入連擊,,
,,,,,,,,is_mark,1,,,,,,,
,,,,,,,,branch,斷腕擊,,,,,,,
,,,,,,-,proration,damage,physical,,,,,,,
,,,,,,1,damage,constant,300+SLv*40,,,,,,,
,,,,,,,,multiplier,600+SLv*5,,,,,,,
,,,,,,,,ailment_name,乏力,,,,,,,
,,,,,,,,ailment_chance,90+SLv*2,,,,,,,
,,,,,,,,element,neutral,,,,,,,
,,,,,,,,range_damage,1,,,,,,,
,,,,,,,,name,斷腕擊,,,,,,,
,,,,,,,,dual_element,arrow,,,,,,,
,,,,,,,,action_frame,61~37,,,,,,,
,,,,,,,,,,,,,,,,
,,,,,,2,damage,constant,300+SLv*40,,,,,,,
,,,,,,,,multiplier,730+SLv*5+$BDEX,,,,,,,
,,,,,,,,ailment_name,乏力,,,,,,,
,,,,,,,,ailment_chance,90+SLv*2,,,,,,,
,,,,,,,,element,neutral,,,,,,,
,,,,,,,,range_damage,1,,,,,,,
,,,,,,,,name,斷腕擊（強化）,,,,,,,
,,,,,,,,dual_element,arrow,,,,,,,
,,,,,,,,action_frame,61~37,,,,,,,
,,,,,,,,,,,,,,,,
8,,非預設,弓,,,1,,ailment_chance,70+SLv*2,,,,,,,
,,,,,,2,,ailment_chance,70+SLv*2,,,,,,,
8,,非預設,弩,,,1,,multiplier,650+SLv*5,,,,,,,
,,,,,,,,ailment_chance,30+SLv*2,,,,,,,
,,,,,,2,,multiplier,780+SLv*5+$BDEX,,,,,,,
,,,,,,,,ailment_chance,30+SLv*2,,,,,,,
8,,非預設,,箭矢,,1,,multiplier,300+SLv*5,,,,,,,
,,,,,,,,ailment_chance,70+SLv*2,,,,,,,
,,,,,,2,,multiplier,430+SLv*5+$BDEX,,,,,,,
,,,,,,,,ailment_chance,70+SLv*2,,,,,,,
8,,歷史紀錄,0,2020/07/16,,-,text,text,新增「造成異常狀態時追加傷害加成」的效果。,,,,,,,
8,,歷史紀錄,1,2020/07/16,,-,text,text,新增「造成異常狀態時追加傷害加成」的效果。,,,,,,,
8,,歷史紀錄,2,2020/07/16,,-,text,text,新增「造成異常狀態時追加傷害加成」的效果。,,,,,,,
8,,歷史紀錄,0,2025/04/24,,1,,ailment_chance,70+SLv*2,,,,,,,
,,,,,,2,,ailment_chance,70+SLv*2,,,,,,,
8,,歷史紀錄,3,2025/04/24,,1,,ailment_chance,50+SLv*2,,,,,,,
,,,,,,2,,ailment_chance,50+SLv*2,,,,,,,
9,射擊要領,預設,弓,,,-,passive,atk,Math.floor((SLv-3)/5)+2,%,,,被動,,,
,,,,,,,,weapon_atk,SLv*3,%,,,,,,
9,,非預設,弩,,,,,,,,,,,,,
10,匿蹤,預設,弓,,,1,effect,caption,之後發動的${SLv}次攻擊不會產生仇恨值。,,200,,瞬發,可以放入連擊,,
,,,,,,,,is_mark,1,,,,,,,
,,,,,,-,tips,text,攻擊：包含一般攻擊或任何攻擊技能。,,,,,,,
,,,,,,-,list,text,分身射手的攻擊不會消耗匿蹤次數。,,,,,,,
,,,,,,,,skill,分身射手,,,,,,,
,,,,,,-,list,text,無法消除任何非攻擊技能的仇恨。例如治癒類、狀態類或光環類技能。,,,,,,,
10,,非預設,弩,,,1,effect,caption,之後發動的${SLv}次攻擊不會產生仇恨值。,,200,,,,,
10,,非預設,,,,1,effect,caption,之後發動的${SLv}次攻擊不會產生仇恨值。,,400,,,,,
11,遠程狙擊,預設,,,,-,passive,total_damage_A.displayTitle,最大射程大於等於8m的攻擊技能，總傷害,,,,被動,,,
,,,,,,,,total_damage_A,SLv,,,,,,,
,,,,,,,,total_damage_A.conditionValue,$branch.prop('skill_long_range') != '0' && ($branch.prop('skill_long_range') == '1' || $skill.range >= 8),,,,,,,
,,,,,,,,is_mark,1,,,,,,,
,,,,,,-,list,text,是否受到加成僅與該技能的最大射程有關，與發動時與目標的距離無關。,,,,,,,
,,,,,,,,mark,最大射程,,,,,,,
,,,,,,1,list,text,在本站中，除非有特別說明，否則受距離威力影響的傷害即表示享受此技能效果，反之同理。,,,,,,,
,,,,,,,,,,,,,,,,
12,回氣,預設,,,,-,passive,caption,在有實際消耗MP的技能施放完畢後，有${2.5*SLv}%機率恢復100MP。,,,,被動,,,
,,,,,,,,is_mark,1,,,,,,,
,,,,,,-,list,text,只有「需鎖定目標」的技能才能觸發回氣。,,,,,,,
,,,,,,,,mark,回氣,,,,,,,
,,,,,,-,tips,text,多數的攻擊技能，與少數狀態類技能，如分身射手、急速後閃可以觸發。而其他狀態類技能則無法觸發回氣。,,,,,,,
,,,,,,,,skill,"分身射手, 急速後閃",,,,,,,
,,,,,,-,tips,text,本站中，若技能基礎資料未顯示「射程」一項，即表示此技能不需鎖定目標。,,,,,,,
,,,,,,,,mark,「射程」,,,,,,,
,,,,,,-,list,text,設置型技能若觸發回氣效果，需等到設置狀態完全消失後才回復MP。,,,,,,,
,,,,,,,,mark,回氣,,,,,,,
,,,,,,-,list,text,因為連擊效果，或技能本身的MP實際消耗為0時，將不會發動回氣。,,,,,,,
,,,,,,,,mark,回氣,,,,,,,
13,分身射手,預設,弓,,,-,effect,duration,10+Math.floor(SLv*SLv/2),,400 ,-,須蓄力,可以放入連擊,一般,1
,,,,,,,,duration.registlet,"-5-Math.floor(SLv*SLv/2)/2*Math.min(RLv,1)",,,,,,,
,,,,,,,,caption,創造一分身射手於自身前方2m處。,,,,,,,
,,,,,,,,mark,分身射手,,,,,,,
,,,,,,,,is_mark,1,,,,,,,
,,,,,,,,action_frame,116~66,,,,,,,
,,,,,,-,list,text,「釋放分身」的動作時間，通常不受行動速度的影響。但可利用橫掃千軍或連擊效果「迅速」，達到行動速度50%。,,,,,,,
,,,,,,,,skill,橫掃千軍,,,,,,,
,,,,,,-,list,text,分身射手無法移動，僅會自動對射程內的鎖定目標持續發動分身攻擊。自第二次攻擊開始，將使分身射手和角色進入蓄能狀態；當主手武器不為弓或弩，分身射手受範圍攻擊（例如紅圈、地刺）擊中時，會停止攻擊1秒。,,,,,,,
,,,,,,,,mark,分身射手,,,,,,,
,,,,,,,,branch,"分身攻擊, 蓄能",,,,,,,
,,,,,,-,proration,damage,normal_attack,,,,,,,
,,,,,,,,proration,none,,,,,,,
,,,,,,-,damage,name,分身攻擊,,,,,,,
,,,,,,,,multiplier,20+8*SLv,,,,,,,
,,,,,,,,multiplier.registlet,RLv*10,,,,,,,
,,,,,,,,range_damage,0,,,,,,,
,,,,,,,,unsheathe_damage,unused,,,,,,,
,,,,,,,,,,,,,,,,
,,,,,,-,effect,name,蓄能,,,,,,,
,,,,,,,,type,none,,,,,,,
,,,,,,,,attack_mp_recovery,100,%,,,,,,
,,,,,,,,condition,觸發後、角色進行一般攻擊前,,,,,,,
,,,,,,,,,,,,,,,,
,,,,,,-,list,text,蓄能的加成以基礎攻擊MP回復計算，技能、裝備、藥水等等加成不被影響。,,,,,,,
,,,,,,,,mark,蓄能,,,,,,,
,,,,,,-,list,text,蓄能狀態期間，角色的第一下一般攻擊將保有蓄能效果，但角色及分身射手的蓄能狀態會立即消失。意即分身射手必須再攻擊一次後，方可重新獲得蓄能狀態。,,,,,,,
,,,,,,,,branch,蓄能,,,,,,,
,,,,,,-,tips,text,分身射手效果補充,,,,,,,
,,,,,,,,icon,potum,,,,,,,
,,,,,,-,group,size,2,,,,,,,
,,,,,,-,list,text,分身射手的攻擊動作及射程與施放當下角色所裝備的武器相同，且不受強射影響。,,,,,,,
,,,,,,,,skill,強射,,,,,,,
,,,,,,,,mark,施放當下,,,,,,,
,,,,,,-,list,text,分身射手的攻擊速度、仇恨值增減，與技能施放當下的角色相同。,,,,,,,
,,,,,,,,mark,施放當下,,,,,,,
,,,,,,-,list,text,分身射手的攻擊力、攻擊MP恢復、暴擊率、穩定率，與角色當前數值同步改變。,,,,,,,
,,,,,,,,mark,當前數值,,,,,,,
,,,,,,-,list,text,分身攻擊的傷害會受連擊的效果影響。例如補位、增幅。,,,,,,,
,,,,,,,,mark,分身攻擊,,,,,,,
,,,,,,-,list,text,但「一般攻擊傷害提升」的效果，不會影響分身攻擊的傷害。,,,,,,,
,,,,,,,,mark,分身攻擊,,,,,,,
,,,,,,-,list,text,分身攻擊將會觸發攻擊MP恢復、產生仇恨值、觸發#[猛毒]的扣血效果，但不會產生慣性。,,,,,,,
,,,,,,,,mark,分身攻擊,,,,,,,
,,,,,,-,list,text,裝備雙劍時，分身射手一樣會享有兩倍的攻擊MP恢復。不過其有效ATK只受主手武器影響。,,,,,,,
,,,,,,-,list,text,若施放分身射手時角色有明鏡止水、懲戒之槍等「下一招技能暴擊增加」的效果，此效果會增加分身攻擊本身的暴擊率，即使狀態消失效果依然存在。,,,,,,,
,,,,,,,,skill,"明鏡止水, 懲戒之槍",,,,,,,
,,,,,,,,mark,分身攻擊,,,,,,,
,,,,,,-,list,text,分身射手存在期間，即使角色不處於戰鬥，HP及MP的自然回復也不會發動。,,,,,,,
,,,,,,-,list,text,蓄能狀態的觸發，與自身攻擊速度及技能等級有關，詳情可見資料參考連結。,,,,,,,
,,,,,,,,branch,蓄能,,,,,,,
,,,,,,-,reference,url,https://www.taptap.com/topic/5175975,,,,,,,
,,,,,,,,url_text,關於分身增加攻回測試,,,,,,,
13,,非預設,弩,,,,,,,,,,,,,
13,,非預設,,,,,,,,,,,,,,
13,,歷史紀錄,2,2019/06/24,,-,text,text,追加「分身被範圍攻擊命中時暈眩1秒」的負面效果。,,,,,,,
14,破滅射擊,預設,弓,,,-,text,text,高暴擊率、低命中率的攻擊。,,200 ,14 ,瞬發,可以放入連擊,一般,
,,,,,,,,is_mark,1,,,,,,,
,,,,,,-,proration,damage,physical,,,,,,,
,,,,,,-,damage,constant,200,,,,,,,
,,,,,,,,multiplier,500+SLv*10+$STR*0.5+$DEX*0.5,,,,,,,
,,,,,,,,range_damage,1,,,,,,,
,,,,,,,,action_frame,122~66,,,,,,,
,,,,,,-,extra,critical_rate,40,,,,,,,
,,,,,,,,accuracy,0,,,,,,,
,,,,,,-,extra,caption,白圈時間+${Math.floor(SLv/2)}秒。,,,,,,,
,,,,,,,,condition,若出現部位破壞的白圈,,,,,,,
,,,,,,-,list,text,延長部位破壞白圈時間的效果，必須要確實命中才能發動。,,,,,,,
,,,,,,,,mark,確實命中,,,,,,,
,,,,,,-,tips,text,被閃躲、擦傷等等，均無法發動此效果。,,,,,,,
,,,,,,-,list,text,連續使用此技能，部位破壞的白圈時間可以繼續累加。,,,,,,,
,,,,,,-,list,text,暴擊率增加量為估計值。,,,,,,,
,,,,,,-,tips,text,資料尚未完整。,,,,,,,
14,,非預設,弩,,,,,,,,,,,,,
15,征服者,預設/and,弓,拔刀劍,,6,text,text,對小範圍內施展強力的一擊，若範圍內有多個敵人，威力將會分散。但若自身處於#[著火]狀態，發動該技能時解除著火、並使此傷害#[必定命中]、威力不受敵人數量分散。,,1200 ,8 ,瞬發,可以放入連擊,,
,,,,,,,,is_mark,1,,,,,,,
,,,,,,,,mark,過熱,,,,,,,
,,,,,,,,skill,雙暴風,,,,,,,
,,,,,,-,proration,damage,physical,,,,,,,
,,,,,,1,damage,constant,1200,,,,,,,
,,,,,,,,multiplier,500+100*SLv+$BDEX,,,,,,,
,,,,,,,,range_damage,both,,,,,,,
,,,,,,,,type,AOE,,,,,,,
,,,,,,,,effective_area,line,,,,,,,
,,,,,,,,radius,0.5,,,,,,,
,,,,,,,,move_distance,8,,,,,,,
,,,,,,,,name,征服者,,,,,,,
,,,,,,,,action_frame,122~66,,,,,,,
,,,,,,-,extra,caption,範圍內有多個敵人時，此技能傷害除以範圍內敵人的數量。,,,,,,,
,,,,,,4,extra,caption,與目標距離為![3m]或以下時，有100%的機率無視目標的#[閃躲][閃躲（怪物）]與#[阻擋][阻擋（怪物）]。與目標距離高於![3m]時，每多1m，此機率下降20%。,,,,,,,
,,,,,,3,damage,constant,1200,,,,,,,
,,,,,,,,multiplier,500+100*SLv+$BDEX,,,,,,,
,,,,,,,,range_damage,both,,,,,,,
,,,,,,,,type,AOE,,,,,,,
,,,,,,,,effective_area,line,,,,,,,
,,,,,,,,radius,0.5,,,,,,,
,,,,,,,,move_distance,8,,,,,,,
,,,,,,,,name,征服者（自身著火時）,,,,,,,
,,,,,,,,action_frame,122~66,,,,,,,
,,,,,,-,extra,caption,此傷害#[必定命中]。,,,,,,,
,,,,,,-,extra,caption,解除自身的著火狀態。,,,,,,,
,,,,,,5,extra,caption,與目標距離為![3m]或以下時，有100%的機率無視目標的#[閃躲][閃躲（怪物）]與#[阻擋][阻擋（怪物）]。與目標距離高於![3m]時，每多1m，此機率下降20%。,,,,,,,
,,,,,,2,,,,,,,,,,
15,,非預設,弓,,,,,,,,,,,,,
15,,非預設/and,弩,魔導具,,1,,multiplier,500+100*SLv+$BINT,,,,,,,
,,,,,,3,,multiplier,500+100*SLv+$BINT,,,,,,,
,,,,,,2,extra,caption,消耗5層過熱，此傷害變為2倍、並回復600MP。,,,,,,,
,,,,,,,,condition,若過熱層數大於5,,,,,,,
,,,,,,,,mark,過熱,,,,,,,
,,,,,,6,text,text,對小範圍內施展強力的一擊，若範圍內有多個敵人，威力將會分散。但若自身處於#[著火]狀態，發動該技能時解除著火、並使此傷害#[必定命中]、威力不受敵人數量分散。若處於雙暴風過熱狀態中，消耗5過熱層數，使本次傷害翻倍。,,,,,,,
15,,非預設/and,弩,小刀,,1,,type,single,,,,,,,
,,,,,,,,effective_area,,,,,,,,
,,,,,,,,radius,,,,,,,,
,,,,,,,,move_distance,,,,,,,,
,,,,,,3,,type,single,,,,,,,
,,,,,,,,effective_area,,,,,,,,
,,,,,,,,radius,,,,,,,,
,,,,,,,,move_distance,,,,,,,,
,,,,,,2,extra,caption,消耗5層過熱，此傷害變為2倍、並回復600MP。,,,,,,,
,,,,,,,,condition,若過熱層數大於5,,,,,,,
,,,,,,,,mark,過熱,,,,,,,
,,,,,,6,text,text,對小範圍內施展強力的一擊，若範圍內有多個敵人，威力將會分散。但若自身處於#[著火]狀態，發動該技能時解除著火、並使此傷害#[必定命中]、威力不受敵人數量分散。若處於雙暴風過熱狀態中，消耗5過熱層數，使本次傷害翻倍。,,,,,,,
15,,非預設/and,弩,,,2,extra,caption,消耗5層過熱，此傷害變為2倍、並回復600MP。,,,,,,,
,,,,,,,,condition,若過熱層數大於5,,,,,,,
,,,,,,,,mark,過熱,,,,,,,
,,,,,,6,text,text,對小範圍內施展強力的一擊，若範圍內有多個敵人，威力將會分散。但若自身處於#[著火]狀態，發動該技能時解除著火、並使此傷害#[必定命中]、威力不受敵人數量分散。若處於雙暴風過熱狀態中，消耗5過熱層數，使本次傷害翻倍。,,,,,,,
15,,歷史紀錄,4,2022/07/14,,2,,caption,縮短彈盡狀態的時間${Math.floor((SLv+1)/2)}秒，並使此傷害變為2倍。,,,,,,,
,,,,,,1,,multiplier,500+50*SLv+$BDEX*0.5,,,,,,,
,,,,,,3,,multiplier,500+50*SLv+$BDEX*0.5,,,,,,,
15,,歷史紀錄,2,2022/07/14,,2,,caption,縮短彈盡狀態的時間${Math.floor((SLv+1)/2)}秒，並使此傷害變為2倍。,,,,,,,
,,,,,,1,,multiplier,500+50*SLv+$BDEX*0.5,,,,,,,
,,,,,,,,constant,1200,,,,,,,
,,,,,,3,,multiplier,500+50*SLv+$BDEX*0.5,,,,,,,
,,,,,,,,constant,1200,,,,,,,
15,,歷史紀錄,1,2022/07/14,,1,,multiplier,500+50*SLv+$BDEX*0.5,,,,,,,
,,,,,,2,,,,,,,,,,
,,,,,,3,,multiplier,500+50*SLv+$BDEX*0.5,,,,,,,
15,,歷史紀錄,0,2022/07/14,,1,,multiplier,500+50*SLv+$BDEX*0.5,,,,,,,
,,,,,,3,,multiplier,500+50*SLv+$BDEX*0.5,,,,,,,
15,,歷史紀錄,0,2023/11/09,,1,,move_distance,7,,,,,,,
,,,,,,,,range_damage,1,,,,,,,
,,,,,,3,,move_distance,7,,,,,,,
,,,,,,,,range_damage,1,,,,,,,
,,,,,,139,basic,range,7,,,,,,,
15,,歷史紀錄,1,2023/11/09,,1,,move_distance,7,,,,,,,
,,,,,,,,range_damage,1,,,,,,,
,,,,,,3,,move_distance,7,,,,,,,
,,,,,,,,range_damage,1,,,,,,,
,,,,,,139,basic,range,7,,,,,,,
15,,歷史紀錄,2,2023/11/09,,1,,move_distance,7,,,,,,,
,,,,,,,,range_damage,1,,,,,,,
,,,,,,3,,move_distance,7,,,,,,,
,,,,,,,,range_damage,1,,,,,,,
,,,,,,139,basic,range,7,,,,,,,
15,,歷史紀錄,4,2023/11/09,,1,,move_distance,7,,,,,,,
,,,,,,,,range_damage,1,,,,,,,
,,,,,,3,,move_distance,7,,,,,,,
,,,,,,,,range_damage,1,,,,,,,
,,,,,,139,basic,range,7,,,,,,,
15,,歷史紀錄,0,2025/08/28,,1,,constant,600,,,,,,,
,,,,,,,,multiplier,500+100*SLv,,,,,,,
,,,,,,3,,constant,600,,,,,,,
,,,,,,,,multiplier,500+100*SLv,,,,,,,
,,,,,,4,extra,caption,無此效果,,,,,,,
,,,,,,5,extra,caption,無此效果,,,,,,,
15,,歷史紀錄,1,2025/08/28,,1,,constant,600,,,,,,,
,,,,,,,,multiplier,500+100*SLv,,,,,,,
,,,,,,3,,constant,600,,,,,,,
,,,,,,,,multiplier,500+100*SLv,,,,,,,
,,,,,,4,extra,caption,無此效果,,,,,,,
,,,,,,5,extra,caption,無此效果,,,,,,,
15,,歷史紀錄,2,2025/08/28,,1,,constant,600,,,,,,,
,,,,,,,,multiplier,500+100*SLv+$BINT*0.5,,,,,,,
,,,,,,3,,constant,600,,,,,,,
,,,,,,,,multiplier,500+100*SLv+$BINT*0.5,,,,,,,
,,,,,,4,extra,caption,無此效果,,,,,,,
,,,,,,5,extra,caption,無此效果,,,,,,,
,,,,,,2,,caption,解除彈盡狀態，並使此傷害變為2倍。,,,,,,,
,,,,,,,,condition,處於彈盡狀態時,,,,,,,
15,,歷史紀錄,4,2025/08/28,,4,extra,caption,無此效果,,,,,,,
,,,,,,5,extra,caption,無此效果,,,,,,,
,,,,,,2,,caption,解除彈盡狀態，並使此傷害變為2倍。,,,,,,,
,,,,,,,,condition,處於彈盡狀態時,,,,,,,
15,,歷史紀錄,3,2025/08/28,,-,text,text,新增副手小刀的特殊效果(範圍攻擊變單體攻擊)，其餘改動參考弩+箭改動。,,,,,,,
16,雙暴風,預設/and,弩,箭矢,,1,text,text,使用雙弩射擊，並給予過熱的效果，隨著過熱層數增加，普通攻擊、射擊技能和獵人技能的威力將會增加，並降低穩定度，無法與其他改變普攻動作類的技能並存。,,200 ,,瞬發,無法放入連擊,,
,,,,,,,,is_mark,1,,,,,,,
,,,,,,,,mark,"過熱層數,過熱,射擊技能,獵人技能",,,,,,,
,,,,,,,,branch,"過熱,雙弩射擊",,,,,,,
,,,,,,-,stack,name,過熱層數,,,,,,,
,,,,,,,,id,1,,,,,,,
,,,,,,,,min,0,,,,,,,
,,,,,,,,max,99,,,,,,,
,,,,,,,,default,30,,,,,,,
,,,,,,,,step,15,,,,,,,
,,,,,,,,branch,"雙弩射擊,雙弩",,,,,,,
,,,,,,-,tips,text,"每疊1層所需普攻次數：0-30層，1次；31-45層，2次；46-60層，3次；61層以上,4次",,,,,,,
,,,,,,2,effect,name,過熱,,,,,,,
,,,,,,,,movement_speed,50,,,,,,,
,,,,,,,,attack_mp_recovery,100,~,,,,,,
,,,,,,,,aspd,100*SLv,,,,,,,
,,,,,,,,total_damage_B.displayTitle,特定技能樹的最終傷害,,,,,,,
,,,,,,,,total_damage_B,"[0,10,20,30][Math.floor(stack/25)]",,,,,,,
,,,,,,,,total_damage_B.conditionValue,$skill.id.startsWith('0-1-') && $skill.id.startsWith('1-4-'),,,,,,,
,,,,,,,,stability,"Math.min(0,Math.floor((stack-31)/10)*-10)",,,,,,,
,,,,,,,,stack_id,1,,,,,,,
,,,,,,,,action_frame,40~20,,,,,,,
,,,,,,3,extra,caption,狀態期間，一般攻擊變化為雙弩射擊。,,,,,,,
,,,,,,,,branch,雙弩射擊,,,,,,,
,,,,,,-,proration,damage,normal_attack,,,,,,,
,,,,,,4,damage,name,雙弩射擊,,,,,,,
,,,,,,,,constant,0,~,,,,,,
,,,,,,,,multiplier,"100+(90+20*Math.min(4,Math.floor((stack-1)/15)))*SLv",,,,,,,
,,,,,,,,frequency,2,,,,,,,
,,,,,,,,,,,,,,,,
,,,,,,,,range_damage,1,,,,,,,
,,,,,,,,stack_id,1,,,,,,,
,,,,,,,,,,,,,,,,
,,,,,,,,action_frame,40~20,,,,,,,
,,,,,,5,,,,,,,,,,
,,,,,,10,,,,,,,,,,
,,,,,,11,,,,,,,,,,
,,,,,,12,,,,,,,,,,
,,,,,,,,,,,,,,,,
,,,,,,-,list,text,雙弩射擊可以享受一般攻擊傷害提升的效果，效果將直接疊加在技能倍率上。,,,,,,,
,,,,,,,,mark,雙弩射擊,,,,,,,
,,,,,,-,list,text,此技能效果期間當攻擊距離不足時依然可以使用強射，傷害改以強射公式做計算。,,,,,,,
,,,,,,,,skill,強射,,,,,,,
,,,,,,-,list,text,自身陷入#[昏厥]、#[冰凍]、#[出血]時，過熱層數-15。,,,,,,,
,,,,,,-,list,text,此外，陷入#[冰凍]時無法提升過熱層數、#[出血]時無法施展雙弩射擊。,,,,,,,
,,,,,,,,mark,"雙弩射擊,過熱層數",,,,,,,
16,,非預設/and,弩,魔導具,,4,,constant,$BINT*0.5,,,,,,,
,,,,,,5,base,type,both,,,,,,,
,,,,,,,,,,,,,,,,
16,,非預設/and,弩,小刀,,4,,range_damage,both,,,,,,,
16,,非預設,弩,,,,,,,,,,,,,
,,,,,,,,,,,,,,,,
16,,歷史紀錄,0,2025/08/28,,-,text,text,技能效果全改，原本僅是強化普通攻擊的狀態技能。,,,,,,,
,,,,,,1,text,text,使出雙弩，強化接下來${15+3*SLv}次一般攻擊。若MP為滿，則會進一步強化傷害，狀態結束後進入${20-SLv}秒的彈盡狀態。無法與其他改變普攻動作類的技能並存。,,,,,,,
,,,,,,,,branch,"雙弩, 彈盡",,,,,,,
,,,,,,2,effect,name,雙弩,,,,,,,
,,,,,,,,total_damage_B.displayTitle,,,,,,,,
,,,,,,,,total_damage_B,,,,,,,,
,,,,,,,,total_damage_B.conditionValue,,,,,,,,
,,,,,,,,stability,,,,,,,,
,,,,,,3,extra,caption,使接下來${15+3*SLv}次一般攻擊變化為雙弩射擊。,,,,,,,
,,,,,,,,branch,雙弩射擊,,,,,,,
,,,,,,4,damage,name,雙弩射擊,,,,,,,
,,,,,,,,constant,0,,,,,,,
,,,,,,,,multiplier,200,,,,,,,
,,,,,,,,frequency,2,,,,,,,
,,,,,,,,title,normal,,,,,,,
,,,,,,,,,,,,,,,,
,,,,,,10,extra,condition,自身MP全滿時,,,,,,,
,,,,,,,,caption,此傷害獲得強化，改為發動雙弩射擊(全力)。,,,,,,,
,,,,,,,,mark,雙弩射擊(全力),,,,,,,
,,,,,,11,damage,name,雙弩射擊(全力),,,,,,,
,,,,,,,,constant,$BDEX*0.5,,,,,,,
,,,,,,,,multiplier,500+50*SLv,,,,,,,
,,,,,,,,frequency,2,,,,,,,
,,,,,,,,title,normal,,,,,,,
,,,,,,,,combo_rate,0,,,,,,,
,,,,,,,,range_damage,1,,,,,,,
,,,,,,,,action_frame,40~20,,,,,,,
,,,,,,12,effect,name,彈盡,,,,,,,
,,,,,,,,condition,none,,,,,,,
,,,,,,,,duration,20-SLv,,,,,,,
,,,,,,,,normal_attack_multiplier,-100+SLv,,,,,,,
,,,,,,,,attack_mp_recovery,-100+SLv*5,,,,,,,
,,,,,,,,,,,,,,,,
17,退身擊,預設,弓,,,1,text,text,"後退5m並對前方直線範圍進行攻擊，並會給命中的敵人中HP最多者附加${10+SLv*2}秒的印記。
若發動時朝正面按下移動鍵，不發生後退。",,300 ,12 ,瞬發,可以放入連擊,稍快,
,,,,,,,,is_mark,1,,,,,,,
,,,,,,-,list,text,印記的效果：降低目標迴避率${($STR+$DEX)*0.04}%。<br>當目標被印記的賦予者使用射擊或狩獵技能命中時，產生印記追擊，每造成一個傷害數字即進行一次追擊。,,,,,,,
,,,,,,,,branch,印記追擊,,,,,,,
,,,,,,,,mark,"射擊,狩獵",,,,,,,
,,,,,,-,proration,damage,physical,,,,,,,
,,,,,,-,damage,constant,300,,,,,,,
,,,,,,,,multiplier,500+SLv*50+$BDEX*1,,,,,,,
,,,,,,,,range_damage,1,,,,,,,
,,,,,,,,type,AOE,,,,,,,
,,,,,,,,effective_area,line,,,,,,,
,,,,,,,,radius,2.5,,,,,,,
,,,,,,,,move_distance,24,,,,,,,
,,,,,,,,name,退身擊,,,,,,,
,,,,,,,,action_frame,52~52,,,,,,,
,,,,,,2,extra,condition,"""後退""的動作期間",,,,,,,
,,,,,,,,caption,可將一次傷害變為0。,,,,,,,
,,,,,,,,is_mark,1,,,,,,,
,,,,,,,,,,,,,,,,
,,,,,,,,,,,,,,,,
,,,,,,-,list,text,此減傷效果可避免交叉火線的疊層中斷，但其餘技能不受影響，如神速掌握、勇氣泉源等，也無法避免被施加異常狀態。,,,,,,,
,,,,,,,,skill,"交叉火線,神速掌握,勇氣泉源",,,,,,,
,,,,,,-,list,text,此技能動作時間不受行動速度影響。,,,,,,,
,,,,,,-,list,text,取消後退時，此技能動作時間變為66幀。,,,,,,,
,,,,,,-,list,text,取消後退時，仍然能發動將傷害變為0的效果，判定的有效時間與未取消後退時的時長一致。,,,,,,,
,,,,,,-,space,#,,,,,,,,
,,,,,,4,proration,damage,physical,,,,,,,
,,,,,,,,proration,none,,,,,,,
,,,,,,-,damage,name,印記追擊,,,,,,,
,,,,,,,,constant,0,,,,,,,
,,,,,,,,multiplier.display,100,,,,,,,
,,,,,,,,multiplier,100+($DEX*0.01*SLv)*extra[0],,,,,,,
,,,,,,,,range_damage,1,,,,,,,
,,,,,,,,skill_long_range,0,,,,,,,
,,,,,,,,combo_rate,0,,,,,,,
,,,,,,-,extra,condition,每造成一次印記追擊,,,,,,,
,,,,,,,,caption,下次印記追擊的技能倍率提高${$DEX*0.01*SLv}，此效果最多獲得${Math.floor((SLv-1)/3)+2}層。,,,,,,,
,,,,,,-,extra,physical_pierce,50,,,,,,,
,,,,,,,,condition,此傷害的,,,,,,,
,,,,,,-,extra,caption,此傷害不受連擊效果影響。,,,,,,,
,,,,,,-,formula_extra,texts,印記追擊層數,,,,,,,
,,,,,,,,values.0.min,0,,,,,,,
,,,,,,,,values.0.max,Math.floor((SLv-1)/3)+2,,,,,,,
,,,,,,-,list,text,印記追擊雖然受距離威力影響，但不享受遠程狙擊效果。,,,,,,,
,,,,,,,,skill,遠程狙擊,,,,,,,
,,,,,,-,reference,url,https://forum.gamer.com.tw/Co.php?bsn=28271&sn=43239,,,,,,,
,,,,,,,,url_text,印記的降迴避公式出處,,,,,,,
,,,,,,,,,,,,,,,,
,,,,,,,,,,,,,,,,
17,,歷史紀錄,0,2022/07/14,,1,text,text,"後退4m並對前方直線範圍進行攻擊，並會給命中的敵人中HP最多者附加${10+SLv*2}秒的印記。
無取消後退的效果。",,,,,,,
,,,,,,2,extra,condition,後退期間,,,,,,,
,,,,,,,,caption,受到的物理/魔法傷害-![90%]。,,,,,,,
,,,,,,,,,,,,,,,,
18,曲線砲,預設,弓,,,1,text,text,以拋物線發射子彈，一定機率使目標#[沉默]。子彈會在落點處轉變為陷阱模式。,,400 ,-,瞬發,,,
,,,,,,,,is_mark,1,,,,,,,
,,,,,,3,,,,,,,,,,
,,,,,,6,,,,,,,,,,
,,,,,,-,proration,damage,physical,,,,,,,
,,,,,,-,damage,constant,400,,,,,,,
,,,,,,,,multiplier,750+25*SLv+$DEX,,,,,,,
,,,,,,,,type,AOE,,,,,,,
,,,,,,,,radius,0.5*SLv,,,,,,,
,,,,,,,,end_condition,target,,,,,,,
,,,,,,,,ailment_name,沉默,,,,,,,
,,,,,,,,ailment_chance,100,,,,,,,
,,,,,,,,name,曲線砲,,,,,,,
,,,,,,,,range_damage,long,,,,,,,
,,,,,,,,action_frame,122~66,,,,,,,
,,,,,,2,damage,constant,400,,,,,,,
,,,,,,,,multiplier,1250+25*SLv+$BDEX,,,,,,,
,,,,,,,,type,AOE,,,,,,,
,,,,,,,,radius,0.5*SLv,,,,,,,
,,,,,,,,end_condition,target,,,,,,,
,,,,,,,,ailment_name,沉默,,,,,,,
,,,,,,,,ailment_chance,100,,,,,,,
,,,,,,,,name,曲線砲（陷阱模式）,,,,,,,
,,,,,,,,is_place,1,,,,,,,
,,,,,,,,range_damage,long,,,,,,,
,,,,,,,,action_frame,122~66,,,,,,,
,,,,,,-,tips,text,本技能的沉默狀態，持續5秒，抵抗25秒。,,,,,,,
,,,,,,4,list,text,陷阱模式下，會在敵人進入攻擊落點的1m半徑內時引爆，造成範圍傷害。,,,,,,,
,,,,,,-,list,text,此技能永遠只受遠距離威力影響。,,,,,,,
,,,,,,5,list,text,此陷阱會遭範圍攻擊破壞。,,,,,,,
,,,,,,,,mark,曲線砲,,,,,,,
18,,非預設,弩,,,,,,,,,,,,,
18,,非預設,,箭矢,,1,,text,以拋物線發射子彈，攻擊的落點始終與自身距離固定，但可用方向鍵改變射擊方向，一定機率使目標#[沉默]。,,,,,,,
,,,,,,2,,,,,,,,,,
,,,,,,3,list,text,攻擊落點與自身距離鎖定為12m。,,,,,,,
,,,,,,4,,,,,,,,,,
,,,,,,5,,,,,,,,,,
,,,,,,6,,,,,,,,,,
18,,歷史紀錄,0,2024/04/18,,6,list,text,若目標持有退身擊的印記，會更容易命中目標(機制不明)。,,,,,,,
18,,歷史紀錄,1,2024/04/18,,6,list,text,若目標持有退身擊的印記，會更容易命中目標(機制不明)。,,,,,,,
,,,,,,,,,,,,,,,,
19,武士弓術,預設,,拔刀劍,,-,text,text,提升弓拔的ATK與穩定率。以拔刀劍施展一般攻擊時，提升自身命中，此效果可疊加至多10層。,,,,被動,,,
,,,,,,,,is_mark,1,,,,,,,
,,,,,,-,passive,weapon_atk,extra[1]*0.1*SLv,,,,,,,
,,,,,,,,stability,extra[0]/4,,,,,,,
,,,,,,-,formula_extra,texts,"副手武器穩定率,副手武器基礎攻擊力",,,,,,,
,,,,,,,,values.0,@C.sub.stability,,,,,,,
,,,,,,,,values.1,"Math.min(@C.sub.atk,@C.main.atk*@C.main.stability/100)",,,,,,,
,,,,,,-,list,text,武器基礎攻擊力：不含精鍊、武器ATK加成，只計算武器原始攻擊力。,,,,,,,
,,,,,,-,list,text,武器ATK加成最大值為((主手武器基礎攻擊力×主手武器穩定率%×技能等級/10))。,,,,,,,
,,,,,,-,stack,name,命中提升狀態層數,,,,,,,
,,,,,,,,min,0,,,,,,,
,,,,,,,,max,10,,,,,,,
,,,,,,,,default,1,,,,,,,
,,,,,,,,id,1,,,,,,,
,,,,,,-,effect,condition,以拔刀劍施展一般攻擊後,,,,,,,
,,,,,,,,accuracy,10*stack,%,,,,,,
,,,,,,,,end_condition,直到下個技能前,,,,,,,
,,,,,,,,stack_id,1,,,,,,,
,,,,,,-,list,text,只有「需鎖定目標」的技能才會消耗本狀態的效果，無論其是否為攻擊技能。,,,,,,,
20,快速裝載,預設,弓,,,1,text,text,施放後，獲得3層的預先充能。每當交叉火線發射時，若未達到最大充能層數，則消耗1層預先充能並使發射的交叉火線層數+1。此技能每${120-SLv*6}秒才能使用一次。,,400 ,,瞬發,可以放入連擊,快,
,,,,,,,,is_mark,1,,,,,,,
,,,,,,,,mark,預先充能,,,,,,,
,,,,,,,,skill,交叉火線,,,,,,,
,,,,,,,,action_frame,61~37,,,,,,,
,,,,,,-,list,text,已有狀態時重複使用此技能，將使下一招技能的行動速度+{5*SLv}%。。,,,,,,,
,,,,,,,,mark,下一招技能,,,,,,,
,,,,,,2,list,text,主手為弓時，若有習得匿蹤，則獲得狀態同時會發動匿蹤的效果。發動的匿蹤的技能等級無法超過本技能。,,,,,,,
,,,,,,,,skill,匿蹤,,,,,,,
20,,非預設,弩,,,1,text,text,施放後，獲得2層的預先充能。每當交叉火線發射時，若未達到最大充能層數，則消耗1層預先充能並使發射的交叉火線層數+1。此技能每${120-SLv*6}秒才能使用一次。,,,,,,,
,,,,,,2,,,,,,,,,,
21,元素所及,預設,弓,,,-,passive,caption,對於非#[雙重屬性]的所有攻擊，附加上#[雙重屬性](主手武器)的效果。,,,,被動,,,
,,,,,,-,extra,condition,對目標造成弱點屬性傷害時,,,,,,,
,,,,,,,,caption,獲得一層的回復屏障。,,,,,,,
,,,,,,-,list,text,簡單的說，此技能可讓所有攻擊，都能在主手武器與技能的#[元素屬性][元素屬性判定]之間（技能沒有屬性時則為箭矢屬性），自動應用較優者。,,,,,,,
,,,,,,-,list,text,回復屏障會在角色被攻擊後，自動回復HP。此效果可疊層，最大99層，每一層都可使HP回復((最大HP的${SLv*0.1}%))，無論傷害高低都會一次全部消費。,,,,,,,
,,,,,,,,mark,回復屏障,,,,,,,
,,,,,,,,,,,,,,,,
,,,,,,,,,,,,,,,,
21,,非預設,弩,,,,,,,,,,,,,
22,貫穿箭,預設,弓,,,-,text,text,使用技能後，會進行蓄力，蓄力期間無法進行其他動作(可用閃躲移動位置並重新朝向目標)，並每2秒提升一層蓄力層數。再次按下技能或蓄力滿5層時釋放貫穿箭(層數等同傷害段數)，對路徑上所有目標造成傷害。,,600 ,-,須蓄力,可以放入連擊,,
,,,,,,,,is_mark,1,,,,,,,
,,,,,,,,mark,"貫穿箭,蓄力層數",,,,,,,
,,,,,,-,list,text,置於連擊中時，無須蓄力但蓄力層數固定為1。,,,,,,,
,,,,,,-,stack,name,蓄力層數,,,,,,,
,,,,,,,,max,5,,,,,,,
,,,,,,,,default,5,,,,,,,
,,,,,,,,id,1,,,,,,,
,,,,,,-,proration,damage,physical,,,,,,,
,,,,,,-,damage,name,貫穿箭,,,,,,,
,,,,,,,,constant,600,,,,,,,
,,,,,,,,multiplier,1000+25*SLv+$BDEX/2,,,,,,,
,,,,,,,,range_damage,1,,,,,,,
,,,,,,,,type,AOE,,,,,,,
,,,,,,,,title,each,,,,,,,
,,,,,,,,judgment,separate,,,,,,,
,,,,,,,,frequency,stack,,,,,,,
,,,,,,,,stack_id,1,,,,,,,
,,,,,,,,effective_area,line,,,,,,,
,,,,,,,,move_distance,100,,,,,,,
,,,,,,-,extra,condition,第一擊、若確實命中,,,,,,,
,,,,,,,,caption,技能常數+((目標DEF*0.25))。,,,,,,,
,,,,,,-,extra,condition,第二擊、若確實命中,,,,,,,
,,,,,,,,caption,技能常數+((目標DEF*0.5))。,,,,,,,
,,,,,,-,extra,condition,第三擊、若確實命中,,,,,,,
,,,,,,,,caption,技能常數+((目標DEF*0.75))。,,,,,,,
,,,,,,-,extra,condition,第四&五擊、若確實命中,,,,,,,
,,,,,,,,caption,技能常數+((目標DEF))。,,,,,,,
,,,,,,-,extra,condition,傷害若有確實命中,,,,,,,
,,,,,,,,caption,每段攻擊使自身回復((攻擊MP回復*1.5))的MP。,,,,,,,
,,,,,,-,list,text,蓄力時若目標在#[控制類異常]狀態，層數提升間隔變為1秒。,,,,,,,
,,,,,,-,list,text,傷害必須確實命中，才能回復MP、及獲得額外技能常數。(即不可發生#[Graze]、#[閃躲][閃躲(怪物)]),,,,,,,
,,,,,,,,mark,確實命中,,,,,,,
,,,,,,1,list,text,裝備弩時，進入蓄力或閃躲後重啟蓄力時，會獲得1.5秒的#[無敵]，但若釋放技能，無敵將提前結束。,,,,,,,
,,,,,,-,stack,name,第N次傷害(須確實命中),,,,,,,
,,,,,,,,max,5,,,,,,,
,,,,,,,,min,1,,,,,,,
,,,,,,,,default,5,,,,,,,
,,,,,,,,id,2,,,,,,,
,,,,,,,,invisible,1,,,,,,,
,,,,,,,,,,,,,,,,
,,,,,,,,,,,,,,,,
,,,,,,-,damage,name,貫穿箭(第N擊，右上齒輪開啟設定),,,,,,,
,,,,,,,,constant,"600+extra[0]*0.25*Math.min(4,stack)",,,,,,,
,,,,,,,,multiplier,1000+25*SLv+$BDEX/2,,,,,,,
,,,,,,,,range_damage,1,,,,,,,
,,,,,,,,stack_id,2,,,,,,,
,,,,,,,,invisible,1,,,,,,,
,,,,,,-,formula_extra,texts,目標DEF,,,,,,,
,,,,,,,,values.0,target_def,,,,,,,
22,,非預設,弩,,,,,,,,,,,,,
22,,歷史紀錄,1,2025/04/24,,1,list,text,裝備弩時，進入蓄力或閃躲後重啟蓄力時，會獲得1秒的#[無敵]，但若再使用閃躲或釋放技能，無敵將提前結束。,,,,,,,
,,,,,,,,,,,,,,,,
,,,,,,,,,,,,,,,,
,,,,,,,,,,,,,,,,
,,,,,,,,,,,,,,,,
,,,,,,,,,,,,,,,,
23,廣域散射,預設,弓,,,-,text,text,射出5隻散射箭，對前方範圍造成廣域散射。若發動同時按下前or後移動鍵，則變更為直線連射；若同時按下左or右移動鍵，則變更為滑步射擊。,,200 ,12 ,瞬發,可以放入連擊,,
,,,,,,,,is_mark,1,,,,,,,
,,,,,,,,mark,"廣域散射,直線連射,滑步射擊",,,,,,,
,,,,,,-,proration,damage,physical,,,,,,,
,,,,,,1,damage,name,廣域散射,,,,,,,
,,,,,,,,constant,200,,,,,,,
,,,,,,,,multiplier,200+10*SLv,,,,,,,
,,,,,,,,frequency,5,,,,,,,
,,,,,,,,range_damage,0,,,,,,,
,,,,,,,,type,AOE,,,,,,,
,,,,,,,,title,each,,,,,,,
,,,,,,,,judgment,separate,,,,,,,
,,,,,,,,effective_area,line,,,,,,,
,,,,,,,,move_distance,12,,,,,,,
,,,,,,,,radius,2,,,,,,,
,,,,,,,,ailment_name,異常（根據屬性）,,,,,,,
,,,,,,,,ailment_chance,SLv*2,,,,,,,
,,,,,,,,action_frame,61~37,,,,,,,
,,,,,,-,extra,condition,廣域散射模式,,,,,,,
,,,,,,,,caption,5隻箭會向自身前方60度範圍內散開(即第一支箭朝自身左手邊30度方向射擊；第二支箭朝左邊15度射擊，以此類推)。,,,,,,,
,,,,,,-,extra,caption,無視目標${30+5*SLv}%防禦（與物理貫通屬性為疊乘而非疊加關係）。,,,,,,,
,,,,,,,,,,,,,,,,
,,,,,,2,damage,name,直線連射,,,,,,,
,,,,,,,,constant,200,,,,,,,
,,,,,,,,multiplier,200+10*SLv,,,,,,,
,,,,,,,,frequency,5,,,,,,,
,,,,,,,,range_damage,0,,,,,,,
,,,,,,,,type,AOE,,,,,,,
,,,,,,,,title,each,,,,,,,
,,,,,,,,judgment,separate,,,,,,,
,,,,,,,,effective_area,line,,,,,,,
,,,,,,,,move_distance,12,,,,,,,
,,,,,,,,radius,2,,,,,,,
,,,,,,,,ailment_name,異常（根據屬性）,,,,,,,
,,,,,,,,ailment_chance,SLv*2,,,,,,,
,,,,,,,,action_frame,61~37,,,,,,,
,,,,,,11,extra,condition,直線連射模式,,,,,,,
,,,,,,,,caption,5隻箭皆朝向目標射擊，但X軸方向上略有分散，對小型目標可能無法全命中。,,,,,,,
,,,,,,-,extra,caption,無視目標${30+5*SLv}%防禦（與物理貫通屬性為疊乘而非疊加關係）。,,,,,,,
,,,,,,3,damage,name,滑步射擊,,,,,,,
,,,,,,,,constant,200,,,,,,,
,,,,,,,,multiplier,200+10*SLv,,,,,,,
,,,,,,,,frequency,2,,,,,,,
,,,,,,,,range_damage,0,,,,,,,
,,,,,,,,type,AOE,,,,,,,
,,,,,,,,title,each,,,,,,,
,,,,,,,,judgment,separate,,,,,,,
,,,,,,,,effective_area,line,,,,,,,
,,,,,,,,move_distance,12,,,,,,,
,,,,,,,,radius,2,,,,,,,
,,,,,,,,ailment_name,異常（根據屬性）,,,,,,,
,,,,,,,,ailment_chance,SLv*2,,,,,,,
,,,,,,-,extra,condition,滑步射擊模式,,,,,,,
,,,,,,,,caption,射出第一箭後，以目標為圓心，迅速位移至目標左手/右手邊90度的位置，再射出第二箭。,,,,,,,
,,,,,,-,extra,caption,無視目標${30+5*SLv}%防禦（與物理貫通屬性為疊乘而非疊加關係）。,,,,,,,
,,,,,,-,list,text,此技能的異常附加，根據命中次數進行累加，例如弓10級時，異常賦予率20%，若5箭全部命中則賦予率為100%。,,,,,,,
,,,,,,12,list,text,此技能每下傷害均可觸發退身擊的追擊，但上限為4次。,,,,,,,
,,,,,,,,skill,退身擊,,,,,,,
,,,,,,,,,,,,,,,,
,,,,,,-,list,text,若學習元素所及技能，則可同時附加主手元素與副手箭元素所對應的異常。,,,,,,,
,,,,,,,,skill,元素所及,,,,,,,
,,,,,,-,list,text,但若裝備「X之天賦」的#[雷吉斯托環]時，會覆蓋上條說明，僅造成該托環相對應的異常狀態。,,,,,,,
,,,,,,-,tips,text,各屬性下附加的異常狀態,,,,,,,
,,,,,,-,group,size,1,,,,,,,
,,,,,,-,table,labels,"屬性,異常狀態",,,,,,,
,,,,,,-,row,cell.0,無屬性,,,,,,,
,,,,,,,,cell.1,無異常,,,,,,,
,,,,,,-,row,cell.0,火屬性,,,,,,,
,,,,,,,,cell.1,#[著火],,,,,,,
,,,,,,-,row,cell.0,水屬性,,,,,,,
,,,,,,,,cell.1,#[冰凍],,,,,,,
,,,,,,-,row,cell.0,地屬性,,,,,,,
,,,,,,,,cell.1,#[猛毒],,,,,,,
,,,,,,-,row,cell.0,風屬性,,,,,,,
,,,,,,,,cell.1,#[閃光],,,,,,,
,,,,,,-,row,cell.0,光屬性,,,,,,,
,,,,,,,,cell.1,#[衰弱],,,,,,,
,,,,,,-,row,cell.0,暗屬性,,,,,,,
,,,,,,,,cell.1,#[詛咒],,,,,,,
23,,非預設,弩,,,1,,ailment_chance,SLv,,,,,,,
,,,,,,2,,ailment_chance,SLv,,,,,,,
,,,,,,3,,ailment_chance,SLv,,,,,,,
,,,,,,,,multiplier,400+20*SLv,,,,,,,
,,,,,,11,extra,condition,直線連射模式,,,,,,,
,,,,,,,,caption,5隻箭皆朝向目標射擊。,,,,,,,
23,,歷史紀錄,0,2025/04/24,,11,,caption,5隻箭皆朝向目標射擊。,,,,,,,
,,,,,,12,list,text,此技能每下傷害均可觸發退身擊的追擊。,,,,,,,
,,,,,,,,,,,,,,,,
,,,,,,,,,,,,,,,,
,,,,,,,,,,,,,,,,
,,,,,,,,,,,,,,,,
,,,,,,,,,,,,,,,,
,,,,,,,,,,,,,,,,
24,狩獵汪,預設,弓,,,-,text,text,召喚狩獵犬搭檔一同作戰，每隔![4]秒進行一次搭檔攻擊，此攻擊為一般慣性。使用射擊技能命中後，會獲得搭檔強化層數，強化下一次的搭檔攻擊。,,100 ,,瞬發,無法放入連擊,,
,,,,,,,,is_mark,1,,,,,,,
,,,,,,,,mark,"搭檔攻擊,搭檔強化層數",,,,,,,
,,,,,,-,tips,text,搭檔會跟隨角色，但攻擊時必須移動靠近目標。因此自身與目標距離越遠，搭檔實際攻擊間隔越長。,,,,,,,
,,,,,,-,list,text,每個射擊技能最多獲得1層搭檔強化，但退身擊的印記追擊例外，每次印記追擊都能獲得1層。,,,,,,,
,,,,,,,,skill,退身擊,,,,,,,
,,,,,,,,mark,印記追擊,,,,,,,
,,,,,,-,list,text,弩使用時，雙暴風的每次射擊都會提升1層搭檔強化層數。,,,,,,,
,,,,,,,,skill,雙暴風,,,,,,,
,,,,,,,,mark,"搭檔攻擊,搭檔強化層數",,,,,,,
,,,,,,-,stack,name,搭檔強化層數,,,,,,,
,,,,,,,,default,0,,,,,,,
,,,,,,,,min,0,,,,,,,
,,,,,,,,max,25,,,,,,,
,,,,,,,,id,1,,,,,,,
,,,,,,-,proration,damage,physical,,,,,,,
,,,,,,,,proration,normal_attack,,,,,,,
,,,,,,-,damage,name,搭檔攻擊,,,,,,,
,,,,,,,,constant,100,,,,,,,
,,,,,,,,multiplier,100+$DEX*0.1+stack*SLv*10,,,,,,,
,,,,,,,,stack_id,1,,,,,,,
,,,,,,,,range_damage,short,,,,,,,
,,,,,,-,list,text,可在Ex技能中設定搭檔外觀，並可設定為戰鬥時自動發動。,,,,,,,
,,,,,,-,list,text,自身HP歸零後，若隊伍尚未全滅，則搭檔會發動急救後退場。,,,,,,,
,,,,,,-,list,text,搭檔的急救效果可參考技能急救的頁面，但技能等級是使用狩獵汪的等級。,,,,,,,
,,,,,,,,skill,急救,,,,,,,
24,,非預設,弩,,,,,,,,,,,,,
,,,,,,,,,,,,,,,,
,,,,,,,,,,,,,,,,
2,1,魔法技能,,,,,,,,,,,,,,
0,法術/飛箭,預設,法杖,,,-,proration,damage,magic,,100,12,須詠唱,可以放入連擊,慢,2
,,,,,,1,damage,constant,90+SLv*5,,,,,,,
,,,,,,,,multiplier,90+SLv*6,,,,,,,
,,,,,,,,damage_type,magic,,,,,,,
,,,,,,,,frequency,Math.floor((SLv-1)/2)+2,,,,,,,
,,,,,,,,frequency.registlet,RLv,,,,,,,
,,,,,,,,title,each,,,,,,,
,,,,,,,,judgment,common,,,,,,,
,,,,,,,,cycle,0.5,,,,,,,
,,,,,,,,duration,(Math.floor((SLv-1)/2)+2)/2,,,,,,,
,,,,,,,,duration.registlet,RLv/2,,,,,,,
,,,,,,,,is_place,1,,,,,,,
,,,,,,,,range_damage,1,,,,,,,
,,,,,,,,action_frame,122~73,,,,,,,
,,,,,,-,tips,text,各屬性下的技能名稱,,,,,,,
,,,,,,-,group,size,1,,,,,,,
,,,,,,-,table,labels,"屬性,名稱",,,,,,,
,,,,,,-,row,cell.0,無屬性,,,,,,,
,,,,,,,,cell.1,法術/飛箭,,,,,,,
,,,,,,-,row,cell.0,火屬性,,,,,,,
,,,,,,,,cell.1,火箭,,,,,,,
,,,,,,-,row,cell.0,水屬性,,,,,,,
,,,,,,,,cell.1,水箭,,,,,,,
,,,,,,-,row,cell.0,地屬性,,,,,,,
,,,,,,,,cell.1,地箭,,,,,,,
,,,,,,-,row,cell.0,風屬性,,,,,,,
,,,,,,,,cell.1,風箭,,,,,,,
,,,,,,-,row,cell.0,光屬性,,,,,,,
,,,,,,,,cell.1,光箭,,,,,,,
,,,,,,-,row,cell.0,暗屬性,,,,,,,
,,,,,,,,cell.1,暗箭,,,,,,,
0,,非預設,魔導具,魔導具,,1,,multiplier,65+SLv*6,,,,,,,
,,,,,,,,frequency,Math.floor((SLv-1)/2)+4,,,,,,,
,,,,,,,,duration,Math.floor((SLv-1)/2)*0.5+2,,,,,,,
0,,非預設,,,,1,,multiplier,65+SLv*6,,,,,,,
0,,歷史紀錄,0,2020/12/10,,-,text,text,技能傷害受距離威力、遠程狙擊影響。,,,,,,,
,,,,,,1,,range_damage,0,,,,,,,
0,,歷史紀錄,0,2019/06/24,,1,,multiplier,70+5*SLv,,,,,,,
,,,,,,,,constant,10+SLv,,,,,,,
0,,歷史紀錄,1,2020/12/10,,-,text,text,技能傷害受距離威力、遠程狙擊影響。,,,,,,,
,,,,,,1,,range_damage,0,,,,,,,
0,,歷史紀錄,1,2019/06/24,,1,,multiplier,45+5*SLv,,,,,,,
,,,,,,,,constant,10+SLv,,,,,,,
0,,歷史紀錄,2,2020/12/10,,-,text,text,技能傷害受距離威力、遠程狙擊影響。,,,,,,,
,,,,,,1,,range_damage,0,,,,,,,
0,,歷史紀錄,2,2019/06/24,,1,,multiplier,45+5*SLv,,,,,,,
,,,,,,,,constant,10+SLv,,,,,,,
0,,歷史紀錄,0,2025/04/24,,1,damage,constant,50,,,,,,,
0,,歷史紀錄,1,2025/04/24,,1,damage,constant,50,,,,,,,
0,,歷史紀錄,2,2025/04/24,,1,damage,constant,50,,,,,,,
1,法術/長槍,預設,法杖,,,-,proration,damage,magic,,200,8,瞬發,可以放入連擊,,
,,,,,,1,damage,constant,50+SLv*15,,,,,,,
,,,,,,,,multiplier,200+SLv*10,,,,,,,
,,,,,,,,damage_type,magic,,,,,,,
,,,,,,,,ailment_name,異常（根據屬性）,,,,,,,
,,,,,,,,ailment_chance,SLv*7.5,,,,,,,
,,,,,,,,range_damage,1,,,,,,,
,,,,,,,,action_frame,122~73,,,,,,,
,,,,,,-,tips,text,各屬性下的技能名稱與附加的異常狀態,,,,,,,
,,,,,,-,group,size,1,,,,,,,
,,,,,,-,table,labels,"屬性,名稱,異常狀態",,,,,,,
,,,,,,-,row,cell.0,無屬性,,,,,,,
,,,,,,,,cell.1,法術/長槍,,,,,,,
,,,,,,,,cell.2,#[膽怯],,,,,,,
,,,,,,-,row,cell.0,火屬性,,,,,,,
,,,,,,,,cell.1,火焰槍,,,,,,,
,,,,,,,,cell.2,#[著火],,,,,,,
,,,,,,-,row,cell.0,水屬性,,,,,,,
,,,,,,,,cell.1,冰凍槍,,,,,,,
,,,,,,,,cell.2,#[冰凍],,,,,,,
,,,,,,-,row,cell.0,地屬性,,,,,,,
,,,,,,,,cell.1,地岩槍,,,,,,,
,,,,,,,,cell.2,#[遲緩],,,,,,,
,,,,,,-,row,cell.0,風屬性,,,,,,,
,,,,,,,,cell.1,風動槍,,,,,,,
,,,,,,,,cell.2,#[盲目],,,,,,,
,,,,,,-,row,cell.0,光屬性,,,,,,,
,,,,,,,,cell.1,聖靈槍,,,,,,,
,,,,,,,,cell.2,#[眩暈],,,,,,,
,,,,,,-,row,cell.0,暗屬性,,,,,,,
,,,,,,,,cell.1,幽冥槍,,,,,,,
,,,,,,,,cell.2,#[畏懼],,,,,,,
1,,非預設,魔導具,魔導具,,1,,multiplier,150+SLv*10,,,,,,,
,,,,,,,,ailment_chance,25+SLv*7.5,,,,,,,
1,,非預設,,,,1,,multiplier,150+SLv*10,,,,,,,
2,法術/魔法槍,預設,法杖,,,-,proration,damage,magic,,300,14,須詠唱,可以放入連擊,慢,2
,,,,,,1,damage,constant,300+SLv*4,,,,,,,
,,,,,,,,multiplier,400+SLv*15+$INT*0.2,,,,,,,
,,,,,,,,damage_type,magic,,,,,,,
,,,,,,,,title,each,,,,,,,
,,,,,,,,judgment,common,,,,,,,
,,,,,,,,frequency,Math.floor(SLv/6)+2,,,,,,,
,,,,,,,,is_place,1,,,,,,,
,,,,,,,,ailment_name,停止,,,,,,,
,,,,,,,,ailment_chance,30+SLv*6,,,,,,,
,,,,,,,,cycle,3.5,,,,,,,
,,,,,,,,cycle.registlet,-RLv*0.1,,,,,,,
,,,,,,,,duration,(Math.floor(SLv/6)+2)*3.5,,,,,,,
,,,,,,,,duration.registlet,-(Math.floor(SLv/6)+2)*RLv*0.1,,,,,,,
,,,,,,,,range_damage,1,,,,,,,
,,,,,,,,action_frame,122~73,,,,,,,
,,,,,,-,tips,text,各屬性下的技能名稱,,,,,,,
,,,,,,-,group,size,1,,,,,,,
,,,,,,-,list,text,無屬性｜法術/魔法槍｜,,,,,,,
,,,,,,-,list,text,火屬性｜火神｜,,,,,,,
,,,,,,-,list,text,水屬性｜冰柱｜,,,,,,,
,,,,,,-,list,text,地屬性｜石砲｜,,,,,,,
,,,,,,-,list,text,風屬性｜突風｜,,,,,,,
,,,,,,-,list,text,光屬性｜光蝕｜,,,,,,,
,,,,,,-,list,text,暗屬性｜闇蝕｜,,,,,,,
2,,非預設,魔導具,魔導具,,1,,multiplier,250+SLv*15+$INT*0.2,,,,,,,
,,,,,,,,frequency,Math.floor(SLv/6)+4,,,,,,,
,,,,,,,,duration,(Math.floor(SLv/6)+4)*3.5,,,,,,,
2,,非預設,,,,1,,multiplier,250+SLv*15,,,,,,,
,,,,,,,,ailment_chance,10+SLv*2,,,,,,,
2,,歷史紀錄,0,2020/12/10,,-,text,text,技能傷害受距離威力、遠程狙擊影響。,,,,,,,
,,,,,,1,,range_damage,0,,,,,,,
2,,歷史紀錄,0,2019/06/24,,1,,constant,25+SLv*10,,,,,,,
,,,,,,,,multiplier,115+SLv*5,,,,,,,
2,,歷史紀錄,1,2020/12/10,,-,text,text,技能傷害受距離威力、遠程狙擊影響。,,,,,,,
,,,,,,1,,range_damage,0,,,,,,,
2,,歷史紀錄,1,2019/06/24,,1,,constant,25+SLv*10,,,,,,,
,,,,,,,,multiplier,75+SLv*5,,,,,,,
,,,,,,,,frequency,Math.floor(SLv/6)+3,,,,,,,
,,,,,,,,duration,(Math.floor(SLv/6)+3)*3.5,,,,,,,
2,,歷史紀錄,2,2020/12/10,,-,text,text,技能傷害受距離威力、遠程狙擊影響。,,,,,,,
,,,,,,1,,range_damage,0,,,,,,,
2,,歷史紀錄,2,2019/06/24,,1,,multiplier,75+SLv*5,,,,,,,
,,,,,,,,constant,25+SLv*10,,,,,,,
3,法術/衝擊波,預設,法杖,,,-,tips,text,技能到達Lv.7後，技能類型從#[須詠唱]轉為#[瞬發]。,,200,-,須詠唱,可以放入連擊,快,"Math.max(0,Math.floor(3-SLv/3))"
,,,,,,-,proration,damage,magic,,,,,,,
,,,,,,1,damage,constant,100+SLv*10,,,,,,,
,,,,,,,,multiplier,SLv*25,,,,,,,
,,,,,,,,damage_type,magic,,,,,,,
,,,,,,,,type,AOE,,,,,,,
,,,,,,,,end_position,self,,,,,,,
,,,,,,,,radius,3,,,,,,,
,,,,,,,,ailment_name,翻覆,,,,,,,
,,,,,,,,ailment_chance,40+SLv*5,,,,,,,
,,,,,,,,range_damage,1,,,,,,,
,,,,,,,,action_frame,61~37,,,,,,,
,,,,,,2,extra,condition,處於魔能調節狀態時,,,,,,,
,,,,,,,,caption,翻覆機率大幅降低（約35%）；傷害將變為原先的${SLv*10}%。,,,,,,,
,,,,,,-,text,text,施放成功後，獲得魔能調節狀態。,,,,,,,
,,,,,,,,branch,魔能調節,,,,,,,
,,,,,,-,next,name,魔能調節,,,,,,,
,,,,,,,,caption,#[MP消耗減半]。,,,,,,,
,,,,,,,,buffs,mp_cost_half,,,,,,,
3,,非預設,魔導具,魔導具,,1,,multiplier,SLv*25+250,,,,,,,
,,,,,,,,ailment_chance,15+SLv*5,,,,,,,
,,,,,,2,,caption,翻覆機率大幅降低（約10%）；傷害將變為原先的${SLv*10}%。,,,,,,,
3,,非預設,,,,1,,ailment_chance,15+SLv*5,,,,,,,
,,,,,,2,,caption,翻覆機率大幅降低（約10%）；傷害將變為原先的${SLv*10}%。,,,,,,,
4,法術/終結,預設,法杖,,,-,text,text,詠唱完畢後，以目標位置為中心，延遲0.5秒後發出三段範圍傷害，每段的傷害將越來越低但範圍越來越大。,,1600,12,須詠唱,可以放入連擊,極慢,13-SLv
,,,,,,,,is_mark,1,,,,,,,
,,,,,,-,proration,damage,magic,,,,,,,
,,,,,,3,damage,name,第一段,,,,,,,
,,,,,,,,constant,SLv*300,,,,,,,
,,,,,,,,multiplier,3750+$BINT,,,,,,,
,,,,,,,,damage_type,magic,,,,,,,
,,,,,,,,type,AOE,,,,,,,
,,,,,,,,radius,0.5,,,,,,,
,,,,,,,,range_damage,1,,,,,,,
,,,,,,,,element,neutral,,,,,,,
,,,,,,,,action_frame,~178,,,,,,,
,,,,,,4,damage,name,第二段,,,,,,,
,,,,,,,,constant,SLv*30,,,,,,,
,,,,,,,,multiplier,2000,,,,,,,
,,,,,,,,damage_type,magic,,,,,,,
,,,,,,,,type,AOE,,,,,,,
,,,,,,,,radius,4,,,,,,,
,,,,,,,,range_damage,1,,,,,,,
,,,,,,,,element,neutral,,,,,,,
,,,,,,5,damage,name,第三段,,,,,,,
,,,,,,,,constant,SLv*3,,,,,,,
,,,,,,,,multiplier,1000,,,,,,,
,,,,,,,,damage_type,magic,,,,,,,
,,,,,,,,radius,10,,,,,,,
,,,,,,,,type,AOE,,,,,,,
,,,,,,,,range_damage,1,,,,,,,
,,,,,,,,element,neutral,,,,,,,
,,,,,,,,,,,,,,,,
,,,,,,-,list,text,此技能的詠唱時間不受詠唱速度影響。,,,,,,,
,,,,,,-,list,text,此技能的詠唱過程，每秒會對鎖定目標產生![100]的額外仇恨值。此額外仇恨值不受仇恨值增減效果影響。,,,,,,,
,,,,,,6,list,text,詠唱速度將會減少額外仇恨值，減少幅度與詠唱時間的計算方式相同。,,,,,,,
,,,,,,-,tips,text,即CSPD1000以內，每20減少1%，1000以上每180減少1%。,,,,,,,
,,,,,,-,list,text,僅當副手裝備盾牌時，於詠唱此技能期間受到攻擊，且該攻擊並非#[隕石][怪物攻擊類型]或#[地面類型][怪物攻擊類型]傷害，將可觸發詠唱阻擋，該類#[阻擋][阻擋（玩家）]的減傷與異常抗性效果減半，但其餘阻擋所附帶的效果均有。,,,,,,,
,,,,,,,,mark,盾牌,,,,,,,
4,,非預設,魔導具,魔導具,,3,,multiplier,3000+$BINT,,,,,,,
,,,,,,,,radius,2,,,,,,,
,,,,,,4,,radius,8,,,,,,,
,,,,,,5,,radius,20,,,,,,,
4,,非預設,,,,3,,multiplier,3000,,,,,,,
4,,歷史紀錄,0,2020/12/10,,-,text,text,技能傷害受距離威力、遠程狙擊影響。,,,,,,,
,,,,,,3,,range_damage,0,,,,,,,
,,,,,,4,,range_damage,0,,,,,,,
,,,,,,5,,range_damage,0,,,,,,,
4,,歷史紀錄,0,2019/06/24,,-,text,text,技能傷害大幅提升。,,,,,,,
,,,,,,3,,multiplier,1750+100*SLv+$BINT,,,,,,,
,,,,,,4,,multiplier,Math.floor((1000+200*SLv)/3),,,,,,,
,,,,,,5,,multiplier,Math.floor((500+100*SLv)/3),,,,,,,
4,,歷史紀錄,0,2019/02/21,,-,text,text,第一段傷害提升，第二、三段傷害大幅下降、額外仇恨受CSPD影響。,,,,,,,
,,,,,,3,,multiplier,1500+100*SLv,,,,,,,
,,,,,,4,,constant,300*SLv,,,,,,,
,,,,,,5,,constant,300*SLv,,,,,,,
,,,,,,6,,text,無此效果。,,,,,,,
4,,歷史紀錄,1,2020/12/10,,-,text,text,技能傷害受距離威力、遠程狙擊影響。,,,,,,,
,,,,,,3,,range_damage,0,,,,,,,
,,,,,,4,,range_damage,0,,,,,,,
,,,,,,5,,range_damage,0,,,,,,,
4,,歷史紀錄,1,2019/06/24,,-,text,text,技能傷害大幅提升。,,,,,,,
,,,,,,3,,multiplier,750+100*SLv+$BINT,,,,,,,
,,,,,,4,,multiplier,Math.floor((1000+200*SLv)/3),,,,,,,
,,,,,,5,,multiplier,Math.floor((500+100*SLv)/3),,,,,,,
4,,歷史紀錄,1,2019/02/21,,-,text,text,第一段範圍提升，第二、三段傷害大幅下降、額外仇恨受CSPD影響。,,,,,,,
,,,,,,3,,multiplier,500+100*SLv+$BINT,,,,,,,
,,,,,,,,radius,1,,,,,,,
,,,,,,4,,constant,300*SLv,,,,,,,
,,,,,,5,,constant,300*SLv,,,,,,,
,,,,,,6,,text,無此效果。,,,,,,,
4,,歷史紀錄,2,2020/12/10,,-,text,text,技能傷害受距離威力、遠程狙擊影響。,,,,,,,
,,,,,,3,,range_damage,0,,,,,,,
,,,,,,4,,range_damage,0,,,,,,,
,,,,,,5,,range_damage,0,,,,,,,
4,,歷史紀錄,2,2019/06/24,,-,text,text,技能傷害大幅提升。,,,,,,,
,,,,,,3,,multiplier,750+100*SLv,,,,,,,
,,,,,,4,,multiplier,Math.floor((1000+200*SLv)/3),,,,,,,
,,,,,,5,,multiplier,Math.floor((500+100*SLv)/3),,,,,,,
4,,歷史紀錄,2,2019/02/21,,-,text,text,第一段傷害提升，第二、三段傷害大幅下降、額外仇恨受CSPD影響。,,,,,,,
,,,,,,3,,multiplier,500+100*SLv,,,,,,,
,,,,,,4,,constant,300*SLv,,,,,,,
,,,,,,5,,constant,300*SLv,,,,,,,
,,,,,,6,,text,無此效果。,,,,,,,
5,法術/障壁,預設,法杖,,,-,text,text,詠唱完畢後，以自身為中心放置一個障壁，對範圍內所有敵人造成持續傷害。,,200,-,須詠唱,可以放入連擊,,1
,,,,,,,,is_mark,1,,,,,,,
,,,,,,-,proration,damage,magic,,,,,,,
,,,,,,1,damage,constant,100+SLv*2,,,,,,,
,,,,,,,,multiplier,110+SLv*4+$BINT*0.1,,,,,,,
,,,,,,,,multiplier.registlet,RLv*5,,,,,,,
,,,,,,,,damage_type,magic,,,,,,,
,,,,,,,,title,each,,,,,,,
,,,,,,,,type,AOE,,,,,,,
,,,,,,,,radius,2,,,,,,,
,,,,,,,,end_position,self,,,,,,,
,,,,,,,,is_place,1,,,,,,,
,,,,,,,,judgment,separate,,,,,,,
,,,,,,,,frequency,Math.floor((SLv-1)/2)+6,,,,,,,
,,,,,,,,duration,Math.floor((SLv-1)/2)+6,,,,,,,
,,,,,,,,cycle,1,,,,,,,
,,,,,,,,ailment_name,逼退,,,,,,,
,,,,,,,,ailment_chance,100,,,,,,,
,,,,,,,,range_damage,1,,,,,,,
,,,,,,,,action_frame,122~73,,,,,,,
,,,,,,-,tips,text,各屬性下的技能名稱,,,,,,,
,,,,,,-,group,size,1,,,,,,,
,,,,,,-,list,text,無屬性｜法術/障壁｜,,,,,,,
,,,,,,-,list,text,火屬性｜火炎壁｜,,,,,,,
,,,,,,-,list,text,水屬性｜水波壁｜,,,,,,,
,,,,,,-,list,text,地屬性｜震地牢籠｜,,,,,,,
,,,,,,-,list,text,風屬性｜暴風地帶｜,,,,,,,
,,,,,,-,list,text,光屬性｜光之限界｜,,,,,,,
,,,,,,-,list,text,暗屬性｜惡靈之門｜,,,,,,,
5,,非預設,魔導具,魔導具,,1,,multiplier,80+SLv*4+$BINT*0.1,,,,,,,
,,,,,,,,radius,3,,,,,,,
5,,非預設,,,,1,,multiplier,80+SLv*4+$BINT*0.1,,,,,,,
5,,歷史紀錄,0,2019/06/24,,1,,constant,25+SLv,,,,,,,
5,,歷史紀錄,0,2020/12/10,,-,text,text,技能傷害受距離威力、遠程狙擊影響。,,,,,,,
,,,,,,1,,range_damage,0,,,,,,,
5,,歷史紀錄,0,2025/04/24,,1,,multiplier,110+SLv*4,,,,,,,
5,,歷史紀錄,1,2020/12/10,,-,text,text,技能傷害受距離威力、遠程狙擊影響。,,,,,,,
,,,,,,1,,range_damage,0,,,,,,,
5,,歷史紀錄,1,2019/06/24,,1,,constant,25+SLv,,,,,,,
5,,歷史紀錄,1,2025/04/24,,1,,multiplier,80+SLv*4,,,,,,,
5,,歷史紀錄,2,2020/12/10,,-,text,text,技能傷害受距離威力、遠程狙擊影響。,,,,,,,
,,,,,,1,,range_damage,0,,,,,,,
5,,歷史紀錄,2,2019/06/24,,1,,constant,25+SLv,,,,,,,
5,,歷史紀錄,2,2025/04/24,,1,,multiplier,80+SLv*4,,,,,,,
6,法術/引爆,預設,法杖,,,-,proration,damage,magic,,300,8,須詠唱,可以放入連擊,,4
,,,,,,1,damage,constant,180+SLv*20,,,,,,,
,,,,,,,,multiplier,850+SLv*30+$INT*0.2,,,,,,,
,,,,,,,,damage_type,magic,,,,,,,
,,,,,,,,type,AOE,,,,,,,
,,,,,,,,radius,2,,,,,,,
,,,,,,,,ailment_name,異常（根據屬性）,,,,,,,
,,,,,,,,ailment_chance,SLv*5,,,,,,,
,,,,,,,,range_damage,1,,,,,,,
,,,,,,,,action_frame,122~73,,,,,,,
,,,,,,-,tips,text,各屬性下的技能名稱與附加的異常狀態,,,,,,,
,,,,,,-,group,size,1,,,,,,,
,,,,,,-,list,text,無屬性｜法術/引爆｜#[膽怯],,,,,,,
,,,,,,-,list,text,火屬性｜煉獄真火｜#[著火],,,,,,,
,,,,,,-,list,text,水屬性｜絕對零度｜#[冰凍],,,,,,,
,,,,,,-,list,text,地屬性｜崩天裂地｜#[遲緩],,,,,,,
,,,,,,-,list,text,風屬性｜疾風氣旋｜#[盲目],,,,,,,
,,,,,,-,list,text,光屬性｜爆破閃光｜#[眩暈],,,,,,,
,,,,,,-,list,text,暗屬性｜惡魔的呢喃｜#[畏懼],,,,,,,
,,,,,,,basic,casting_time.registlet,-0.2*RLv,,,,,,,
6,,非預設,魔導具,魔導具,,1,,multiplier,700+SLv*30+$INT*0.2,,,,,,,
,,,,,,,,radius,4,,,,,,,
,,,,,,,,ailment_chance,SLv*5+50,,,,,,,
6,,非預設,,,,1,,multiplier,700+SLv*30,,,,,,,
6,,歷史紀錄,0,2019/06/24,,1,,multiplier,350+SLv*45,,,,,,,
6,,歷史紀錄,1,2019/06/24,,1,,multiplier,250+SLv*45,,,,,,,
6,,歷史紀錄,2,2019/06/24,,1,,multiplier,250+SLv*45,,,,,,,
7,法術/暴風,預設,法杖,,,-,proration,damage,magic,,400,8,須詠唱,可以放入連擊,,1
,,,,,,1,damage,constant,420,,,,,,,
,,,,,,,,multiplier,280+SLv*2,,,,,,,
,,,,,,,,damage_type,magic,,,,,,,
,,,,,,,,title,each,,,,,,,
,,,,,,,,type,AOE,,,,,,,
,,,,,,,,radius,1.75+Math.floor(SLv/4),,,,,,,
,,,,,,,,frequency,1+Math.floor(SLv/2),,,,,,,
,,,,,,,,duration,1+Math.floor(SLv/2),,,,,,,
,,,,,,,,cycle,1,,,,,,,
,,,,,,,,judgment,separate,,,,,,,
,,,,,,,,is_place,1,,,,,,,
,,,,,,,,range_damage,1,,,,,,,
,,,,,,,,action_frame,122~73,,,,,,,
,,,,,,-,text,text,初次造成傷害時，會使範圍內的敵人被拉至技能中心。 BOSS等強大目標免疫此效果。,,,,,,,
,,,,,,-,tips,text,各屬性下的技能名稱,,,,,,,
,,,,,,-,group,size,1,,,,,,,
,,,,,,-,list,text,無屬性｜法術/暴風 ｜,,,,,,,
,,,,,,-,list,text,火屬性｜烈焰風暴｜,,,,,,,
,,,,,,-,list,text,水屬性｜冰雪凍天｜,,,,,,,
,,,,,,-,list,text,地屬性｜漫天沙塵｜,,,,,,,
,,,,,,-,list,text,風屬性｜雷霆萬鈞｜,,,,,,,
,,,,,,-,list,text,光屬性｜光之漩渦｜ ,,,,,,,
,,,,,,-,list,text,暗屬性｜惡靈饗宴｜,,,,,,,
7,,非預設,魔導具,魔導具,,1,,multiplier,180+SLv*2,,,,,,,
,,,,,,,,radius,3.75+Math.floor(SLv/4),,,,,,,
7,,非預設,,,,1,,multiplier,180+SLv*2,,,,,,,
7,,歷史紀錄,0,2020/12/10,,-,text,text,技能傷害受距離威力、遠程狙擊影響。,,,,,,,
,,,,,,1,,range_damage,0,,,,,,,
7,,歷史紀錄,1,2020/12/10,,-,text,text,技能傷害受距離威力、遠程狙擊影響。,,,,,,,
,,,,,,1,,range_damage,0,,,,,,,
7,,歷史紀錄,2,2020/12/10,,-,text,text,技能傷害受距離威力、遠程狙擊影響。,,,,,,,
,,,,,,1,,range_damage,0,,,,,,,
7,,歷史紀錄,0,2024/04/18,,1,,constant,50+SLv*3,,,,,,,
7,,歷史紀錄,1,2024/04/18,,1,,constant,50+SLv*3,,,,,,,
7,,歷史紀錄,2,2024/04/18,,1,,constant,50+SLv*3,,,,,,,
7,,歷史紀錄,0,2025/04/24,,1,,constant,400,,,,,,,
7,,歷史紀錄,1,2025/04/24,,1,,constant,400,,,,,,,
7,,歷史紀錄,2,2025/04/24,,1,,constant,400,,,,,,,
8,法術/爆能,預設,法杖,,,-,proration,damage,magic,,500,8,須詠唱,可以放入連擊,,8
,,,,,,1,damage,constant,200+SLv*30,,,,,,,
,,,,,,,,multiplier,1500+60*SLv+$BINT,,,,,,,
,,,,,,,,angle,40+2*SLv,,,,,,,
,,,,,,,,move_distance,"8+Math.max(0,SLv-5)",,,,,,,
,,,,,,,,type,AOE,,,,,,,
,,,,,,,,damage_type,magic,,,,,,,
,,,,,,,,effective_area,sector,,,,,,,
,,,,,,,,ailment_name,逼退,,,,,,,
,,,,,,,,ailment_chance,10*SLv,,,,,,,
,,,,,,,,damage_type,magic,,,,,,,
,,,,,,,,range_damage,1,,,,,,,
,,,,,,,,action_frame,122~73,,,,,,,
,,,,,,2,extra,caption,角色進入#[無敵]狀態，無敵狀態會持續到動作結束後1秒。,,,,,,,
,,,,,,,,condition,動作期間（詠唱完畢後才算）,,,,,,,
,,,,,,,,,,,,,,,,
,,,,,,-,text,text,施放此技能之前，每施放一次法術技能樹中的攻擊技能，都將疊加詠咒層數。施放此技能將消耗所有詠咒層數並觸發詠咒。,,,,,,,
,,,,,,,,mark,"詠咒層數,詠咒",,,,,,,
,,,,,,-,stack,min,0,,,,,,,
,,,,,,,,max,8,,,,,,,
,,,,,,,,id,1,,,,,,,
,,,,,,,,name,詠咒層數,,,,,,,
,,,,,,-,effect,caption,此技能之最終詠唱時間減少${stack}秒。,,,,,,,
,,,,,,,,condition,根據詠咒層數,,,,,,,
,,,,,,,,type,none,,,,,,,
,,,,,,,,name,詠咒,,,,,,,
,,,,,,,,stack_id,1,,,,,,,
,,,,,,-,tips,text,最終詠唱時間，意即計算會在cspd補正之後。,,,,,,,
,,,,,,-,list,text,詠咒層數的計算會在縮時詠唱之前。,,,,,,,
,,,,,,,,branch,詠咒層數,,,,,,,
,,,,,,,,skill,縮時詠唱,,,,,,,
,,,,,,-,list,text,詠咒層數的上限與CSPD有關，具體的說，其上限等於「能夠瞬發技能的最低需求層數」，用以令玩家知道甚麼時候可以瞬發。,,,,,,,
,,,,,,,,mark,詠咒層數,,,,,,,
,,,,,,-,list,text,目標體積越大，逼退距離越小。且Boss無法被逼退。,,,,,,,
,,,,,,-,tips,text,各屬性下的技能名稱,,,,,,,
,,,,,,-,group,size,1,,,,,,,
,,,,,,-,list,text,無屬性｜法術/爆能 ｜,,,,,,,
,,,,,,-,list,text,火屬性｜地獄火｜,,,,,,,
,,,,,,-,list,text,水屬性｜永恆暴雪｜,,,,,,,
,,,,,,-,list,text,地屬性｜重力扭轉｜,,,,,,,
,,,,,,-,list,text,風屬性｜原能風暴｜,,,,,,,
,,,,,,-,list,text,光屬性｜懲罰｜ ,,,,,,,
,,,,,,-,list,text,暗屬性｜暗蝕｜,,,,,,,
8,,非預設,魔導具,魔導具,,1,,multiplier,1500+60*SLv+$BINT*0.5,,,,,,,
,,,,,,,,angle,40+SLv*2+Math.floor((SLv-1)/3)*5,,,,,,,
,,,,,,,,move_distance,"8+Math.max(0,SLv-5)+Math.floor((SLv-1)/3)",,,,,,,
8,,非預設,,,,1,,multiplier,1500+60*SLv,,,,,,,
8,,歷史紀錄,0,2019/06/24,,1,,multiplier,1000+SLv*100,,,,,,,
8,,歷史紀錄,0,2019/02/21,,1,,constant,200+SLv*10,,,,,,,
8,,歷史紀錄,1,2019/06/24,,1,,multiplier,1000+SLv*50,,,,,,,
8,,歷史紀錄,1,2019/02/21,,1,,constant,200+SLv*10,,,,,,,
8,,歷史紀錄,2,2019/06/24,,1,,multiplier,1000+SLv*50,,,,,,,
8,,歷史紀錄,2,2019/02/21,,1,,constant,200+SLv*10,,,,,,,
8,,歷史紀錄,0,2024/04/18,,2,extra,caption,在1秒內，使受到的正面傷害變為miss，此效果可與#[無敵]狀態共存。,,,,,,,
8,,歷史紀錄,1,2024/04/18,,2,extra,caption,在1秒內，使受到的正面傷害變為miss，此效果可與#[無敵]狀態共存。,,,,,,,
8,,歷史紀錄,2,2024/04/18,,2,extra,caption,在1秒內，使受到的正面傷害變為miss，此效果可與#[無敵]狀態共存。,,,,,,,
,,,,,,,,,,,,,,,,
,,,,,,,,,,,,,,,,
,,,,,,,,,,,,,,,,
9,魔法要領,預設,法杖,,,-,passive,matk,Math.floor((SLv-3)/5)+2,%,,,被動,,,
,,,,,,,,weapon_atk,SLv*3,%,,,,,,
9,,非預設,魔導具,,,,,,,,,,,,,
10,魔力充填,預設,法杖,,,1,heal,type,mp,,0,,須蓄力,不可放入連擊的第一招,一般,4.5-Math.floor((SLv-1)/3)*0.5
,,,,,,,,constant,200+10*SLv,,,,,,,
,,,,,,,,action_frame,111~66,,,,,,,
,,,,,,2,text,text,此技能的詠唱時間可被詠唱速度縮短，縮短量最多1秒。,,,,,,,
,,,,,,-,tips,text,此效果僅可縮短詠唱時間，若詠唱速度為負也不會使時間變長。,,,,,,,
10,,非預設,魔導具,魔導具,,1,,constant,250+10*SLv,,,,,,,6-Math.floor((SLv-1)/3)*2/3
10,,非預設,,,,1,,constant,200+10*SLv,,,,,,,9-Math.floor((SLv-1)/3)
10,,歷史紀錄,0,2019/06/24,,-,text,text,追加：此技能的詠唱時間可被詠唱速度縮短，縮短量最多1秒。,,,,,,,
,,,,,,2,,text,此技能的詠唱時間不受詠唱速度影響。,,,,,,,
10,,歷史紀錄,1,2019/06/24,,-,text,text,追加：此技能的詠唱時間可被詠唱速度縮短，縮短量最多1秒。,,,,,,,
,,,,,,2,,text,此技能的詠唱時間不受詠唱速度影響。,,,,,,,
10,,歷史紀錄,2,2019/06/24,,-,text,text,追加：此技能的詠唱時間可被詠唱速度縮短，縮短量最多1秒。,,,,,,,
,,,,,,2,,text,此技能的詠唱時間不受詠唱速度影響。,,,,,,,
11,縮時詠唱,預設,法杖,,,-,text,text,使施放「法術/飛箭」後，能獲得省略詠唱狀態。,,,,被動,,,
,,,,,,,,skill,法術/飛箭,,,,,,,
,,,,,,,,mark,省略詠唱,,,,,,,
,,,,,,,,is_mark,1,,,,,,,
,,,,,,-,next,name,省略詠唱,,,,,,,
,,,,,,,,caption,施放法術技能時，根據該技能是否有詠唱時間，賦予不同的效果。,,,,,,,
,,,,,,,,skill_tree,法術技能,,,,,,,
,,,,,,-,extra,condition,有詠唱時間的技能,,,,,,,
,,,,,,,,caption,詠唱時間減少${SLv*5}%,,,,,,,
,,,,,,-,extra,condition,無詠唱時間的技能,,,,,,,
,,,,,,,,caption,動作時間減少${SLv*5}%。,,,,,,,
,,,,,,-,list,text,2022/12/15技能調整後，省略詠唱將不顯示於狀態欄。,,,,,,,
,,,,,,,,mark,省略詠唱,,,,,,,
,,,,,,-,text,text,主手為杖/魔導時，每次使用有詠唱時間的攻擊技能並成功命中時，熟練詠唱狀態層數+1、並將持續時間變為30秒。,,,,,,,
,,,,,,,,mark,"熟練詠唱,有詠唱時間,成功命中",,,,,,,
,,,,,,,,is_mark,1,,,,,,,
,,,,,,1,stack,name,熟練詠唱層數,,,,,,,
,,,,,,,,min,0,,,,,,,
,,,,,,,,max,10,,,,,,,
,,,,,,,,default,10,,,,,,,
,,,,,,,,id,1,,,,,,,
,,,,,,2,effect,name,熟練詠唱,,,,,,,
,,,,,,,,matk,SLv*stack,,,,,,,
,,,,,,,,stability_magic,Math.floor(SLv*stack/5),,,,,,,
,,,,,,,,duration,30,,,,,,,
,,,,,,,,stack_id,1,,,,,,,
,,,,,,,,condition,詠唱技能命中後,,,,,,,
,,,,,,3,extra,caption,減少所有技能的基礎詠唱時間${stack*0.1}秒。（此效果最多將詠唱時間減少至1秒，低於1秒無法生效）,,,,,,,
,,,,,,,,stack_id,1,,,,,,,
,,,,,,4,list,text,對於多段傷害與範圍傷害，每下傷害命中都能提昇一層熟練詠唱層數。,,,,,,,
,,,,,,,,mark,熟練詠唱,,,,,,,
,,,,,,5,list,text,熟練詠唱狀態倒數結束時狀態不會消失，而是層數-1後將狀態重置回30秒，直到層數為0。,,,,,,,
,,,,,,,,mark,熟練詠唱,,,,,,,
,,,,,,6,list,text,關於魔法穩定率提升效果，請詳閱#[魔法穩定率]名詞說明。,,,,,,,
,,,,,,,,,,,,,,,,
,,,,,,7,list,text,法術/長槍沒有詠唱時間，但也能獲得熟練詠唱狀態。法術/衝擊波、法術/爆能之類於特定狀態下能夠瞬發的技能，也可以獲取狀態。,,,,,,,
,,,,,,,,skill,"法術/長槍,法術/衝擊波,法術/爆能",,,,,,,
,,,,,,8,list,text,變時神術所發動的技能若本來可以疊層，則變時神術也能獲取熟練詠唱。,,,,,,,
,,,,,,,,skill,變時神術,,,,,,,
,,,,,,9,tips,text,但魔法火神無法獲取熟練詠唱狀態，其餘非魔法技能樹的詠唱技能尚待測試。,,,,,,,
,,,,,,,,skill,魔法火神,,,,,,,
11,,非預設,魔導具,,,2,,stability_magic,Math.floor(SLv*stack/10),,,,,,,
11,,非預設,,,,1,,,,,,,,,,
,,,,,,2,,,,,,,,,,
,,,,,,3,,,,,,,,,,
,,,,,,4,,,,,,,,,,
,,,,,,5,,,,,,,,,,
,,,,,,6,,,,,,,,,,
,,,,,,7,,,,,,,,,,
,,,,,,8,,,,,,,,,,
,,,,,,9,,,,,,,,,,
11,,歷史紀錄,0,2022/12/15,,-,text,text,增加主法杖/魔導具時的追加效果（熟練詠唱狀態）,,,,,,,
11,,歷史紀錄,1,2022/12/15,,-,text,text,增加主法杖/魔導具時的追加效果（熟練詠唱狀態）,,,,,,,
12,強射,預設,法杖,,,-,text,text,進行一般攻擊時若距離不足，該次一般攻擊將替換為魔法彈。,,,,被動,,,
,,,,,,,,mark,魔法彈,,,,,,,
,,,,,,,,is_mark,1,,,,,,,
,,,,,,1,damage,name,魔法彈,,,,,,,
,,,,,,,,multiplier,40+SLv*5,,,,,,,
,,,,,,,,damage_type,magic,,,,,,,
,,,,,,-,proration,damage,normal_attack,,,,,,,
,,,,,,2,list,text,魔法彈最大射程：${(Math.floor(SLv/2)+7)}m,,,,,,,
,,,,,,,,mark,魔法彈,,,,,,,
,,,,,,-,list,text,魔法彈等同於普通攻擊，會觸發所有普通攻擊會觸發的效果。包括攻擊MP恢復、慣性、乘勝追擊等。,,,,,,,
,,,,,,,,skill,乘勝追擊,,,,,,,
,,,,,,,,mark,魔法彈,,,,,,,
,,,,,,-,list,text,處於爆氣斬附加的狀態時，此技能將會完全失效。,,,,,,,
,,,,,,,,skill,爆氣斬,,,,,,,
,,,,,,-,,backup,裝備#[雷吉斯托環]「強射．變化」：失去延長射程的效果，但一般攻擊倍率增加${Math.floor(SLv/2)}~${Math.floor(SLv/2)+5}%。,,,,,,,
,,,,,,,,,,,,,,,,
12,,非預設,魔導具,魔導具,,1,,multiplier,70+SLv*5,,,,,,,
,,,,,,2,,text,魔法彈射程：${(Math.floor(SLv/2)+5)}m,,,,,,,
12,,非預設,,,,1,,multiplier,SLv*5,,,,,,,
,,,,,,2,,text,魔法彈射程：${(Math.floor(SLv/2)+5)}m,,,,,,,
13,魔力灌充,預設,法杖,,,1,heal,type,mp,,300,,須詠唱,可以放入連擊,快,"17.5-Math.min(5,SLv)*0.5-Math.max(0,SLv-5)"
,,,,,,,,constant,1500,,,,,,,
,,,,,,,,action_frame,61~37,,,,,,,
,,,,,,2,effect,caption,詠唱時間減少${stack}秒。,,,,,,,
,,,,,,,,condition,在魔力充填之後使用,,,,,,,
,,,,,,,,skill,魔力充填,,,,,,,
,,,,,,,,type,none,,,,,,,
,,,,,,,,stack_id,1,,,,,,,
,,,,,,3,stack,name,魔力充填等級,,,,,,,
,,,,,,,,min,0,,,,,,,
,,,,,,,,max,10,,,,,,,
,,,,,,,,default,10,,,,,,,
,,,,,,,,id,1,,,,,,,
,,,,,,-,list,text,此技能詠唱時間不受詠唱速度影響。,,,,,,,
13,,非預設,魔導具,魔導具,,1,,constant,1700,,,,,,,
13,,非預設,,,,1,,constant,1000,,,,,,,
,,,,,,2,,,,,,,,,,
,,,,,,3,,,,,,,,,,
14,法術/光護,預設,法杖,,,-,text,text,施放成功後，給予自己光護狀態。,,300,,瞬發,可以放入連擊,,
,,,,,,,,is_mark,1,,,,,,,
,,,,,,,,mark,光護,,,,,,,
,,,,,,2,effect,name,光護,,,,,,,
,,,,,,,,caption,在符合條件的時機時，給予其光護彈攻擊。總計可射出${SLv*(SLv+1)/2}發。,,,,,,,
,,,,,,,,branch,光護彈,,,,,,,
,,,,,,,,condition,對符合條件的目標,,,,,,,
,,,,,,,,action_frame,171~97,,,,,,,
,,,,,,3,list,text,「符合條件的目標」：指與自身距離小於8米。另外目標仇恨是否指向自身，會影響下述的觸發條件。,,,,,,,
,,,,,,,,mark,"1., 2., 符合條件的目標",,,,,,,
,,,,,,-,list,text,「符合條件的時機」指在以下兩個條件中的其中一種：1.詠唱以「法術/」命名、且有詠唱時間的技能期間。2.目標被自身發出的魔法技能傷害後尚未死亡時。其中，條件1需要目標仇恨為自己方有效。,,,,,,,
,,,,,,,,mark,"1., 2., 符合條件的時機",,,,,,,
,,,,,,-,list,text,處於詠唱時發射的光護彈，頻率為每秒對每個目標發射一次；而在攻擊後追加的光護彈則僅發射一次。（24m射程）,,,,,,,
,,,,,,,,mark,光護彈,,,,,,,
,,,,,,-,list,text,光護會對所有符合條件的目標，在符合條件的時機發動光護彈，每下傷害都會消耗一次剩餘次數。,,,,,,,
,,,,,,,,mark,"光護彈, 光護",,,,,,,
,,,,,,1,proration,damage,magic,,,,,,,
,,,,,,,,proration,none,,,,,,,
,,,,,,-,damage,name,光護彈,,,,,,,
,,,,,,,,damage_type,magic,,,,,,,
,,,,,,,,element,neutral,,,,,,,
,,,,,,,,constant,300,,,,,,,
,,,,,,,,multiplier,50+$INT*1,,,,,,,
,,,,,,,,ailment_name,逼退,,,,,,,
,,,,,,,,ailment_chance,100,,,,,,,
,,,,,,,,detail_display,0,,,,,,,
,,,,,,,,combo_rate,0,,,,,,,
,,,,,,,,range_damage,0,,,,,,,
,,,,,,-,list,text,逼退距離約4米，無法逼退BOSS級敵人。,,,,,,,
,,,,,,-,list,text,連擊效果不影響此技能傷害。,,,,,,,
14,,非預設,魔導具,,,,,,,,,,,,,
14,,歷史紀錄,0,2020/04/16,,-,text,text,更改造成慣性。,,,,,,,
,,,,,,1,,proration,magic,,,,,,,
14,,歷史紀錄,1,2020/04/16,,-,text,text,更改造成慣性。,,,,,,,
,,,,,,1,,proration,magic,,,,,,,
14,,歷史紀錄,0,2024/4/18,,-,text,text,更改目標條件、提升次數。,,,,,,,
,,,,,,2,,caption,在符合條件的時機時，給予其光護彈攻擊。總計可射出${SLv}發。,,,,,,,
,,,,,,3,list,text,「符合條件的目標」須同時滿足兩個條件：1.敵人的仇恨目標為自身，2.以及與自身距離小於8米。,,,,,,,
14,,歷史紀錄,1,2024/4/18,,-,text,text,更改目標條件、提升次數。,,,,,,,
,,,,,,2,,caption,在符合條件的時機時，給予其光護彈攻擊。總計可射出${SLv}發。,,,,,,,
,,,,,,3,list,text,「符合條件的目標」須同時滿足兩個條件：1.敵人的仇恨目標為自身，2.以及與自身距離小於8米。,,,,,,,
15,變時神術,預設,魔導具,,,1,effect,,,,0,-,瞬發,無法放入連擊,,
,,,,,,,,caption,使用此技能後，立即發動上一個使用的魔法技能（無須詠唱），使用後進入${16-SLv}秒的冷卻。,,,,,,,
,,,,,,,,is_mark,1,,,,,,,
,,,,,,,,action_frame,182~97,,,,,,,
,,,,,,-,list,text,滿足條件時，使用魔法技能後角色頭上會出現沙漏圖示，即表示該技能已被設定為變時神術即將再發動的技能。,,,,,,,
,,,,,,-,list,text,此技能的消費MP與上一個魔法技能發動時的實際消費MP相同。,,,,,,,
,,,,,,,,mark,實際消費MP,,,,,,,
,,,,,,-,list,text,但技能傷害不受原先的連擊效果影響。,,,,,,,
,,,,,,2,list,text,MP不足時無法發動此技能。,,,,,,,
,,,,,,-,list,text,能發動魔法技能樹中的大部分技能，除了法術結界外。,,,,,,,
,,,,,,,,mark,法術結界,,,,,,,
,,,,,,-,list,text,可以觸發縮時詠唱的效果，但無法提升法術/爆能的詠咒層數。,,,,,,,
,,,,,,,,skill,"縮時詠唱,法術/爆能",,,,,,,
,,,,,,-,list,text,對於法術/魔法砲，此技能只在發射魔法砲時能再次發動，並且威力按照上次發動時的充填百分比計算。,,,,,,,
,,,,,,,,skill,法術/魔法砲,,,,,,,
15,,歷史紀錄,0,2024/4/18,,1,,caption,使用此技能後，立即發動上一個使用的魔法技能（無須詠唱），使用後進入${13-Math.floor((SLv-1)/2)}秒的冷卻。若MP不足以發動，則會支付HP作為代價發動，每![1]點不足的MP消耗最大HP的${(11-SLv)*0.1}%。,,,,,,,
,,,,,,2,list,text,此技能的支付HP可以導致角色死亡，且若因此死亡，將不可被急救、使用復活之露、點擊重新再戰按鈕。,,,,,,,
16,法術/魔法砲,預設,法杖,,,-,text,text,初次使用時，給予自身魔砲充填效果，再次使用時發射魔法砲，依據充填百分比造成傷害。,,0,-,瞬發,可以放入連擊,,
,,,,,,,,is_mark,1,,,,,,,
,,,,,,,,mark,"魔砲充填, 魔法砲",,,,,,,
,,,,,,-,effect,name,魔砲充填,,,,,,,
,,,,,,,,caption,使下次使用本技能時，消費MP變為700，並持續累積充填百分比，若發動了部分魔法技能，充填百分比將進一步提升。,,,,,,,
,,,,,,,,mark,充填百分比,,,,,,,
,,,,,,,,action_frame,61~37,,,,,,,
,,,,,,-,list,text,充填在100%以下時，每1秒提升1%充填百分比；充填在100%以上時則每2秒提升1%。,,,,,,,
,,,,,,,,mark,充填百分比,,,,,,,
,,,,,,-,list,text,魔砲充填的動作時間，通常不受行動速度的影響。但可利用連擊效果「迅速」，達到行動速度50%。,,,,,,,
,,,,,,,,mark,魔砲充填,,,,,,,
,,,,,,-,tips,text,技能提升充填百分比的數量,,,,,,,
,,,,,,-,group,size,1,,,,,,,
,,,,,,-,list,text,以下僅有技能等級LV10的資料，另外，詠唱速度越高，提升層數越多。（部分技能例外）,,,,,,,
,,,,,,,,mark,"詠唱速度, 充填百分比",,,,,,,
,,,,,,-,list,text,以下用到的詠唱加速，定義為：詠唱速度給予的詠唱時間短縮量。1000CSPD以下時，每20提升1%；1000CSPD以上時，每180提升1%。,,,,,,,
,,,,,,,,mark,"詠唱加速,詠唱速度",,,,,,,
,,,,,,-,list,text,舉例而言，![2000]CSPD，下方公式的詠唱加速以${0.55}代入。,,,,,,,
,,,,,,,,mark,"詠唱加速,詠唱速度",,,,,,,
,,,,,,3,list,text,通常公式：((實際詠唱時間×技能等級+80×詠唱加速))。以下技能適用此公式：法術/飛箭、法術/長槍、法術/魔法槍、法術/引爆、法術/障壁、法術/暴風、法術/毀滅、法術/終結、法術/爆能、祈禱、神聖光輝、空靈障壁、法術結界、空靈閃焰、復甦、反擊勢力、天外長槍。,,,,,,,
,,,,,,,,skill,"法術/飛箭,法術/魔法槍,法術/毀滅,法術/終結,法術/爆能,祈禱,空靈障壁,法術結界,法術/長槍,神聖光輝,空靈閃焰,法術/引爆,法術/障壁,法術/暴風",,,,,,,
,,,,,,-,list,text,當前充填百分比已達100%時，技能給予的層數一樣會減半。,,,,,,,
,,,,,,,,,,,,,,,,
,,,,,,4,list,text,法術/衝擊波、附魔劍擊，命中敵人後提升((40×詠唱加速))充填百分比。,,,,,,,
,,,,,,,,skill,"法術/衝擊波,附魔劍擊",,,,,,,
,,,,,,5,list,text,魔力灌充，直接使用時遵循通常公式，但接在魔力充填後使用時變為提升((40×詠唱加速))。,,,,,,,
,,,,,,,,skill,魔力灌充,,,,,,,
,,,,,,-,list,text,以下技能可以提升充填百分比，但公式尚未測試：祝福、高貴治癒、魔力水晶、帝王之光、腥紅血淚、懲戒之槍、傳送。,,,,,,,
,,,,,,,,skill,"祝福,神聖光輝,高貴治癒,空靈閃焰,附魔劍擊,魔力水晶,帝王之光,腥紅血淚,懲戒之槍,傳送",,,,,,,
,,,,,,-,list,text,技能縮時詠唱提供的詠唱時間減免，會降低公式中的實際詠唱時間，卻不提供詠唱加速。,,,,,,,
,,,,,,,,skill,縮時詠唱,,,,,,,
,,,,,,-,space,#,,,,,,,,
,,,,,,-,stack,name,充填百分比,,,,,,,
,,,,,,,,min,0,,,,,,,
,,,,,,,,max,200,,,,,,,
,,,,,,,,default,100,,,,,,,
,,,,,,,,unit,%,,,,,,,
,,,,,,,,id,1,,,,,,,
,,,,,,,,step,10,,,,,,,
,,,,,,-,proration,damage,magic,,,,,,,
,,,,,,1,damage,name,魔法砲,,,,,,,
,,,,,,,,constant,700+stack,,,,,,,
,,,,,,,,multiplier,"3*SLv*stack+$BINT*Math.min(5,Math.floor((stack-1)/20)+1)",,,,,,,
,,,,,,,,range_damage,1,,,,,,,
,,,,,,,,damage_type,magic,,,,,,,
,,,,,,,,frequency,"Math.min(5,Math.floor(stack/20)+1)",,,,,,,
,,,,,,,,frequency_judgment,none,,,,,,,
,,,,,,,,judgment,separate,,,,,,,
,,,,,,,,type,AOE,,,,,,,
,,,,,,,,effective_area,line,,,,,,,
,,,,,,,,radius,2,,,,,,,
,,,,,,,,move_distance,100,,,,,,,
,,,,,,,,stack_id,1,,,,,,,
,,,,,,,,action_frame,182~97,,,,,,,
,,,,,,-,extra,caption,解除自身的#[魔力爆發]異常。,,,,,,,
,,,,,,6,extra,caption,阻擋貫穿+${stack-100}%。,,,,,,,
,,,,,,,,condition,充填大於100%時,,,,,,,
,,,,,,2,list,text,低於100%時，技能倍率以每((${60*SLv}%+基礎INT))為單位拆分成一段傷害，高於100%時，超出${300*SLv}%的技能倍率，按順序提升每段傷害的倍率，每段傷害最終達到${120*SLv}%倍率後即不再提升；面對限傷時每段傷害均單獨計算上限。,,,,,,,
,,,,,,-,tips,text,例如，總倍率為${80*SLv}%，則造成${60*SLv}%與${20*SLv}%的兩段傷害；總倍率為${350*SLv}%，則第一段傷害為${110*SLv}%，剩餘4段傷害皆為${60*SLv}%。,,,,,,,
,,,,,,,,,,,,,,,,
,,,,,,-,list,text,此技能射程在系統上視為![100]m，但實際上，對於超出![24]m的怪物，須先使其在活躍狀態下(有顯示血條)才能造成傷害。,,,,,,,
,,,,,,-,list,text,此技能的傷害將同時受「魔砲充填」及「魔法砲」，兩者的連擊效果影響，但同樣的連擊效果無法重覆作用。並且，最終連擊傷害倍率不會超過![150%]。,,,,,,,
,,,,,,,,mark,"魔砲充填, 魔法砲",,,,,,,
,,,,,,-,tips,text,例如，充能時受到「補位-60%」、「增幅+50%」連擊效果，而發射時受到「增幅+50%」連擊效果，則連擊倍率是「1-60%+50%+0%（增幅效果重複）」，即90%，而非140%。,,,,,,,
,,,,,,-,list,text,當技能效果為「魔砲充填」時，此技能被視為狀態類技能，故部分連擊效果無法生效。,,,,,,,
,,,,,,,,mark,"魔砲充填, 魔法砲",,,,,,,
,,,,,,-,tips,text,目前已確認：#[吸血]的吸血效果、#[心眼]，放在「充能」連擊中無效；吸血的血氣效果、#[增幅]有效。,,,,,,,
,,,,,,-,list,text,此技能雖然看似能以0MP消耗作為連擊起點，但若這麼做，實際上僅在發射時可使用該連擊。,,,,,,,
,,,,,,-,list,text,此技能僅在效果為「魔法砲」時會積累法術/爆能的詠咒層數，「魔砲充填」時則不會。,,,,,,,
,,,,,,,,skill,法術/爆能,,,,,,,
,,,,,,,,mark,"魔砲充填, 魔法砲",,,,,,,
,,,,,,,,,,,,,,,,
16,,非預設,魔導具,魔導具,,1,,multiplier,3*SLv*stack,,,,,,,
,,,,,,,,radius,3,,,,,,,
,,,,,,,,constant,700+stack*3,,,,,,,
,,,,,,2,,text,低於100%時，技能倍率以每${60*SLv}%為單位拆分成一段傷害，高於100%時，超出${300*SLv}%的技能倍率，按順序提升每段傷害的倍率，每段傷害最終達到${120*SLv}%倍率後即不再提升；面對限傷時每段傷害均單獨計算上限。,,,,,,,
16,,非預設,,,,1,,multiplier,3*SLv*stack,,,,,,,
,,,,,,2,,text,低於100%時，技能倍率以每${60*SLv}%為單位拆分成一段傷害，高於100%時，超出${300*SLv}%的技能倍率，按順序提升每段傷害的倍率，每段傷害最終達到${120*SLv}%倍率後即不再提升；面對限傷時每段傷害均單獨計算上限。,,,,,,,
,,,,,,3,list,text,通常公式：((實際詠唱時間×技能等級+40×詠唱加速))。以下技能適用此公式：法術/飛箭、法術/長槍、法術/魔法槍、法術/引爆、法術/毀滅、法術/終結、法術/爆能、祈禱、神聖光輝、空靈障壁、法術結界、空靈閃焰、復甦、反擊勢力、天外長槍。,,,,,,,
,,,,,,4,list,text,法術/衝擊波、附魔劍擊，命中敵人後提升((40×詠唱加速))充填百分比。,,,,,,,
,,,,,,,,skill,"法術/衝擊波,附魔劍擊",,,,,,,
,,,,,,5,list,text,魔力灌充，直接使用時遵循通常公式，但接在魔力充填後使用時變為提升((40×詠唱加速))。,,,,,,,
16,,歷史紀錄,0,2024/4/18,,-,text,text,提升所有技能給予的充能百分比。,,,,,,,
,,,,,,6,,,,,,,,,,
16,,歷史紀錄,1,2024/4/18,,-,text,text,提升所有技能給予的充能百分比。,,,,,,,
,,,,,,6,,,,,,,,,,
17,法術/毀滅,預設,法杖,,,-,text,text,召喚3個隕石，隕石將在鎖定目標周遭的小範圍內降落。隕石若有命中敵人，會分裂並再次墜落，最高可分裂2次(總計9發)，分裂越多次威力越小。,,400,12,須詠唱,可以放入連擊,,2
,,,,,,,,is_mark,1,,,,,,,
,,,,,,-,list,text,目標體積越大，隕石的隨機墜落範圍也越大；墜落位置會跟隨目標移動。,,,,,,,
,,,,,,-,proration,damage,magic,,,,,,,
,,,,,,1,damage,name,主隕石,,,,,,,
,,,,,,,,constant,400,,,,,,,
,,,,,,,,multiplier,300+20*SLv+$BINT/3,,,,,,,
,,,,,,,,ailment_name,降防或眩暈其中之一,,,,,,,
,,,,,,,,ailment_chance,20,,,,,,,
,,,,,,,,type,AOE,,,,,,,
,,,,,,,,damage_type,magic,,,,,,,
,,,,,,,,radius,2.5,,,,,,,
,,,,,,,,end_position,target,,,,,,,
,,,,,,,,range_damage,0,,,,,,,
,,,,,,,,action_frame,122~73,,,,,,,
,,,,,,2,damage,name,第一次分裂,,,,,,,
,,,,,,,,constant,400,,,,,,,
,,,,,,,,multiplier,200+20*SLv,,,,,,,
,,,,,,,,ailment_name,降防或眩暈其中之一,,,,,,,
,,,,,,,,ailment_chance,30,,,,,,,
,,,,,,,,type,AOE,,,,,,,
,,,,,,,,damage_type,magic,,,,,,,
,,,,,,,,radius,2.5,,,,,,,
,,,,,,,,end_position,target,,,,,,,
,,,,,,,,range_damage,0,,,,,,,
,,,,,,3,damage,name,第二次分裂,,,,,,,
,,,,,,,,constant,400,,,,,,,
,,,,,,,,multiplier,100+20*SLv,,,,,,,
,,,,,,,,ailment_name,降防或眩暈其中之一,,,,,,,
,,,,,,,,ailment_chance,60,,,,,,,
,,,,,,,,type,AOE,,,,,,,
,,,,,,,,damage_type,magic,,,,,,,
,,,,,,,,radius,2.5,,,,,,,
,,,,,,,,end_position,target,,,,,,,
,,,,,,,,range_damage,0,,,,,,,
,,,,,,-,list,text,隕石按照主隕石(第1發)→主隕石(第2發)→主隕石(第3發)→第一次分裂(第1發)→第一次分裂(第2發)...的順序落下，如果隕石未分裂，對應的位置便會留空，不會使下一發隕石提前墜落。,,,,,,,
,,,,,,,,mark,"主隕石,第一次分裂,第二次分裂",,,,,,,
,,,,,,-,list,text,每發隕石落下的時間間隔為0.5秒。,,,,,,,
,,,,,,-,list,text,#[降防]效果時間5秒，#[眩暈]為10秒。,,,,,,,
,,,,,,-,tips,text,各屬性下的技能名稱,,,,,,,
,,,,,,-,group,size,1,,,,,,,
,,,,,,-,list,text,無屬性｜法術/毀滅｜,,,,,,,
,,,,,,-,list,text,火屬性｜流星雨｜,,,,,,,
,,,,,,-,list,text,水屬性｜冰雹｜,,,,,,,
,,,,,,-,list,text,地屬性｜墜石擊｜,,,,,,,
,,,,,,-,list,text,風屬性｜雷擊石｜,,,,,,,
,,,,,,-,list,text,光屬性｜隕星之光｜ ,,,,,,,
,,,,,,-,list,text,暗屬性｜宇宙｜,,,,,,,
17,,非預設,魔導具,魔導具,,1,,multiplier,300+20*SLv,,,,,,,
,,,,,,,,radius,3.5,,,,,,,
,,,,,,,,ailment_chance,40,,,,,,,
,,,,,,2,,radius,3.5,,,,,,,
,,,,,,,,ailment_chance,60,,,,,,,
,,,,,,3,,radius,3.5,,,,,,,
,,,,,,,,ailment_chance,100,,,,,,,
17,,非預設,,,,1,,multiplier,300+20*SLv,,,,,,,
,,,,,,,,radius,2,,,,,,,
,,,,,,,,ailment_chance,10,,,,,,,
,,,,,,2,,radius,2,,,,,,,
,,,,,,,,ailment_chance,15,,,,,,,
,,,,,,3,,radius,2,,,,,,,
,,,,,,,,ailment_chance,30,,,,,,,
18,急速充填,預設,法杖,,,-,text,text,縮短魔力充填的詠唱時間，若接著魔力充填使用魔力灌充後，獲得魔力充盈狀態。,,,,被動,,,
,,,,,,,,is_mark,1,,,,,,,
,,,,,,,,skill,"魔力充填, 魔力灌充",,,,,,,
,,,,,,,,branch,魔力充盈,,,,,,,
,,,,,,-,passive,caption,"縮短魔力充填的最終詠唱時間${0.2*Math.min(5,SLv)}秒。",,,,,,,
,,,,,,1,stack,name,魔力灌充實際回復的MP量,,,,,,,
,,,,,,,,min,0,,,,,,,
,,,,,,,,max,1500,,,,,,,
,,,,,,,,default,1500,,,,,,,
,,,,,,,,id,1,,,,,,,
,,,,,,,,step,50,,,,,,,
,,,,,,-,tips,text,實際回復MP量，在魔力灌充自身的消費MP消耗後計算，亦即若不使用連擊則實際回復量至少有300MP。,,,,,,,
,,,,,,-,stack,name,角色的魔法貫穿,,,,,,,
,,,,,,,,min,0,,,,,,,
,,,,,,,,max,100,,,,,,,
,,,,,,,,default,0,,,,,,,
,,,,,,,,id,2,,,,,,,
,,,,,,,,value,@C.stat('magic_pierce'),,,,,,,
,,,,,,,,postpone,1,,,,,,,
,,,,,,2,effect,name,魔力充盈,,,,,,,
,,,,,,,,condition,符合條件時,,,,,,,
,,,,,,,,duration,"40+10*Math.max(0,SLv-5)",,,,,,,
,,,,,,,,matk,"Math.floor(stack[0]/10+Math.max(0,Math.min(stack[1]*5-100,150)-(1500-stack[0])/10))",,,,,,,
,,,,,,,,magic_pierce,"Math.max(0,Math.floor(stack[0]/50)-Math.max(0,stack[1]-20))",,,,,,,
,,,,,,,,,,,,,,,,
,,,,,,,,stack_id,"1,2",,,,,,,
,,,,,,-,list,text,本技能增加的魔法貫穿，不會作用於本技能MATK加成中與魔法貫穿有關的部分。,,,,,,,
,,,,,,,,mark,魔法貫穿,,,,,,,
,,,,,,-,list,text,本技能的魔法貫穿加成僅在角色原始魔法貫穿低於50%時有效，並且加成後，最終魔法貫穿不會超過50%。,,,,,,,
,,,,,,,,mark,魔法貫穿,,,,,,,
18,,非預設,魔導具,魔導具,,1,,max,1700,,,,,,,
,,,,,,,,default,1700,,,,,,,
,,,,,,2,,matk,"Math.floor(stack[0]/10+Math.max(0,Math.min(stack[1]*5-100,170)-(1500-stack[0])/10))",,,,,,,
,,,,,,,,magic_pierce,"Math.max(0,Math.floor(stack[0]/50)-Math.max(0,stack[1]-16))",,,,,,,
18,,歷史紀錄,0,2022/04/21,,2,,magic_pierce,0,,,,,,,
18,,歷史紀錄,1,2022/04/21,,2,,magic_pierce,0,,,,,,,
19,法術結界,預設,法杖,,,-,text,text,在自身當前位置上放置半徑2.5m的結界，在結界耐久未耗盡時，處於結界內獲取結界守護狀態。,,400,,瞬發,可以放入連擊,稍快,
,,,,,,,,is_mark,1,,,,,,,
,,,,,,,,mark,結界守護,,,,,,,
,,,,,,1,effect,name,結界守護,,,,,,,
,,,,,,,,is_place,1,,,,,,,
,,,,,,,,type,self,,,,,,,
,,,,,,,,end_condition,直到結界耐久耗盡之前,,,,,,,
,,,,,,,,condition,自身，在結界內時,,,,,,,
,,,,,,,,caption,"受到物理/魔法傷害時，首先使傷害值-${25+5*SLv}%。然後依傷害來源距離，再減輕![50%]~![100%]傷害，並依後者所減少的傷害量，消耗結界耐久。<br>
受到百分比傷害時，減輕![50%]傷害，依據所減少的傷害量消耗結界耐久。",,,,,,,
,,,,,,,,mark,"物理/魔法傷害,百分比傷害,傷害來源距離",,,,,,,
,,,,,,-,extra,motion_speed,5+2*SLv,,,,,,,
,,,,,,-,extra,caption,詠唱#[膽怯]無效。,,,,,,,
,,,,,,-,extra,caption,法術/爆能的詠咒層數額外+1。,,,,,,,
,,,,,,,,skill,法術/爆能,,,,,,,
,,,,,,,,condition,每次施放法術技能樹中的攻擊技能,,,,,,,
,,,,,,-,extra,caption,法術/終結的詠唱時間-1秒,,,,,,,
,,,,,,,,skill,法術/終結,,,,,,,
,,,,,,-,extra,caption,僅限一次，將過載變為99%、將當前結界耐久度減去一半。該次不遺餘力仍然有下一招技能MP減半與必定爆擊效果。,,,,,,,
,,,,,,,,condition,不遺餘力的過載百分比超過100%時,,,,,,,
,,,,,,,,skill,不遺餘力,,,,,,,
,,,,,,,,mark,過載,,,,,,,
,,,,,,-,extra,caption,消耗MP造成的恨意值，減少![75%]，最少減至100仇恨。此效果與普通的恨意值增減是疊乘關係，作用在其之前。,,,,,,,
,,,,,,,,condition,所有技能,,,,,,,
,,,,,,-,extra,caption,無須詠唱即可發動。,,,,,,,
,,,,,,,,condition,每次使用此技能後的首次魔力灌充,,,,,,,
,,,,,,,,skill,魔力灌充,,,,,,,
,,,,,,2,list,text,結界最大耐久=((武器基礎ATK*武器穩定率(100%時代入1)*角色總INT/7.5))×((1+角色的HP百分比加成))+((角色的HP常數加成))。(※耐久至少會有100),,,,,,,
,,,,,,-,tips,text,此處的HP加成，包括裝備、時裝、料理、藥品、雷吉斯托環的加成，但不包括技能加成。,,,,,,,
,,,,,,-,list,text,結界剩餘耐久會在地上以紅色圈表示，耐久越低紅圈越小。,,,,,,,
,,,,,,-,list,text,結界未消失前重複施展此技能，結界剩餘耐久不重置，僅僅只是變更位置。,,,,,,,
,,,,,,-,tips,text,同理，結界被破壞後即使重新設置，也僅會以極低耐久度的狀態被召出。,,,,,,,
,,,,,,-,list,text,在結界內恢復MP時（諸如攻擊MP恢復、狀態或藥品的MP回復、自然MP回復等等），都會稍微恢復結界耐久。恢復耐久量=((結界最大耐久×[回復的MP量÷100]%))。,,,,,,,
,,,,,,-,tips,text,超出自身MP上限的回復量亦算數，例如MP為0與MP為滿時使用魔力灌充，恢復耐久度相同。,,,,,,,
,,,,,,3,tips,text,例外的是，利用法術結界快速施放的「魔力灌充」不回復結界HP。,,,,,,,
,,,,,,,,mark,魔力灌充,,,,,,,
,,,,,,-,list,text,受傷時，結界所能減輕的傷害比率為：傷害來源距自身8m以上，減輕![100%]傷害；距自身7m以下，減輕![50%]。,,,,,,,
,,,,,,-,list,text,不遺餘力的迴避過載效果僅限一次，而且若發動過此效果，即使等待過載狀態3分鐘後自動消失，再使用不遺餘力時仍會視為過載達100%。,,,,,,,
,,,,,,,,skill,不遺餘力,,,,,,,
,,,,,,,,mark,過載,,,,,,,
,,,,,,-,reference,url,https://imgur.com/Y5SkPKj,,,,,,,
,,,,,,,,url_text,舊技能效果存檔,,,,,,,
,,,,,,-,reference,url,https://docs.google.com/document/d/10J020AqESlXCWM1hxLTDoW8HelCHsCaUkwSmnmYzAtE/,,,,,,,
,,,,,,,,url_text,結界耐久資料來源,,,,,,,
19,,非預設,魔導具,,,,,,,,,,,,,
19,,歷史紀錄,0,2024/04/18,,-,text,text,技能效果全改，舊技能請看參考連結存檔。,,,,,,,
19,,歷史紀錄,1,2024/04/18,,-,text,text,技能效果全改，舊技能請看參考連結存檔。,,,,,,,
19,,歷史紀錄,0,2025/04/24,,-,text,text,"利用法術結界快速施放的「魔力灌充」將不再回復結界HP。<br>
減輕百分比傷害時，結界HP扣減更快。<br>
結界HP現在受到""角色最大HP""相關加成影響。",,,,,,,
,,,,,,1,,caption,受到傷害時，首先使傷害值-${25+5*SLv}%。然後依傷害來源距離，再減輕![50%]~![100%]傷害，並依後者所減少的傷害量，消耗結界耐久。,,,,,,,
,,,,,,2,,text,結界最大耐久=((武器基礎ATK*武器穩定率(100%時代入1)*角色總INT/7.5))。(※耐久至少會有100),,,,,,,
,,,,,,3,,,,,,,,,,
19,,歷史紀錄,1,2025/04/24,,-,text,text,"利用法術結界快速施放的「魔力灌充」將不再回復結界HP。<br>
減輕百分比傷害時，結界HP扣減更快。<br>
結界HP現在受到""角色最大HP""相關加成影響。",,,,,,,
,,,,,,1,,caption,受到傷害時，首先使傷害值-${25+5*SLv}%。然後依傷害來源距離，再減輕![50%]~![100%]傷害，並依後者所減少的傷害量，消耗結界耐久。,,,,,,,
,,,,,,2,,text,結界最大耐久=((武器基礎ATK*武器穩定率(100%時代入1)*角色總INT/7.5))。(※耐久至少會有100),,,,,,,
,,,,,,3,,,,,,,,,,
19,,歷史紀錄,0,2025/06/26,,-,text,text,雖然公告更新了百分比傷害計算，但實際並無影響。,,,,,,,
19,,歷史紀錄,1,2025/06/26,,-,text,text,雖然公告更新了百分比傷害計算，但實際並無影響。,,,,,,,
,,,,,,,,,,,,,,,,
20,魔法小刀,預設,法杖,,,-,text,text,向目標投擲魔力短劍。技能等級10時，追加一段傷害，並額外造成1次普通慣性。,,0,8,瞬發,不可放入連擊的第一招,快,
,,,,,,,,is_mark,1,,,,,,,
,,,,,,,,mark,魔力短劍,,,,,,,
,,,,,,-,proration,damage,normal_attack,,,,,,,
,,,,,,-,damage,name,魔力短劍（前4擊）,,,,,,,
,,,,,,,,constant,0,,,,,,,
,,,,,,,,multiplier,"60+10*Math.min(SLv,9)",,,,,,,
,,,,,,,,frequency,4,,,,,,,
,,,,,,,,range_damage,0,,,,,,,
,,,,,,,,action_frame,61~37,,,,,,,
,,,,,,,,element,neutral,,,,,,,
,,,,,,-,extra,caption,此傷害#[必定命中]。,,,,,,,
,,,,,,-,extra,caption,"每段傷害回復${3+Math.floor((Math.min(SLv,9)-1)/3)}的MP。",,,,,,,
,,,,,,-,list,text,若傷害未結束目標就已死亡，後續段數的傷害將中斷（只回復已命中段數的MP）。,,,,,,,
,,,,,,-,list,text,追加傷害的倍率與MP回復量，與前4擊的總和相同。,,,,,,,
,,,,,,1,list,text,,,,,,,,
20,,歷史紀錄,0,2023/01/26,,1,list,text,此技能可以增加法術/爆能的詠咒層數，但疊加層數的時機在第4擊命中時，若因故被中斷將不提升詠咒。,,,,,,,
,,,,,,,,skill,法術/爆能,,,,,,,
,,,,,,,,mark,詠咒,,,,,,,
21,不遺餘力,預設,法杖,,,1,effect,caption,消耗當前HP的10%、獲得((30-總DEX÷25))%~((${100-SLv*5}-基礎DEX÷25))%的過載，下一個技能獲得強化。在下一個技能強化效果使用後，效果變更為提升魔法技能樹所有技能的最終傷害。,,200,,瞬發,可以放入連擊,快,
,,,,,,,,is_mark,1,,,,,,,
,,,,,,,,skill,"法術/爆能,法術/魔法砲",,,,,,,
,,,,,,,,mark,"詠咒,充填百分比,消耗HP比例,過載,下一個技能",,,,,,,
,,,,,,,,action_frame,61~37,,,,,,,
,,,,,,,,duration,180,,,,,,,
,,,,,,-,next,caption,#[MP消耗減半]、若為攻擊技能再追加#[必定暴擊]。,,,,,,,
,,,,,,-,list,text,過載同時會降低角色最大HP，降低量與過載%數相同(如33%則最大HP-33%)，降低量以基礎HP計算，不包含裝備、狀態等等加成。,,,,,,,
,,,,,,,,mark,過載,,,,,,,
,,,,,,-,tips,text,受DEX緩和後的過載獲取量，最低為10%。,,,,,,,
,,,,,,-,tips,text,HP消耗量，在此技能降低HP上限後，再根據當前HP計算。,,,,,,,
,,,,,,-,list,text,重複使用此技能時，過載狀態的百分比將疊加、剩餘時間重置。,,,,,,,
,,,,,,,,mark,過載,,,,,,,
,,,,,,-,list,text,但在此技能的「下一招強化」效果未消耗時，重複使用將沒有任何效果，且仍需消費MP。,,,,,,,
,,,,,,,,mark,過載,,,,,,,
,,,,,,-,list,text,在過載持續時間內，若累積100%過載，清除過載狀態，並隨機獲得以下四效果其中之一：<br>立刻死亡<br>HP變為1並#[昏厥]4秒<br>HP變為1並#[睡眠]9秒（較低機率）<br>HP變為1、MP全回復並#[無敵]2秒（極低機率）,,,,,,,
,,,,,,-,tips,text,（未確認）技能等級與LUK屬性可能影響以上四種效果的發生機率。,,,,,,,
,,,,,,-,text,text,技能效果中，最終傷害的提升量為:((戰鬥經過秒數÷3))，效果量上限等於過載%數。,,,,,,,
,,,,,,,,is_mark,1,,,,,,,
,,,,,,,,mark,"最終傷害,過載",,,,,,,
,,,,,,-,list,text,一但進入戰鬥，即使未使用不遺餘力也會開始計算戰鬥經過時間。但若解除了過載狀態、脫離戰鬥或角色死亡，則戰鬥經過時間會重置。,,,,,,,
,,,,,,,,mark,過載,,,,,,,
,,,,,,-,list,text,因技能主動倒地之情況，復活時間固定300秒。,,,,,,,
21,,歷史紀錄,0,2024/04/18,,-,text,text,技能效果大改，刪除爆能與魔法炮的加速使用、改為依據戰鬥時間的最終傷害提升。,,,,,,,
,,,,,,1,,caption,消耗當前HP的10%、降低角色((30-總DEX÷25))%~((${100-SLv*5}-基礎DEX÷25))%的最大HP，立刻獲得5層法術/爆能的詠咒層數；若處於法術/魔法砲的充填狀態，立刻獲得![100%]的充填百分比。,,,,,,,
22,法術/雷射,預設,法杖,,,-,text,text,無須詠唱、可快速發動的魔法技能、發動後一定時間提升自身魔法貫穿。,,200,21,瞬發,可以放入連擊,,
,,,,,,,,is_mark,1,,,,,,,
,,,,,,-,stack,name,發動後剩餘MP(格數),,,,,,,
,,,,,,,,max,20,,,,,,,
,,,,,,,,min,0,,,,,,,
,,,,,,,,default,10,,,,,,,
,,,,,,,,id,1,,,,,,,
,,,,,,,,,,,,,,,,
,,,,,,-,proration,damage,magic,,,,,,,
,,,,,,1,damage,constant,0,,,,,,,
,,,,,,,,multiplier,"75*SLv+Math.min(10,stack)*50",,,,,,,
,,,,,,,,action_frame,61~37,,,,,,,
,,,,,,,,ailment_name,異常（根據屬性）,,,,,,,
,,,,,,,,ailment_chance,20,,,,,,,
,,,,,,,,range_damage,0,,,,,,,
,,,,,,,,damage_type,magic,,,,,,,
,,,,,,,,stack_id,1,,,,,,,
,,,,,,,,,,,,,,,,
,,,,,,2,effect,duration,10,,,,,,,
,,,,,,,,magic_pierce,15,,,,,,,
,,,,,,-,tips,text,各屬性下附加的異常狀態,,,,,,,
,,,,,,-,group,size,1,,,,,,,
,,,,,,-,table,labels,"屬性,異常狀態",,,,,,,
,,,,,,-,row,cell.0,無屬性,,,,,,,
,,,,,,,,cell.1,#[停止],,,,,,,
,,,,,,-,row,cell.0,火屬性,,,,,,,
,,,,,,,,cell.1,#[出血],,,,,,,
,,,,,,-,row,cell.0,水屬性,,,,,,,
,,,,,,,,cell.1,#[眩暈],,,,,,,
,,,,,,-,row,cell.0,地屬性,,,,,,,
,,,,,,,,cell.1,#[沉默],,,,,,,
,,,,,,-,row,cell.0,風屬性,,,,,,,
,,,,,,,,cell.1,#[乏力],,,,,,,
,,,,,,-,row,cell.0,光屬性,,,,,,,
,,,,,,,,cell.1,#[閃光],,,,,,,
,,,,,,-,row,cell.0,暗屬性,,,,,,,
,,,,,,,,cell.1,#[詛咒],,,,,,,
,,,,,,,,,,,,,,,,
22,,非預設,魔導具,,,1,,ailment_chance,30,,,,,,,
,,,,,,2,,magic_pierce,10,,,,,,,
,,,,,,,,,,,,,,,,
,,,,,,,,,,,,,,,,
22,,非預設,單手劍,,,1,,ailment_chance,10,,,,,,,
,,,,,,2,,magic_pierce,10,,,,,,,
,,,,,,,,,,,,,,,,
23,咒法調律,預設,法杖,,,-,text,text,習得此技能後，可於EX技能中對魔法技能樹等級3以下的技能進行![調律]，可用![調律點數]為${SLv+2}。,,,,EX技能,,,
,,,,,,,,is_mark,1,,,,,,,
,,,,,,-,list,text,所謂![調律]，可對指定技能附加額外效果，每個技能皆有兩種強化可選，若強化其中1項，需消耗![1調律點數]；若2項同時強化，需消耗![4調律點數]。,,,,,,,
,,,,,,-,list,text,調律效果對!S[附魔之咒]觸發釋放的技能無效。,,,,,,,
,,,,,,-,tips,text,所有可選的調律效果,,,,,,,
,,,,,,-,group,size,1,,,,,,,
,,,,,,-,table,labels,"技能,調律名稱,調律效果",,,,,,,
,,,,,,-,row,cell.0,法術/飛箭,,,,,,,
,,,,,,,,cell.1,![暴擊],,,,,,,
,,,,,,,,cell.2,此技能#[必定暴擊],,,,,,,
,,,,,,1,row,cell.1,![雙發射擊],,,,,,,
,,,,,,,,cell.2,每次發射2發箭矢(總次數不加倍，只是將發射所需時間減半)。,,,,,,,
,,,,,,-,row,cell.0,法術/長槍,,,,,,,
,,,,,,,,cell.1,![通常化],,,,,,,
,,,,,,,,cell.2,"變為一般慣性,且命中可回復MP。",,,,,,,
,,,,,,-,row,cell.1,![重試],,,,,,,
,,,,,,,,cell.2,未附加異常狀態時，再發動一次技能。,,,,,,,
,,,,,,-,row,cell.0,法術/障壁,,,,,,,
,,,,,,,,cell.1,![追蹤],,,,,,,
,,,,,,,,cell.2,傷害範圍從原地不動變為隨自身移動，但失去#[逼退]。,,,,,,,
,,,,,,-,row,cell.1,![延長],,,,,,,
,,,,,,,,cell.2,持續時間延長至3倍。,,,,,,,
,,,,,,-,row,cell.0,法術/魔法槍,,,,,,,
,,,,,,,,cell.1,![快速發射],,,,,,,
,,,,,,,,cell.2,發射間隔由3.5減至1.5秒。,,,,,,,
,,,,,,-,row,cell.1,![穿透],,,,,,,
,,,,,,,,cell.2,獲得與附加#[停止]機率相同%數的魔法貫穿。,,,,,,,
,,,,,,-,row,cell.0,法術/引爆,,,,,,,
,,,,,,,,cell.1,![單體化],,,,,,,
,,,,,,,,cell.2,變為單體攻擊並縮短詠唱時間。,,,,,,,
,,,,,,-,row,cell.1,![快速施咒],,,,,,,
,,,,,,,,cell.2,異常附加率降低，但詠唱時間縮短。,,,,,,,
,,,,,,-,row,cell.0,法術/衝擊波,,,,,,,
,,,,,,,,cell.1,![下招迅捷],,,,,,,
,,,,,,,,cell.2,下一個技能不再MP消耗減半，變為獲得迅速效果(行動速度+50%)。,,,,,,,
,,,,,,-,row,cell.1,![加強],,,,,,,
,,,,,,,,cell.2,提升威力、範圍、#[翻覆]附加率。,,,,,,,
,,,,,,-,row,cell.0,法術/暴風,,,,,,,
,,,,,,,,cell.1,![濃縮],,,,,,,
,,,,,,,,cell.2,攻擊範圍縮小至一半，但技能倍率+![200]。,,,,,,,
,,,,,,-,row,cell.1,![誘導],,,,,,,
,,,,,,,,cell.2,變為可追蹤、原本的持續時間轉為命中次數。,,,,,,,
,,,,,,-,row,cell.0,法術/光護,,,,,,,
,,,,,,,,cell.1,![反擊],,,,,,,
,,,,,,,,cell.2,受到傷害時也會發動。,,,,,,,
,,,,,,-,row,cell.1,![遠程延伸],,,,,,,
,,,,,,,,cell.2,消耗2倍層數，使技能反應範圍更廣。,,,,,,,
23,,非預設,魔導具,,,,,,,,,,,,,
23,,歷史紀錄,0,2025/04/24,,1,,cell.2,每次發射2發箭矢(相當於傷害加倍)。,,,,,,,
23,,歷史紀錄,1,2025/04/24,,1,,cell.2,每次發射2發箭矢(相當於傷害加倍)。,,,,,,,
,,,,,,,,,,,,,,,,
3,1,格鬥技能,,,,,,,,,,,,,,
0,重擊,預設,拳套,拳套,,-,proration,damage,physical,,100,2,瞬發,可以放入連擊,快,
,,,,,,1,damage,constant,25+SLv*5+$AGI*0.1,,,,,,,
,,,,,,,,multiplier,100+SLv*2,,,,,,,
,,,,,,,,multiplier.registlet,5*RLv,,,,,,,
,,,,,,,,ailment_name,膽怯,,,,,,,
,,,,,,,,ailment_chance,75+25*Math.floor((SLv-1)/5),,,,,,,
,,,,,,,,range_damage,1,,,,,,,
,,,,,,,,action_frame,61~37,,,,,,,
0,,非預設,,,,1,,constant,SLv*5,,,1,,,,
,,,,,,,,multiplier,50+SLv*2,,,,,,,
,,,,,,,,multiplier.registlet,0,,,,,,,
,,,,,,,,ailment_chance,50+25*Math.floor((SLv-1)/5),,,,,,,
1,痛擊,預設,拳套,拳套,,-,proration,damage,physical,,200,2,瞬發,可以放入連擊,一般,
,,,,,,1,damage,constant,50+10*SLv+$AGI*0.2,,,,,,,
,,,,,,,,multiplier,200+5*SLv+$AGI*0.2,,,,,,,
,,,,,,,,ailment_name,昏厥,,,,,,,
,,,,,,,,ailment_chance,Math.floor(SLv/6)*25+50+$AGI*0.1,,,,,,,
,,,,,,,,range_damage,1,,,,,,,
,,,,,,,,action_frame,122~66,,,,,,,
1,,非預設,,,,1,,constant,10*SLv,,,1,,,,
,,,,,,,,multiplier,100+5*SLv,,,,,,,
,,,,,,,,ailment_chance,Math.floor(SLv/6)*25+25,,,,,,,
2,穿甲,預設,拳套,,,-,proration,damage,physical,,300,2,瞬發,可以放入連擊,快,
,,,,,,1,damage,constant,200+10*SLv+extra[0]*2-extra[1]*2,,,,,,,
,,,,,,,,multiplier,150+5*SLv+extra[0]*2-extra[1]*2,,,,,,,
,,,,,,,,ailment_name,降防,,,,,,,
,,,,,,,,ailment_chance,35+1.5*SLv,,,,,,,
,,,,,,,,ailment_chance.registlet,5*RLv,,,,,,,
,,,,,,,,range_damage,1,,,,,,,
,,,,,,,,action_frame,61~37,,,,,,,
,,,,,,2,extra,physical_pierce,5*SLv,,,,,,,
,,,,,,-,extra,condition,#[降防]施加成功時,,,,,,,
,,,,,,,,caption,回復400MP。,,,,,,,
,,,,,,-,formula_extra,texts,"目標DEF, 目標Lv",,,,,,,
,,,,,,3,list,text,此技能公式中，「目標DEF*2 - 目標Lv*2」的部分，數值下限為-100、上限為500，且受物理抗性影響。,,,,,,,
2,,非預設,,拳套,,1,,ailment_chance,15+1.5*SLv,,,,,,,
2,,非預設,,,,1,,constant,50+10*SLv,,,1,,,,
,,,,,,,,multiplier,100+5*SLv,,,,,,,
,,,,,,,,ailment_chance,15+1.5*SLv,,,,,,,
,,,,,,2,,,,,,,,,,
,,,,,,3,,,,,,,,,,
2,,歷史紀錄,0,2022/12/15,,1,,ailment_chance,15+1.5*SLv,,,,,,,
,,,,,,,,,,,,,,,,
,,,,,,,,,,,,,,,,
3,猛暴拳,預設,拳套,拳套,,-,proration,damage,physical,,400,2,瞬發,可以放入連擊,,
,,,,,,1,damage,constant,200+10*SLv,,,,,,,
,,,,,,,,multiplier,250+15*SLv,,,,,,,
,,,,,,,,ailment_name,乏力,,,,,,,
,,,,,,,,ailment_chance,70+3*SLv,,,,,,,
,,,,,,,,range_damage,1,,,,,,,
,,,,,,-,extra,caption,額外對目標發動精確追擊。,,,,,,,
,,,,,,,,branch,精確追擊,,,,,,,
,,,,,,,,condition,目標處於#[降防]狀態時,,,,,,,
,,,,,,3,extra,physical_pierce.registlet,10*RLv,,,,,,,
,,,,,,,,physical_pierce,0,,,,,,,
,,,,,,2,damage,name,精確追擊,,,,,,,
,,,,,,,,constant,200+10*SLv,,,,,,,
,,,,,,,,multiplier,600+15*SLv,,,,,,,
,,,,,,,,range_damage,1,,,,,,,
,,,,,,-,extra,caption,此傷害#[必定暴擊]。,,,,,,,
,,,,,,4,extra,physical_pierce.registlet,10*RLv,,,,,,,
,,,,,,,,physical_pierce,0,,,,,,,
3,,非預設,,,,1,,constant,100+10*SLv,,,1,,,,
,,,,,,,,multiplier,100+15*SLv,,,,,,,
,,,,,,,,ailment_chance,20+3*SLv,,,,,,,
,,,,,,2,,constant,100+10*SLv,,,,,,,
,,,,,,,,multiplier,100+15*SLv,,,,,,,
,,,,,,3,,,,,,,,,,
,,,,,,4,,,,,,,,,,
4,戰車猛擊,預設,拳套,拳套,,-,proration,damage,physical,,500,12,瞬發,可以放入連擊,,
,,,,,,1,damage,constant,300+20*SLv,,,,,,,
,,,,,,,,multiplier,1240+SLv+$BAGI,,,,,,,
,,,,,,,,type,AOE,,,,,,,
,,,,,,,,effective_area,line,,,,,,,
,,,,,,,,radius,0.75,,,,,,,
,,,,,,,,move_distance,12,,,,,,,
,,,,,,,,is_sprint,0,,,,,,,
,,,,,,,,ailment_name,畏懼,,,,,,,
,,,,,,,,ailment_chance,50+5*SLv,,,,,,,
,,,,,,,,range_damage,1,,,,,,,
,,,,,,-,list,text,此技能對BOSS的#[畏懼]機率減半。,,,,,,,
,,,,,,2,,,,,,,,,,
4,,非預設,,,,1,,constant,50+20*SLv,,,,須蓄力,,,11-SLv
,,,,,,,,multiplier,990+SLv,,,,,,,
,,,,,,,,type,single,,,,,,,
,,,,,,,,effective_area,,,,,,,,
,,,,,,,,radius,,,,,,,,
,,,,,,,,move_distance,,,,,,,,
,,,,,,,,is_sprint,,,,,,,,
,,,,,,,,ailment_chance,5*SLv,,,,,,,
,,,,,,2,list,text,此技能蓄力時間不受詠唱速度影響。,,,,,,,
5,音速波動,預設,拳套,拳套,,-,proration,damage,physical,,100,8+Math.floor((SLv-1)/3)*4,瞬發,可以放入連擊,稍快,
,,,,,,1,damage,constant,5*SLv+25,,,,,,,
,,,,,,,,multiplier,100+2.5*SLv,,,,,,,
,,,,,,,,multiplier.registlet,5*RLv,,,,,,,
,,,,,,,,ailment_name,翻覆,,,,,,,
,,,,,,,,ailment_chance,50+5*SLv,,,,,,,
,,,,,,,,range_damage,1,,,,,,,
,,,,,,,,action_frame,92~52,,,,,,,
5,,非預設,,,,1,,multiplier,75+2.5*SLv,,,4+Math.floor((SLv-1)/3)*4,,,,
,,,,,,,,constant,5*SLv,,,,,,,
,,,,,,,,ailment_chance,5*SLv,,,,,,,
6,震地強襲,預設,拳套,拳套,,-,proration,damage,physical,,100,2,瞬發,可以放入連擊,一般,
,,,,,,1,damage,constant,25+SLv*5,,,,,,,
,,,,,,,,multiplier,125+2.5*SLv+$AGI*0.2,,,,,,,
,,,,,,,,multiplier.registlet,5*RLv,,,,,,,
,,,,,,,,type,AOE,,,,,,,
,,,,,,,,radius,2.5+Math.floor(SLv/3)*0.5,,,,,,,
,,,,,,,,end_position,self,,,,,,,
,,,,,,,,ailment_name,停止,,,,,,,
,,,,,,,,ailment_chance,60+4*SLv,,,,,,,
,,,,,,,,range_damage,1,,,,,,,
,,,,,,,,action_frame,~66,,,,,,,
,,,,,,-,text,text,此技能命中敵人時，獲得寧的效果。命中複數敵人時寧的效果可疊加。,,,,,,,
,,,,,,,,branch,寧,,,,,,,
,,,,,,,,is_mark,1,,,,,,,
,,,,,,-,heal,type,hp,,,,,,,
,,,,,,,,extra_text,最大生命,,,,,,,
,,,,,,,,extra_value,0.05,,,,,,,
,,,,,,,,name,寧,,,,,,,
,,,,,,2,tips,text,單次技能最多恢復1000生命。,,,,,,,
6,,非預設,,,,1,,constant,SLv*5,,,1,,,,
,,,,,,,,multiplier,100+2.5*SLv,,,,,,,
,,,,,,,,multiplier.registlet,0,,,,,,,
,,,,,,,,radius,1+Math.floor(SLv/3)*0.5,,,,,,,
,,,,,,,,ailment_chance,10+4*SLv,,,,,,,
,,,,,,2,,text,單次技能最多恢復500生命。,,,,,,,
7,三段擊,預設,拳套,拳套,,-,proration,damage,physical,,300,3,瞬發,可以放入連擊,,
,,,,,,1,damage,constant,25+2*SLv,,,,,,,
,,,,,,,,multiplier,200+10*SLv,,,,,,,
,,,,,,,,frequency,3,,,,,,,
,,,,,,,,judgment,separate,,,,,,,
,,,,,,,,title,each,,,,,,,
,,,,,,,,range_damage,1,,,,,,,
,,,,,,,,,,,,,,,,
,,,,,,2,extra,critical_rate,50,,,,,,,
,,,,,,,,condition,第一段,,,,,,,
,,,,,,3,extra,critical_rate,50+SLv*2,,,,,,,
,,,,,,,,condition,第二段,,,,,,,
,,,,,,4,extra,critical_rate,50+SLv*4,,,,,,,
,,,,,,,,condition,第三段,,,,,,,
7,,非預設,,,,1,,multiplier,100+10*SLv,,,,,,,
,,,,,,,,constant,25+2*SLv,,,,,,,
,,,,,,2,,critical_rate,0,,,,,,,
,,,,,,3,,critical_rate,SLv*2,,,,,,,
,,,,,,4,,critical_rate,SLv*4,,,,,,,
8,疾襲,預設,拳套,,,-,proration,damage,physical,,400,2,瞬發,可以放入連擊,一般,
,,,,,,1,damage,constant,200+20*SLv,,,,,,,
,,,,,,,,multiplier,500+40*SLv+$BAGI*2,,,,,,,
,,,,,,,,frequency,4,,,,,,,
,,,,,,,,range_damage,1,,,,,,,
,,,,,,,,action_frame,122~66,,,,,,,
,,,,,,2,effect,condition,hit,,,,,,,
,,,,,,,,motion_speed,Math.floor((SLv-1)/3)*2+4,,,,,,,
,,,,,,,,duration,10,,,,,,,
,,,,,,,,name,疾風,,,,,,,
,,,,,,-,tips,text,施放此技能時就算沒處於疾風狀態，此技能一樣會受疾風狀態加成。,,,,,,,
,,,,,,,,branch,疾風,,,,,,,
8,,非預設,,拳套,,2,,motion_speed,Math.floor((SLv-1)/3)+2,,,,,,,
8,,非預設,,,,1,,constant,20*SLv,,,1,,,,
,,,,,,,,multiplier,300+40*SLv,,,,,,,
,,,,,,2,,motion_speed,Math.floor((SLv-1)/3)+2,,,,,,,
9,格鬥要領,預設,拳套,,,-,passive,atk,Math.floor((SLv-3)/5)+2,%,,,被動,,,
,,,,,,,,weapon_atk,SLv*3,%,,,,,,
10,體術鍛鍊,預設,拳套,,,1,passive,aspd,SLv*10,,,,被動,,,
,,,,,,,,aspd,SLv,%,,,,,,
,,,,,,,,total_damage_A.displayTitle,格鬥技能樹中的攻擊技能，總傷害,,,,,,,
,,,,,,,,total_damage_A,SLv,,,,,,,
,,,,,,,,total_damage_A.conditionValue,$skill.id.startsWith('0-3-'),,,,,,,
10,,非預設,,拳套,,1,passive,aspd,0,,,,,,,
,,,,,,,,aspd,0,%,,,,,,
,,,,,,,,,,,,,,,,
11,經絡脈輪,預設,拳套,拳套,,-,effect,caption,給全隊所有成員施加經絡脈輪狀態。,,200,,須詠唱,可以放入連擊,,3
,,,,,,,,branch,經絡脈輪,,,,,,,
,,,,,,,,type,party,,,,,,,
,,,,,,,,is_mark,1,,,,,,,
,,,,,,1,effect,type,none,,,,,,,
,,,,,,,,duration,20+SLv,,,,,,,
,,,,,,,,attack_mp_recovery,"SLv+Math.max(0,SLv-5)*2",,,,,,,
,,,,,,,,name,經絡脈輪,,,,,,,
,,,,,,2,extra,caption,恢復100MP。,,,,,,,
,,,,,,,,condition,獲得狀態時,,,,,,,
,,,,,,3,extra,caption,該次傷害減輕${30+2*SLv}%，並使此狀態提前結束。,,,,,,,
,,,,,,,,condition,受到任意類型傷害時,,,,,,,
,,,,,,,,mark,經絡脈輪,,,,,,,
,,,,,,-,list,text,除施法者自身，其餘受此效果影響的目標另獲得以下效果：觸發減傷的該次攻擊，傷害減少${$BVIT*2}點，此數值計算在DEF/MDEF作用後、其他技能減傷效果作用之前。,,,,,,,
,,,,,,,,,,,,,,,,
11,,非預設,,,,1,,duration,10+SLv,,,,,,,
,,,,,,2,,caption,恢復50MP。,,,,,,,
,,,,,,3,,caption,該次傷害減輕${10+2*SLv}%，並使此狀態提前結束。,,,,,,,
12,乘勝追擊,預設,拳套,,,-,passive,attack_mp_recovery,Math.floor((SLv+1)/2),,,,被動,,,
,,,,,,1,extra,caption,進行普通攻擊時，將有${SLv*5}%機率附帶追擊。,,,,,,,
,,,,,,,,branch,追擊,,,,,,,
,,,,,,2,damage,multiplier,SLv*5,,,,,,,
,,,,,,,,name,追擊,,,,,,,
,,,,,,,,range_damage,0,,,,,,,
,,,,,,3,proration,damage,physical,,,,,,,
,,,,,,,,proration,none,,,,,,,
,,,,,,4,list,text,追擊不會造成慣性、不會觸發MP回復、也不會觸發#[猛毒]的扣血效果。,,,,,,,
,,,,,,5,list,text,追擊之傷害不受體術鍛鍊、近/遠距離威力、拔刀傷害影響。,,,,,,,
,,,,,,,,skill,體術鍛鍊,,,,,,,
,,,,,,6,list,text,追擊不會發生暴擊、不會被阻擋。,,,,,,,
12,,非預設/and,空手,無裝備,,,,,,,,,,,,
12,,非預設,,拳套,,1,,,,,,,,,,
,,,,,,2,,,,,,,,,,
,,,,,,3,,,,,,,,,,
,,,,,,4,,,,,,,,,,
,,,,,,5,,,,,,,,,,
,,,,,,6,,,,,,,,,,
,,,,,,,,,,,,,,,,
13,猛力追擊,預設,拳套,,,1,passive,accuracy,2*SLv,%,,,被動,,,
,,,,,,,,skill,乘勝追擊,,,,,,,
,,,,,,2,extra,caption,使乘勝追擊的傷害提升((有效Atk×${5*SLv}))%；使乘勝追擊的傷害增加${SLv*5}%物理貫穿。,,,,,,,
,,,,,,,,skill,乘勝追擊,,,,,,,
13,,非預設/and,空手,無裝備,,1,,accuracy,SLv,%,,,,,,
,,,,,,2,,,,,,,,,,
13,,非預設,,拳套,,1,,accuracy,SLv,%,,,,,,
,,,,,,2,,,,,,,,,,
,,,,,,,,,,,,,,,,
13,,歷史紀錄,0,2022/12/15,,-,text,text,技能效果更改。,,,,,,,
,,,,,,1,,accuracy,0,,,,,,,
,,,,,,2,,caption,使乘勝追擊的傷害提升((有效Atk×${5*SLv}))%；使乘勝追擊有${SLv}%的機率對目標賦予#[降防]![5]秒。,,,,,,,
13,,歷史紀錄,1,2022/12/15,,-,text,text,更新後副手拳套方可使用此技能、技能效果弱化。,,,,,,,
13,,歷史紀錄,2,2025/03/14,,-,text,text,更新後空手方可使用此技能。,,,,,,,
,,,,,,,,,,,,,,,,
14,滑行,預設,拳套,,,-,text,text,發動後，會如同縮地法一般，貼近敵人直至普通攻擊距離。,,100 ,8 ,瞬發,可以放入連擊,,
,,,,,,,,is_mark,1,,,,,,,
,,,,,,,,skill,縮地法,,,,,,,
,,,,,,-,tips,text,距離越近滑行所需時間越短，假如發動時已在普通攻擊距離內，則幾乎等於無動作時間。,,,,,,,
,,,,,,-,next,accuracy,SLv*SLv,,,,,,,
,,,,,,-,list,text,直到下一個技能發動前，命中提升的效果會一直存在。,,,,,,,
,,,,,,-,list,text,此處的普通攻擊距離不考慮強射的影響。,,,,,,,
,,,,,,,,skill,強射,,,,,,,
,,,,,,,,,,,,,,,,
14,,歷史紀錄,0,2020/04/16,,-,text,text,發動距離由6m變為8m。,,,,,,,
,,,,,,139,basic,mp_cost,0,,,,,,,
15,心像千手,預設,拳套,,,-,passive,caption,習得後，可在發動格鬥、粉碎者及部分技能的途中，使用手動閃躲。閃躲後原位置會出現一臨時分身代替你完成技能。,,,,被動,,,
,,,,,,,,is_mark,1,,,,,,,
,,,,,,1,extra,condition,使用該效果後,,,,,,,
,,,,,,,,caption,在分身完成動作之後，須等待${10-SLv}秒，才能再次使用此技能。,,,,,,,
,,,,,,-,list,text,可觸發的技能包括：格鬥技能樹全體（除了滑行、化勁）；呼吸法、組合拳、神之手、碎地之技。,,,,,,,
,,,,,,,,skill,"滑行,化勁,呼吸法,組合拳,神之手",,,,,,,
,,,,,,2,list,text,以及魔力充填、戰吼、逆境怒吼、破風之勢、怪力亂神、移花接木。,,,,,,,
,,,,,,,,skill,"魔力充填,戰吼,逆境怒吼,破風之勢,怪力亂神,移花接木",,,,,,,
,,,,,,-,list,text,在連擊中使用該效果會導致連擊被中斷。,,,,,,,
,,,,,,,,,,,,,,,,
15,,非預設,,拳套,,1,,caption,在分身完成動作之後，須等待${20-SLv}秒，才能再次使用此技能。,,,,,,,
15,,歷史紀錄,0,2022/07/14,,-,text,text,可觸發的技能中新增了移花接木。,,,,,,,
,,,,,,2,list,text,以及魔力充填、戰吼、逆境怒吼、破風之勢、怪力亂神。,,,,,,,
15,,歷史紀錄,1,2022/07/14,,-,text,text,可觸發的技能中新增了移花接木。,,,,,,,
,,,,,,2,list,text,以及魔力充填、戰吼、逆境怒吼、破風之勢、怪力亂神。,,,,,,,
16,修羅氣場,預設,拳套,,,-,text,text,施放後獲得修羅氣場，狀態有效時進行一般攻擊後，會對目標進行白金毆打。狀態期間內每消耗100MP，入魔層數提升1層。,,0 ,,瞬發,不可放入連擊的第一招,,
,,,,,,,,is_mark,1,,,,,,,
,,,,,,,,branch,"修羅氣場,入魔層數,白金毆打",,,,,,,
,,,,,,1,effect,name,修羅氣場,,,,,,,
,,,,,,,,critical_rate,7.5*SLv,,,,,,,
,,,,,,,,total_damage_B.displayTitle,特定技能樹的最終傷害,,,,,,,
,,,,,,,,total_damage_B,30,,,,,,,
,,,,,,,,total_damage_B.conditionValue,$skill.id.startsWith('0-3-') && $skill.id.startsWith('0-7-') && $skill.id.startsWith('1-2-') && $skill.id.startsWith('1-6-') && $skill.id.startsWith('4-0-'),,,,,,,
,,,,,,,,total_skill_multiplier.displayTitle,其他技能的最終傷害,,,,,,,
,,,,,,,,total_skill_multiplier,10,,,,,,,
,,,,,,,,,,,,,,,,
,,,,,,,,skill_constant_extra.displayTitle,所有技能與普通攻擊的技能常數,,,,,,,
,,,,,,,,skill_constant_extra,20*SLv,,,,,,,
,,,,,,,,condition,直到再次使用本技能,,,,,,,
,,,,,,,,action_frame,61~37,,,,,,,
,,,,,,8,extra,caption,獲得狀態時，自身#[無敵]2秒，最多持續至修羅狀態解除。,,,,,,,
,,,,,,,,mark,修羅,,,,,,,
,,,,,,7,extra,caption,攻擊時MP不再回復、格鬥、粉碎者技能樹以外的技能，技能基礎MP消耗增加![100]。,,,,,,,
,,,,,,,,condition,副作用,,,,,,,
,,,,,,,,mark,格鬥、粉碎者,,,,,,,
,,,,,,11,extra,condition,受到傷害時,,,,,,,
,,,,,,,,caption,消費![100]MP，將該傷害減輕((當前剩餘MP÷20))%、並使對該傷害的異常抗性+((當前剩餘MP÷10))%。（減傷上限50%，異抗上限100%，在本效果扣除MP之後計算）,,,,,,,
,,,,,,,,mark,異常抗性,,,,,,,
,,,,,,-,extra,condition,進行一般攻擊後,,,,,,,
,,,,,,,,caption,在滿足條件期間，對目標以每${0.25}秒一次的頻率，持續發動白金毆打。,,,,,,,
,,,,,,,,mark,白金毆打,,,,,,,
,,,,,,-,extra,condition,入魔層數超過20後,,,,,,,
,,,,,,,,caption,入魔層數超過20後，每獲得1層入魔層數，失去((最大HP×5%))的HP。（可以導致角色死亡）<br>入魔層數達到40，自身立刻死亡。,,,,,,,
,,,,,,6,list,text,本技能的#[異常抗性]提升，與裝備、角色能力的#[異常抗性]疊加。,,,,,,,
,,,,,,-,tips,text,最終傷害百分比加成，僅對特定技能樹(格鬥、粉碎者、刀術、暗殺、暗黑之力)有效。,,,,,,,
,,,,,,,,,,,,,,,,
,,,,,,,,,,,,,,,,
,,,,,,-,list,text,對於設置類技能，只要發動時處在修羅氣場狀態，最終傷害與技能常數提升的效果於整個技能持續期間都有效。,,,,,,,
,,,,,,,,mark,修羅氣場,,,,,,,
,,,,,,-,list,text,本技能的增加100MP消耗，在#[MP消耗減半]的效果之後、連擊效果之前計算。,,,,,,,
,,,,,,-,tips,text,例如，在修羅狀態下使用以下連擊「任意起手技→衝擊波(補位)→重騎覺醒(迅速)」，則重騎覺醒消耗MP為100。,,,,,,,
,,,,,,-,list,text,白金毆打啟動後，在發生以下任一停止條件前都會持續攻擊。停止條件為：使用技能、進行阻擋或閃躲、離開有效範圍(約為3.5m)內。,,,,,,,
,,,,,,,,mark,白金毆打,,,,,,,
,,,,,,-,tips,text,某些被動效果，例如發動縮地法也算是使用技能。,,,,,,,
,,,,,,,,skill,縮地法,,,,,,,
,,,,,,-,list,text,一旦白金毆打停止，須再進行一次一般攻擊，才能重新開始。,,,,,,,
,,,,,,,,,,,,,,,,
,,,,,,3,damage,name,白金毆打,,,,,,,
,,,,,,,,constant,0,,,,,,,
,,,,,,,,multiplier,95+$BAGI/(24-SLv*2),,,,,,,
,,,,,,,,combo_rate,0,,,,,,,
,,,,,,,,range_damage,0,,,,,,,
,,,,,,,,,,,,,,,,
,,,,,,5,extra,caption,此傷害#[必定命中]。,,,,,,,
,,,,,,4,extra,condition,處於修羅氣息狀態時,,,,,,,
,,,,,,,,caption,每次攻擊回復((總攻擊MP回復×${SLv/10}))的MP。,,,,,,,
,,,,,,-,proration,damage,physical,,,,,,,
,,,,,,,,proration,none,,,,,,,
,,,,,,-,list,text,白金毆打不受連擊效果、最終傷害及總傷害提升效果的影響，也不受修羅氣場自身的技能常數加成影響。,,,,,,,
,,,,,,,,mark,"白金毆打,修羅氣場",,,,,,,
,,,,,,-,list,text,白金毆打每次傷害都會觸發一次#[猛毒]的扣血；每次傷害都會讓復仇女神的審判層數+1。,,,,,,,
,,,,,,,,skill,復仇女神,,,,,,,
,,,,,,,,mark,白金毆打,,,,,,,
,,,,,,9,text,text,狀態期間內再次使用本技能，結束修羅氣場、若入魔層數不為0則切換至修羅氣息狀態。,,,,,,,
,,,,,,,,is_mark,1,,,,,,,
,,,,,,,,mark,"修羅氣場,入魔層數,白金毆打,修羅氣息",,,,,,,
,,,,,,10,effect,name,修羅氣息,,,,,,,
,,,,,,,,critical_rate,7.5*SLv,,,,,,,
,,,,,,,,total_damage_B.displayTitle,所有技能與普通攻擊的最終傷害,,,,,,,
,,,,,,,,total_damage_B,10,,,,,,,
,,,,,,,,skill_constant_extra.displayTitle,所有技能與普通攻擊的技能常數,,,,,,,
,,,,,,,,skill_constant_extra,20*SLv,,,,,,,
,,,,,,,,condition,入魔層數>0時,,,,,,,
,,,,,,,,end_condition,直到再次使用本技能,,,,,,,
,,,,,,-,extra,caption,剩餘的入魔層數會在使用一般攻擊後，繼續造成白金毆打，每次傷害消耗1個層數直到耗盡。,,,,,,,
,,,,,,,,,,,,,,,,
,,,,,,-,list,text,持有入魔層數切換地圖時，每層入魔回復自身50MP。,,,,,,,
,,,,,,-,tips,text,但如果再次進入修羅氣場，沒用完的入魔層數會被歸0。,,,,,,,
,,,,,,-,list,text,在此狀況下發動的白金毆打，不會因使用技能而中斷。,,,,,,,
,,,,,,,,,,,,,,,,
16,,非預設,,拳套,,1,,critical_rate,2.5*SLv,,,,,,,
,,,,,,,,skill_constant_extra,10*SLv,,,,,,,
,,,,,,,,total_damage_B.displayTitle,,,,,,,,
,,,,,,,,total_damage_B,,,,,,,,
,,,,,,3,,multiplier,50+$BAGI/(24-SLv*2),,,,,,,
,,,,,,4,,caption,每次攻擊回復((總攻擊MP回復×${SLv/20}))的MP。,,,,,,,
,,,,,,5,,,,,,,,,,
,,,,,,10,,critical_rate,2.5*SLv,,,,,,,
,,,,,,,,skill_constant_extra,10*SLv,,,,,,,
16,,歷史紀錄,0,2022/07/28,,6,list,text,本技能的異常抗性提升，與裝備、角色能力的異常抗性疊加，但不會受#[疾病]狀態的影響。,,,,,,,
16,,歷史紀錄,0,2023/04/06,,7,extra,caption,攻擊時MP不再回復、提升所有技能基礎MP消耗![100](除本技能外)。,,,,,,,
16,,歷史紀錄,0,2024/04/18,,-,text,text,變更無敵時長，增加脫離修羅狀態的增益(修羅氣息)。,,,,,,,
,,,,,,8,,caption,獲得狀態時，自身#[無敵]2秒。,,,,,,,
,,,,,,9,text,text,狀態期間內再次使用本技能，結束修羅氣場。剩餘的入魔層數會在使用一般攻擊後，繼續造成白金毆打，每次傷害消耗1個層數直到耗盡。,,,,,,,
16,,歷史紀錄,1,2024/04/18,,-,text,text,變更無敵時長，增加脫離修羅狀態的增益(修羅氣息)。,,,,,,,
,,,,,,8,,caption,獲得狀態時，自身#[無敵]2秒。,,,,,,,
,,,,,,9,text,text,狀態期間內再次使用本技能，結束修羅氣場。剩餘的入魔層數會在使用一般攻擊後，繼續造成白金毆打，每次傷害消耗1個層數直到耗盡。,,,,,,,
16,,歷史紀錄,0,2025/04/24,,-,text,text,最終傷害提升由1.3倍減少到1.1倍，僅限特定的技能樹維持1.3倍效果。,,,,,,,
,,,,,,11,,caption,消費![100]MP，將該傷害減輕((當前剩餘MP÷20))%、並使對該傷害的異常抗性+((當前剩餘MP÷10))%。（減傷上限95%，異抗上限100%，在本效果扣除MP之後計算）,,,,,,,
,,,,,,,,,,,,,,,,
,,,,,,,,,,,,,,,,
,,,,,,,,,,,,,,,,
17,閃影擊,預設,拳套,拳套,,3,text,text,對目標進行閃影擊，並獲得閃影狀態。若閃躲次數消耗越多，攻擊次數越多。,,100 ,6 ,瞬發,可以放入連擊,快,
,,,,,,,,is_mark,1,,,,,,,
,,,,,,,,mark,"閃影擊,閃影",,,,,,,
,,,,,,-,tips,text,此技能的閃躲次數消耗，指((最大閃躲次數-當前閃躲次數))。,,,,,,,
,,,,,,4,proration,damage,normal_attack,,,,,,,
,,,,,,,,proration,normal_attack,,,,,,,
,,,,,,2,damage,name,閃影擊(主傷害),,,,,,,
,,,,,,,,constant,100,,,,,,,
,,,,,,,,multiplier,300+30*SLv+$BAGI/3,,,,,,,
,,,,,,,,range_damage,1,,,,,,,
,,,,,,,,action_frame,61~37,,,,,,,
,,,,,,-,extra,condition,閃躲次數若有消耗,,,,,,,
,,,,,,,,caption,每消耗1層，造成一次追加攻擊。,,,,,,,
,,,,,,,,,,,,,,,,
,,,,,,-,list,text,每次追加攻擊的傷害為上個追加攻擊傷害的一半，即第2次攻擊為閃影擊主傷害的一半，第3次為1/4，第4次1/8，以此類推。,,,,,,,
,,,,,,,,mark,閃影擊,,,,,,,
,,,,,,1,next,name,閃影,,,,,,,
,,,,,,,,short_range_damage,SLv,,,,,,,
,,,,,,,,,,,,,,,,
,,,,,,-,list,text,施放任意技能後，即使不是攻擊技能，狀態都會消失。,,,,,,,
17,,歷史紀錄,0,2022/04/07,,1,,long_range_damage,-5,,,,,,,
,,,,,,2,,multiplier,300+30*SLv,,,,,,,
,,,,,,,,,,,,,,,,
17,,歷史紀錄,0,2022/07/14,,-,text,text,閃影狀態可在未消耗閃躲時獲得。,,,,,,,
,,,,,,3,text,text,對目標進行閃影擊。若閃躲次數有所消耗，提升攻擊次數、並獲得閃影狀態。,,,,,,,
17,,歷史紀錄,0,2023/11/09,,4,proration,damage,physical,,,,,,,
,,,,,,,,proration,physical,,,,,,,
17,,歷史紀錄,0,2024/04/18,,2,,range_damage,0,,,,,,,
,,,,,,,,,,,,,,,,
,,,,,,,,,,,,,,,,
18,化勁,預設,拳套,,,1,text,text,將動作期間內受到的傷害變為0，減傷成功時自身獲得化勁，並獲得${20+SLv}秒的經絡脈輪的效果(僅獲得狀態，不會回復100MP)。,,100 ,,瞬發,可以放入連擊,,
,,,,,,,,is_mark,1,,,,,,,
,,,,,,,,mark,化勁,,,,,,,
,,,,,,,,skill,經絡脈輪,,,,,,,
,,,,,,4,,skill,經絡脈輪,,,,,,,
,,,,,,2,effect,name,化勁,,,,,,,
,,,,,,,,weapon_base_atk,5*SLv,%,,,,,,
,,,,,,,,stability,10,,,,,,,
,,,,,,,,duration,"[30,32,35,40,45,50,60,70,80,90][SLv-1]",,,,,,,
,,,,,,-,list,text,本技能給予的經絡脈輪，效果量為經絡脈輪技能等級與本技能等級兩者取較低者,,,,,,,
,,,,,,,,mark,經絡脈輪,,,,,,,
,,,,,,-,list,text,此技能在判定上仍視為角色受到了傷害，因此會被傷害中斷的技能，諸如神速掌握、勇氣泉源等，仍會中斷。,,,,,,,
,,,,,,,,mark,"神速掌握,勇氣泉源",,,,,,,
,,,,,,3,list,text,本技能的武器基礎ATK與破壞者所提供的能夠疊加，但上限為+![50%]。,,,,,,,
,,,,,,,,skill,破壞者,,,,,,,
18,,非預設,,拳套,,1,,text,將動作期間內受到的傷害變為0，減傷成功時自身獲得化勁，並獲得${10+SLv}秒的經絡脈輪的效果(除了MP回復)。,,,,,,,
,,,,,,2,,weapon_base_atk,0,%,,,,,,
,,,,,,3,,,,,,,,,,
,,,,,,4,list,text,副手拳套使用本技能所獲得的經絡脈輪效果，以未裝備拳套時的狀態計算。,,,,,,,
19,貼山靠,預設,拳套,拳套,,-,text,text,衝撞到目標跟前造成傷害，機率使敵人#[昏厥]。若附加昏厥時處於昏厥的抗性時間內，則會觸發乘勝追擊強化。,,500 ,4 ,瞬發,可以放入連擊,,
,,,,,,,,skill,乘勝追擊,,,,,,,
,,,,,,,,mark,昏厥,,,,,,,
,,,,,,,,is_mark,1,,,,,,,
,,,,,,-,proration,damage,physical,,,,,,,
,,,,,,1,damage,constant,500,,,,,,,
,,,,,,,,multiplier,750+25*SLv,,,,,,,
,,,,,,,,ailment_name,昏厥,,,,,,,
,,,,,,,,ailment_chance,100,,,,,,,
,,,,,,,,range_damage,1,,,,,,,
,,,,,,2,effect,name,乘勝追擊強化,,,,,,,
,,,,,,,,end_condition,持續時間=觸發此效果時，昏厥抗性的剩餘秒數,,,,,,,
,,,,,,,,condition,昏厥附加判定成功但處於抗性時間時,,,,,,,
,,,,,,,,caption,乘勝追擊技能倍率+((${SLv}*乘勝追擊觸發次數)),,,,,,,
,,,,,,-,extra,caption,使乘勝追擊變為可暴擊。,,,,,,,
,,,,,,-,tips,text,換句話說，效果期間內乘勝追擊每次傷害，會比前一次提高${SLv}的倍率。,,,,,,,
,,,,,,,,,,,,,,,,
,,,,,,,,,,,,,,,,
19,,非預設,空手,,,1,,multiplier,"750+25*SLv+Math.max($AGI,$DEX)",,,,,,,
,,,,,,,,ailment_chance,10*SLv,,,,,,,
,,,,,,,,,,,,,,,,
20,震腳,預設,拳套,拳套,,-,text,text,對目標震腳，機率使目標#[膽怯]，成功膽怯時回復大量MP。,,300 ,2 ,瞬發,可以放入連擊,,
,,,,,,,,mark,"膽怯,震腳",,,,,,,
,,,,,,,,is_mark,1,,,,,,,
,,,,,,-,proration,damage,physical,,,,,,,
,,,,,,1,damage,constant,300,,,,,,,
,,,,,,,,multiplier,750+25*SLv,,,,,,,
,,,,,,,,ailment_name,膽怯,,,,,,,
,,,,,,,,ailment_chance,10*SLv,,,,,,,
,,,,,,,,range_damage,1,,,,,,,
,,,,,,-,extra,condition,膽怯附加成功時,,,,,,,
,,,,,,,,caption,自身回復((600+攻擊MP回復*2))的MP。,,,,,,,
20,,非預設,空手,,,1,,multiplier,"750+25*SLv+Math.max($STR,$DEX)",,,,,,,
,,,,,,,,,,,,,,,,
,,,,,,,,,,,,,,,,
,,,,,,,,,,,,,,,,
,,,,,,,,,,,,,,,,
,,,,,,,,,,,,,,,,
,,,,,,,,,,,,,,,,
21,旋掃,預設,拳套,拳套,,-,text,text,旋掃破壞目標平衡，機率使目標#[翻覆]。成功翻覆時追加車輪腳，並獲得勢不可擋增益。,,400 ,2 ,瞬發,可以放入連擊,,
,,,,,,,,mark,"翻覆,旋掃,車輪腳,勢不可擋",,,,,,,
,,,,,,,,is_mark,1,,,,,,,
,,,,,,-,proration,damage,physical,,,,,,,
,,,,,,1,damage,constant,400,,,,,,,
,,,,,,,,multiplier,250+25*SLv,,,,,,,
,,,,,,,,ailment_name,翻覆,,,,,,,
,,,,,,,,ailment_chance,100,,,,,,,
,,,,,,,,name,旋掃,,,,,,,
,,,,,,,,range_damage,1,,,,,,,
,,,,,,2,damage,constant,400+40*SLv,,,,,,,
,,,,,,,,multiplier,500+50*SLv,,,,,,,
,,,,,,,,range_damage,1,,,,,,,
,,,,,,,,name,車輪腳,,,,,,,
,,,,,,-,effect,name,勢不可擋,,,,,,,
,,,,,,,,duration,(SLv+1)/2,,,,,,,
,,,,,,,,caption,不會陷入#[停止]、#[遲緩]狀態、免疫強制位移的攻擊效果。,,,,,,,
,,,,,,,,condition,翻覆成功時,,,,,,,
,,,,,,3,extra,caption,獲得狀態時，閃躲剩餘次數+2。,,,,,,,
,,,,,,4,list,text,補充閃躲次數時，會把正在回復中的那次閃躲進度歸零。例如，當前閃躲條在0.9的位置，會變成2而非2.9。,,,,,,,
21,,非預設,空手,,,1,damage,multiplier,"250+25*SLv+Math.max($STR,$AGI)",,,,,,,
,,,,,,2,damage,multiplier,500+50*SLv+$BAGI,,,,,,,
,,,,,,3,extra,caption,獲得狀態時，閃躲剩餘次數+1。,,,,,,,
,,,,,,4,list,text,補充閃躲次數時，會把正在回復中的那次閃躲進度歸零。例如，當前閃躲條在0.9的位置，會變成1而非1.9。,,,,,,,
,,,,,,,,,,,,,,,,
,,,,,,,,,,,,,,,,
,,,,,,,,,,,,,,,,
,,,,,,,,,,,,,,,,
,,,,,,,,,,,,,,,,
,,,,,,,,,,,,,,,,
4,1,雙劍技能,,,,,,,,,,,,,,
0,雙劍要領,預設,雙劍,,,-,text,text,習得此技能後，方可以同時裝備兩把單手劍。,,,,被動,,,
,,,,,,,,is_mark,1,,,,,,,
,,,,,,-,passive,critical_rate,SLv*3,%,,,,,,
,,,,,,,,accuracy,SLv*3,%,,,,,,
,,,,,,-,list,text,裝備兩把單手劍時，命中-55%、暴擊率-55%，此技能可抵消部分副作用。,,,,,,,
,,,,,,-,list,text,配合雙劍鍛鍊可抵銷全部副作用。,,,,,,,
,,,,,,,,skill,雙劍鍛鍊,,,,,,,
,,,,,,-,list,text,建議閱讀#[雙劍特性說明]。,,,,,,,
1,雙弧斬,預設,雙劍,,,-,proration,damage,physical,,200,main,瞬發,可以放入連擊,一般,
,,,,,,-,damage,constant,100+SLv*10,,,,,,,
,,,,,,,,multiplier,150+SLv*10,,,,,,,
,,,,,,,,range_damage,1,,,,,,,
,,,,,,,,action_frame,~66,,,,,,,
,,,,,,-,base,type,dual_sword,,,,,,,
,,,,,,-,extra,critical_damage_skill,50+SLv*5,,,,,,,
,,,,,,,,critical_damage_skill.registlet,RLv,,,,,,,
,,,,,,-,list,text,此技能的爆傷加成，不受到爆傷超過300%後衰減的影響。,,,,,,,
,,,,,,-,tips,text,例如，角色原始爆傷300，此技能提供100爆傷，最終爆傷即為400%，非通常的350%。,,,,,,,
2,破空刃,預設,雙劍,,,-,text,text,施放迴旋斬將敵人逼退，並在原地殘留持續數秒的風壓，對經過的敵人造成持續的傷害。,,100,-,瞬發,可以放入連擊,稍快,
,,,,,,,,branch,"迴旋斬, 風壓",,,,,,,
,,,,,,,,is_mark,1,,,,,,,
,,,,,,-,proration,damage,physical,,,,,,,
,,,,,,,,proration,magic,,,,,,,
,,,,,,1,damage,name,迴旋斬,,,,,,,
,,,,,,,,constant,50+SLv*5,,,,,,,
,,,,,,,,multiplier,125+SLv*2.5,,,,,,,
,,,,,,,,type,AOE,,,,,,,
,,,,,,,,radius,4,,,,,,,
,,,,,,,,end_position,self,,,,,,,
,,,,,,,,ailment_name,逼退,,,,,,,
,,,,,,,,ailment_chance,100,,,,,,,
,,,,,,,,element,wind,,,,,,,
,,,,,,,,range_damage,0,,,,,,,
,,,,,,,,action_frame,92~52,,,,,,,
,,,,,,-,base,type,dual_sword,,,,,,,
,,,,,,2,damage,name,風壓,,,,,,,
,,,,,,,,constant,50+SLv*5,,,,,,,
,,,,,,,,multiplier,30+SLv*2,,,,,,,
,,,,,,,,multiplier.registlet,5*RLv,,,,,,,
,,,,,,,,type,AOE,,,,,,,
,,,,,,,,is_place,1,,,,,,,
,,,,,,,,radius,4,,,,,,,
,,,,,,,,duration,3,,,,,,,
,,,,,,,,frequency,3,,,,,,,
,,,,,,,,cycle,1,,,,,,,
,,,,,,,,title,each,,,,,,,
,,,,,,,,judgment,separate,,,,,,,
,,,,,,,,ailment_name,盲目,,,,,,,
,,,,,,,,ailment_chance,50,,,,,,,
,,,,,,,,end_position,self,,,,,,,
,,,,,,,,element,wind,,,,,,,
,,,,,,,,range_damage,0,,,,,,,
,,,,,,-,base,type,dual_sword,,,,,,,
,,,,,,-,list,text,風壓的每段傷害會被分為五次小傷害，但僅是顯示效果，實際上仍被視作一次攻擊。,,,,,,,
,,,,,,-,list,text,若鎖定中的目標帶有#[盲目]，則連擊效果#[心眼]會中斷此技能施放。,,,,,,,
,,,,,,-,list,text,此技能無法被強打、遠程狙擊等技能加成。,,,,,,,
,,,,,,,,skill,"強打, 遠程狙擊",,,,,,,
3,幻影劍,預設,雙劍,,,-,proration,damage,physical,,400,8,瞬發,可以放入連擊,稍快,
,,,,,,-,damage,constant,200+20*SLv,,,,,,,
,,,,,,,,multiplier,500+20*SLv,,,,,,,
,,,,,,,,multiplier.registlet,5*RLv,,,,,,,
,,,,,,,,frequency,12,,,,,,,
,,,,,,,,ailment_name,冰凍,,,,,,,
,,,,,,,,ailment_chance,10*SLv,,,,,,,
,,,,,,,,element,dark,,,,,,,
,,,,,,,,is_place,1,,,,,,,
,,,,,,,,range_damage,0,,,,,,,
,,,,,,,,dual_element,one_hand_sword,,,,,,,
,,,,,,,,action_frame,~52,,,,,,,
,,,,,,-,base,type,dual_sword,,,,,,,
,,,,,,,,,,,,,,,,
,,,,,,,,,,,,,,,,
,,,,,,-,text,text,造成第一下傷害後，在技能攻擊結束前自身處於幻影迷蹤。,,,,,,,
,,,,,,,,branch,幻影迷蹤,,,,,,,
,,,,,,-,effect,name,幻影迷蹤,,,,,,,
,,,,,,,,caption,獲得#[無敵]狀態。,,,,,,,
,,,,,,,,condition,技能攻擊結束前,,,,,,,
,,,,,,,,,,,,,,,,
,,,,,,-,list,text,若對非BOSS目標施放，有5%機率發動#[即死]。,,,,,,,
,,,,,,-,list,text,此技能的動作時間總共約3~4秒。,,,,,,,
,,,,,,-,list,text,技能施放中，可通過移動來手動取消幻影迷蹤的狀態。,,,,,,,
,,,,,,,,mark,幻影迷蹤,,,,,,,
,,,,,,1,list,text,當處在幻影迷蹤狀態時，技能傷害將受近/遠距離威力與遠程狙擊影響。一旦脫離無敵狀態則上述能力無效。,,,,,,,
,,,,,,,,skill,遠程狙擊,,,,,,,
,,,,,,,,mark,幻影迷蹤,,,,,,,
3,,歷史紀錄,0,2020/07/16,,-,text,text,追加：無敵狀態中技能傷害受距離威力影響。,,,,,,,
,,,,,,1,,text,此技能為設置型技能，因此不受近/遠距離威力與遠程狙擊影響。,,,,,,,
,,,,,,,,,,,,,,,,
,,,,,,,,,,,,,,,,
4,禦空破陣,預設,雙劍,,,-,text,text,對目標造成傷害。動作期間進入防守架勢，減輕受到的傷害，減傷成功時獲得反擊之勢狀態。,,100,main,瞬發,可以放入連擊,,
,,,,,,,,is_mark,1,,,,,,,
,,,,,,,,branch,"防守架勢,反擊之勢",,,,,,,
,,,,,,-,proration,damage,physical,,,,,,,
,,,,,,1,damage,constant,50+5*SLv,,,,,,,
,,,,,,,,multiplier,100+SLv,,,,,,,
,,,,,,,,multiplier.registlet,5*RLv,,,,,,,
,,,,,,,,frequency,2,,,,,,,
,,,,,,,,,,,,,,,,
,,,,,,,,,,,,,,,,
,,,,,,,,range_damage,1,,,,,,,
,,,,,,,,action_frame,~82,,,,,,,
,,,,,,-,base,type,dual_sword,,,,,,,
,,,,,,-,effect,name,防守架勢,,,,,,,
,,,,,,,,condition,動作期間,,,,,,,
,,,,,,,,physical_resistance,Math.floor(SLv*SLv*SLv*2/37)+SLv*3+7-Math.floor(SLv/7),,,,,,,
,,,,,,,,magic_resistance,Math.floor(SLv*SLv*SLv*2/37)+SLv*3+7-Math.floor(SLv/7),,,,,,,
,,,,,,-,extra,caption,免疫攻擊附帶的#[膽怯]、#[翻覆]、#[昏厥]、#[逼退]。,,,,,,,
,,,,,,-,extra,condition,減少至少一次傷害時,,,,,,,
,,,,,,,,caption,自身獲得反擊之勢。,,,,,,,
,,,,,,,,mark,反擊之勢,,,,,,,
,,,,,,-,effect,name,反擊之勢,,,,,,,
,,,,,,,,condition,none,,,,,,,
,,,,,,,,atk,SLv,%,,,,,,
,,,,,,,,aspd,10*SLv,%,,,,,,
,,,,,,,,duration,30,,,,,,,
,,,,,,-,list,text,再次使用本技能時，反擊之勢的效果即消失。,,,,,,,
,,,,,,,,mark,反擊之勢,,,,,,,
4,,歷史紀錄,0,2018/03/27,,1,,ailment_chance,5*SLv,,,,,,,
,,,,,,,,ailment_name,翻覆,,,,,,,
,,,,,,,,,,,,,,,,
,,,,,,,,,,,,,,,,
5,猛爆斬,預設,雙劍,,,-,proration,damage,physical,,300,main,瞬發,可以放入連擊,一般,
,,,,,,-,damage,constant,100+20*SLv,,,,,,,
,,,,,,,,multiplier,100+10*SLv,,,,,,,
,,,,,,,,multiplier.registlet,-110+RLv*10,,,,,,,
,,,,,,,,frequency,2,,,,,,,
,,,,,,,,title,each,,,,,,,
,,,,,,,,judgment,separate,,,,,,,
,,,,,,,,type,AOE,,,,,,,
,,,,,,,,effective_area,line,,,,,,,
,,,,,,,,radius,3,,,,,,,
,,,,,,,,move_distance,12,,,,,,,
,,,,,,,,end_position,self,,,,,,,
,,,,,,,,unsheathe_damage,1,,,,,,,
,,,,,,,,range_damage,1,,,,,,,
,,,,,,,,target_offsets,2,,,,,,,
,,,,,,,,action_frame,~66,,,,,,,
,,,,,,-,base,type,dual_sword,,,,,,,
,,,,,,-,text,text,此技能的傷害受拔刀傷害加成影響。,,,,,,,
6,劍影,預設,雙劍,,,-,effect,caption,迅速移動到目標身後，同時獲得劍影效果,,400-Math.floor((SLv+1)/4)*100,2+SLv,瞬發,可以放入連擊,快,
,,,,,,,,is_mark,1,,,,,,,
,,,,,,,,branch,劍影,,,,,,,
,,,,,,,,action_frame,61~37,,,,,,,
,,,,,,-,effect,name,劍影,,,,,,,
,,,,,,,,condition,施放下一招技能前,,,,,,,
,,,,,,,,attack_mp_recovery,SLv,,,,,,,
,,,,,,-,extra,critical_rate,20*SLv,%,,,,,,
,,,,,,,,type,next,,,,,,,
,,,,,,-,tips,text,若沒有立即施放下一個技能，下一次普攻將是拔刀攻擊。,,,,,,,
7,閃光交叉,預設,雙劍,,,-,text,text,使用!B[閃光交叉]對敵人發出兩段攻擊，命中時於特定條件下獲得HP、MP恢復效果。距離目標越遠，此技能傷害越低，但回復效果越高。,,600,12,瞬發,可以放入連擊,稍快,
,,,,,,,,branch,閃光交叉,,,,,,,
,,,,,,,,is_mark,1,,,,,,,
,,,,,,-,stack,min,0,,,,,,,
,,,,,,,,max,12,,,,,,,
,,,,,,,,name,與目標的距離,,,,,,,
,,,,,,,,unit,m,,,,,,,
,,,,,,,,default,4,,,,,,,
,,,,,,,,id,1,,,,,,,
,,,,,,-,proration,damage,physical,,,,,,,
,,,,,,1,damage,constant,100+SLv*20,,,,,,,
,,,,,,,,multiplier,"Math.max(100,300+SLv*10-50*Math.max(0,stack-4)+$STR*0.2+$AGI*0.2+$DEX*0.2)",,,,,,,
,,,,,,,,multiplier.display,"300+SLv*10-50*Math.max(0, stack-4)+$STR*0.2+$AGI*0.2+$DEX*0.2",,,,,,,
,,,,,,,,frequency,2,,,,,,,
,,,,,,,,title,each,,,,,,,
,,,,,,,,judgment,separate,,,,,,,
,,,,,,,,stack_id,1,,,,,,,
,,,,,,,,name,閃光交叉,,,,,,,
,,,,,,,,is_mark,1,,,,,,,
,,,,,,,,element,light,,,,,,,
,,,,,,,,dual_element,one_hand_sword,,,,,,,
,,,,,,,,range_damage,1,,,,,,,
,,,,,,,,action_frame,66~45,,,,,,,
,,,,,,-,base,type,dual_sword,,,,,,,
,,,,,,2,extra,condition,觸發暴擊時,,,,,,,
,,,,,,,,caption,恢復${10*SLv}![MP]，單次技能最多觸發一次。,,,,,,,
,,,,,,-,extra,condition,沒有任意HP回復狀態時,,,,,,,
,,,,,,,,caption,獲得持續回復HP的!B[光耀]效果。,,,,,,,
,,,,,,-,list,text,最終倍率將不會低於![100]。,,,,,,,
,,,,,,-,heal,name,光耀,,,,,,,
,,,,,,,,type,hp,,,,,,,
,,,,,,,,duration,9,,,,,,,
,,,,,,,,cycle,3,,,,,,,
,,,,,,,,extra_text,HP上限,,,,,,,
,,,,,,,,extra_value,SLv*0.001*Math.floor((stack+3)/5),,,,,,,
,,,,,,,,frequency,4,,,,,,,
,,,,,,,,stack_id,1,,,,,,,
,,,,,,-,text,text,當處於!S[月神災厄]的![月光]狀態中，此技能轉變為!B[赫焉閃光交叉]。,,,,,,,
,,,,,,,,is_mark,1,,,,,,,
,,,,,,-,damage,constant,100+SLv*20,,,,,,,
,,,,,,,,multiplier,"Math.max(100,300+SLv*10-50*Math.max(0,stack-4)+$STR*0.25+$AGI*0.25+$DEX*0.25)",,,,,,,
,,,,,,,,multiplier.display,"300+SLv*10-50*Math.max(0, stack-4)+$STR*0.25+$AGI*0.25+$DEX*0.25",,,,,,,
,,,,,,,,frequency,2,,,,,,,
,,,,,,,,title,each,,,,,,,
,,,,,,,,judgment,separate,,,,,,,
,,,,,,,,stack_id,1,,,,,,,
,,,,,,,,name,赫焉閃光交叉,,,,,,,
,,,,,,,,is_mark,1,,,,,,,
,,,,,,,,element,light,,,,,,,
,,,,,,,,dual_element,one_hand_sword,,,,,,,
,,,,,,,,range_damage,1,,,,,,,
,,,,,,,,action_frame,61~37,,,,,,,
,,,,,,-,base,type,dual_sword,,,,,,,
,,,,,,-,extra,condition,觸發暴擊時,,,,,,,
,,,,,,,,caption,恢復${10*SLv}![MP]。![兩段傷害均可各自觸發此效果]，單次技能最多可回復200MP。,,,,,,,
,,,,,,-,tips,text,赫焉閃光交叉同樣有光耀、與依據距離而變的效果，此處不再贅述。,,,,,,,
,,,,,,-,list,text,![赫焉閃光交叉]的動作速度略快於原本的![閃光交叉]。,,,,,,,
,,,,,,-,list,text,此技能雖然是設置型技能，但享受近/遠距離威力與!S[遠程狙擊]加成。,,,,,,,
7,,歷史紀錄,0,2019/06/27,,-,text,text,技能倍率調整、發動速度下降約20%、MP回復效果由最大兩次變為一次。,,,,,,,
,,,,,,1,,multiplier,"400+20*SLv-50*Math.max(0, stack-3)",,,,,,,
,,,,,,2,,caption,恢復${10*SLv}![MP]，兩段傷害可以各自觸發此效果。,,,,,,,
7,,歷史紀錄,0,2019/02/21,,-,text,text,衰減起始距離由6m變為3m，衰減幅度由30提高為50。,,,,,,,
,,,,,,1,,multiplier,"400+20*SLv-30*Math.max(0, stack-6)",,,,,,,
7,,歷史紀錄,0,2020/07/16,,-,text,text,衰減起始距離由3m變為4m。,,,,,,,
,,,,,,1,,multiplier,"300+SLv*10-50*Math.max(0, stack-3)+$STR*0.2+$AGI*0.2+$DEX*0.2",,,,,,,
8,步步為營,預設,雙劍,,,1,effect,evasion_regenerate,10+SLv*2,,100,,瞬發,可以放入連擊,快,
,,,,,,,,def,-100+SLv,%,,,,,,
,,,,,,,,mdef,-100+SLv,%,,,,,,
,,,,,,,,duration,100,,,,,,,
,,,,,,,,action_frame,61~37,,,,,,,
8,,非預設,,,,1,effect,duration,10,,,,,,,
9,劍閃,預設,雙劍,,,1,effect,unsheathe_attack_multiplier,SLv,,200,,瞬發,可以放入連擊,快,
,,,,,,,,weapon_atk,25,%,,,,,,
,,,,,,,,evasion_count,Math.floor(SLv/5),,,,,,,
,,,,,,,,duration,120,,,,,,,
,,,,,,,,is_mark,1,,,,,,,
,,,,,,,,action_frame,61~37,,,,,,,
,,,,,,4,extra,caption,進行閃躲、或使用劍影時，同時發動爆裂閃光。,,,,,,,
,,,,,,,,condition,狀態期間,,,,,,,
,,,,,,,,branch,爆裂閃光,,,,,,,
,,,,,,,,skill,劍影,,,,,,,
,,,,,,-,proration,damage,physical,,,,,,,
,,,,,,2,damage,name,爆裂閃光,,,,,,,
,,,,,,,,type,AOE,,,,,,,
,,,,,,,,constant,100+10*SLv,,,,,,,
,,,,,,,,multiplier,100+15*SLv,,,,,,,
,,,,,,,,radius,5,,,,,,,
,,,,,,,,end_position,self,,,,,,,
,,,,,,,,element,wind,,,,,,,
,,,,,,,,range_damage,1,,,,,,,
,,,,,,,,dual_element,one_hand_sword,,,,,,,
,,,,,,,,action_frame,30~30,,,,,,,
,,,,,,3,base,type,dual_sword,,,,,,,
,,,,,,,,,,,,,,,,
,,,,,,,,,,,,,,,,
9,,非預設,單手劍,,,1,effect,weapon_atk,,%,,,,,,
,,,,,,,,duration,20,,,,,,,
,,,,,,,,evasion_count,,,,,,,,
,,,,,,2,,dual_element,,,,,,,,
,,,,,,3,,,,,,,,,,
,,,,,,5,,,,,,,,,,
9,,非預設,,,,1,effect,weapon_atk,,%,,,,,,
,,,,,,,,duration,20,,,,,,,
,,,,,,,,evasion_count,,,,,,,,
,,,,,,2,damage,multiplier,50+15*SLv,,,,,,,
,,,,,,,,radius,4,,,,,,,
,,,,,,,,dual_element,,,,,,,,
,,,,,,3,,,,,,,,,,
,,,,,,5,,,,,,,,,,
9,,歷史紀錄,0,2020/04/16,,-,text,text,配合新阻擋閃躲系統，增加提高閃躲次數的效果、改變爆裂閃光觸發條件。,,,,,,,
,,,,,,4,,caption,將閃躲反擊（現已移除）替換為二重爆裂閃光，爆裂閃光在閃躲開始與結束時各進行一次。,,,,,,,
,,,,,,1,,evasion_count,0,,,,,,,
9,,歷史紀錄,1,2020/04/16,,-,text,text,配合新阻擋閃躲系統，增加提高閃躲次數的效果、改變爆裂閃光觸發條件。,,,,,,,
,,,,,,4,,caption,將閃躲反擊（現已移除）替換為二重爆裂閃光，爆裂閃光在閃躲開始與結束時各進行一次。,,,,,,,
,,,,,,1,,evasion_count,0,,,,,,,
9,,歷史紀錄,2,2020/04/16,,-,text,text,配合新阻擋閃躲系統，增加提高閃躲次數的效果、改變爆裂閃光觸發條件。,,,,,,,
,,,,,,4,,caption,將閃躲反擊（現已移除）替換為二重爆裂閃光，爆裂閃光在閃躲開始與結束時各進行一次。,,,,,,,
,,,,,,1,,evasion_count,0,,,,,,,
,,,,,,,,,,,,,,,,
10,疾風收割,預設,雙劍,,,-,text,text,迅速向自身後方跳離9m，同時對敵人進行攻擊。下一個技能將獲得疾風之力加成。,,400,main,瞬發,可以放入連擊,極慢,
,,,,,,,,branch,疾風之力,,,,,,,
,,,,,,,,is_mark,1,,,,,,,
,,,,,,-,proration,damage,physical,,,,,,,
,,,,,,-,damage,name,疾風收割,,,,,,,
,,,,,,,,constant,100+10*SLv,,,,,,,
,,,,,,,,multiplier,400+10*SLv+$BDEX*(SLv*0.04),,,,,,,
,,,,,,,,frequency,2,,,,,,,
,,,,,,,,judgment,separate,,,,,,,
,,,,,,,,title,each,,,,,,,
,,,,,,,,is_place,1,,,,,,,
,,,,,,,,unsheathe_damage,1,,,,,,,
,,,,,,,,range_damage,long,,,,,,,
,,,,,,,,skill_long_range,1,,,,,,,
,,,,,,,,action_frame,126~63,,,,,,,
,,,,,,-,base,type,dual_sword,,,,,,,
,,,,,,-,extra,condition,跳躍過程中,,,,,,,
,,,,,,,,caption,自身處於#[無敵]狀態。,,,,,,,
,,,,,,1,next,name,疾風之力,,,,,,,
,,,,,,,,short_range_damage,10*SLv*(extra[0]/9),,,,,,,
,,,,,,-,formula_extra,texts,實際後退移動距離,,,,,,,
,,,,,,,,,,,,,,,,
,,,,,,-,list,text,施放任意技能後，即使不是攻擊技能，狀態都會消失。,,,,,,,
,,,,,,-,list,text,後退所需時間約2秒。,,,,,,,
,,,,,,-,list,text,此技能被系統視為一施放距離50米的技能，因此僅受遠距離威力影響、並享受遠程狙擊的效果。,,,,,,,
,,,,,,,,skill,遠程狙擊,,,,,,,
,,,,,,,,mark,遠距離威力,,,,,,,
,,,,,,-,list,text,此技能的傷害受拔刀傷害加成影響。,,,,,,,
,,,,,,-,list,text,此技能在月神災厄的收刀動作期間使用，可變化為軌道收割。,,,,,,,
,,,,,,,,skill,月神災厄,,,,,,,
,,,,,,-,proration,damage,physical,,,,,,,
,,,,,,-,damage,constant,100+10*SLv,,,,,,,
,,,,,,,,name,軌道收割,,,,,,,
,,,,,,,,multiplier,400+10*SLv+$BDEX*(SLv*0.04),,,,,,,
,,,,,,,,frequency,2,,,,,,,
,,,,,,,,judgment,separate,,,,,,,
,,,,,,,,title,each,,,,,,,
,,,,,,,,is_place,1,,,,,,,
,,,,,,,,unsheathe_damage,1,,,,,,,
,,,,,,,,range_damage,long,,,,,,,
,,,,,,,,skill_long_range,1,,,,,,,
,,,,,,,,action_frame,126~126,,,,,,,
,,,,,,-,base,type,dual_sword,,,,,,,
,,,,,,-,extra,condition,動作期間,,,,,,,
,,,,,,,,caption,自身處於#[無敵]狀態。,,,,,,,
,,,,,,1,next,name,疾風之力（變化）,,,,,,,
,,,,,,,,long_range_damage,5*SLv,,,,,,,
,,,,,,,,,,,,,,,,
10,,歷史紀錄,0,2024/04/18,,1,next,short_range_damage,SLv*10,,,,,,,
,,,,,,,,,,,,,,,,
,,,,,,,,,,,,,,,,
11,雙劍鍛鍊,預設,雙劍,,,-,passive,aspd,50*SLv,,,,被動,,,
,,,,,,,,accuracy,5+3*SLv,%,,,,,,
,,,,,,,,critical_rate,5+3*SLv,%,,,,,,
12,神速軌跡,預設,雙劍,,,1,passive,agi,"SLv+Math.max(SLv-5,0)",,,,被動,,,
,,,,,,,,unsheathe_attack_multiplier,15+SLv,,,,,,,
12,,非預設,,,,1,passive,unsheathe_attack_multiplier,5+SLv,,,,,,,
13,劍舞靈光,預設,雙劍,,,-,text,text,施放成功後，自身獲得劍舞靈光狀態，該狀態每${7-Math.floor(SLv/2)}秒疊加一層，角色依層數獲得強化。,,900,,瞬發,無法放入連擊,快,
,,,,,,,,mark,劍舞靈光,,,,,,,
,,,,,,,,is_mark,1,,,,,,,
,,,,,,-,stack,id,1,,,,,,,
,,,,,,,,max,20,,,,,,,
,,,,,,,,name,劍舞靈光層數,,,,,,,
,,,,,,-,effect,name,劍舞靈光,,,,,,,
,,,,,,,,end_condition,狀態結束前,,,,,,,
,,,,,,,,stack_id,1,,,,,,,
,,,,,,,,accuracy,5*SLv*stack,,,,,,,
,,,,,,,,aspd,10*SLv*stack,%,,,,,,
,,,,,,,,attack_mp_recovery,Math.floor(0.5*(SLv+1))*stack,,,,,,,
,,,,,,,,movement_speed,100,,,,,,,
,,,,,,,,is_mark,1,,,,,,,
,,,,,,,,action_frame,61~37,,,,,,,
,,,,,,-,extra,caption,"每秒減少${Math.min(99,(25-2*SLv)+5*Math.max(stack-1, 0))}%的當前HP。",,,,,,,
,,,,,,,,condition,狀態期間,,,,,,,
,,,,,,-,tips,text,實際上的攻擊MP回復增加量會加倍，這是雙劍特性所造成的。（#[雙劍特性說明]）,,,,,,,
,,,,,,-,tips,text,移動速度提升僅當角色處於戰鬥狀態時有效。,,,,,,,
,,,,,,-,list,text,每秒扣除生命之前，若判定角色當前生命低於5%，劍舞靈光狀態將結束。,,,,,,,
,,,,,,,,mark,劍舞靈光,,,,,,,
,,,,,,-,list,text,狀態期間若受到可致死的傷害，HP會剩下1。同時劍舞靈光狀態將結束。,,,,,,,
,,,,,,,,mark,劍舞靈光,,,,,,,
,,,,,,-,text,text,劍舞靈光狀態結束時，角色同時獲得靈耀的回復效果。,,,,,,,
,,,,,,,,mark,"劍舞靈光, 靈耀",,,,,,,
,,,,,,,,is_mark,1,,,,,,,
,,,,,,-,heal,type,hp,,,,,,,
,,,,,,,,extra_text,最大HP,,,,,,,
,,,,,,,,extra_value,0.05*stack,,,,,,,
,,,,,,,,stack_id,1,,,,,,,
,,,,,,,,name,靈耀,,,,,,,
,,,,,,-,list,text,狀態結束時，此技能將有${10+stack}秒的冷卻時間。冷卻時間內無法再次發動此技能。,,,,,,,
,,,,,,,,stack_id,1,,,,,,,
,,,,,,-,list,text,劍舞靈光狀態中無法使用縮地法。,,,,,,,
,,,,,,,,mark,劍舞靈光,,,,,,,
,,,,,,,,skill,縮地法,,,,,,,
,,,,,,-,list,text,觸發免死效果時，分身射手的效果會消失。,,,,,,,
,,,,,,,,skill,分身射手,,,,,,,
14,破空刃斬,預設,雙劍,,,-,text,text,對目標發動破空刃斬，若場上存在破空刃的風壓，並向正面按下移動鍵，則可消耗![200]MP額外造成一次強力的追加攻擊。,,100,12,瞬發,可以放入連擊,稍快,
,,,,,,,,is_mark,1,,,,,,,
,,,,,,,,mark,"破空刃斬, 風壓",,,,,,,
,,,,,,-,list,text,追加攻擊發動後，破空刃的風壓會提前結束。,,,,,,,
,,,,,,,,skill,破空刃,,,,,,,
,,,,,,,,mark,追加攻擊,,,,,,,
,,,,,,-,stack,name,破空刃技能等級,,,,,,,
,,,,,,,,id,1,,,,,,,
,,,,,,,,min,5,,,,,,,
,,,,,,,,max,10,,,,,,,
,,,,,,,,default,10,,,,,,,
,,,,,,,,value,getSkillLevel('0-4-2'),,,,,,,
,,,,,,-,stack,name,雙弧斬技能等級,,,,,,,
,,,,,,,,id,2,,,,,,,
,,,,,,,,min,5,,,,,,,
,,,,,,,,max,10,,,,,,,
,,,,,,,,default,10,,,,,,,
,,,,,,,,value,getSkillLevel('0-4-1'),,,,,,,
,,,,,,-,proration,proration,magic,,,,,,,
,,,,,,,,damage,physical,,,,,,,
,,,,,,-,damage,name,破空刃斬（主傷害）,,,,,,,
,,,,,,,,constant,50+stack*5,,,,,,,
,,,,,,,,multiplier,215+Math.floor(stack*8.5)+Math.floor($BDEX/10)*SLv,,,,,,,
,,,,,,,,multiplier.registlet,RLv*20,,,,,,,
,,,,,,,,range_damage,1,,,,,,,
,,,,,,,,frequency,3,,,,,,,
,,,,,,,,element,wind,,,,,,,
,,,,,,,,dual_element,one_hand_sword,,,,,,,
,,,,,,,,ailment_name,盲目,,,,,,,
,,,,,,,,ailment_chance,0,,,,,,,
,,,,,,,,stack_id,1,,,,,,,
,,,,,,,,action_frame,92~52,,,,,,,
,,,,,,-,base,type,dual_sword,,,,,,,
,,,,,,-,space,#,,,,,,,,
,,,,,,-,proration,proration,physical,,,,,,,
,,,,,,,,damage,physical,,,,,,,
,,,,,,4,damage,name,破空刃斬（追擊）,,,,,,,
,,,,,,,,constant,20*SLv,,,,,,,
,,,,,,,,multiplier,"500+100*SLv+$BSTR*(1-0.2*Math.max(0,stack[1]-7))",,,,,,,
,,,,,,,,range_damage,1,,,,,,,
,,,,,,,,element,wind,,,,,,,
,,,,,,,,dual_element,one_hand_sword,,,,,,,
,,,,,,,,stack_id,"2,3",,,,,,,
,,,,,,,,action_frame,~33,,,,,,,
,,,,,,-,base,type,dual_sword,,,,,,,
,,,,,,1,extra,condition,發動追擊時,,,,,,,
,,,,,,,,caption,額外消耗![200]MP。,,,,,,,
,,,,,,2,extra,condition,目標未處於盲目狀態時,,,,,,,
,,,,,,,,critical_damage_skill,"Math.max(0,Math.floor(25+stack[0]*2.5)-10*Math.max(0,stack[1]-7))",,,,,,,
,,,,,,3,extra,condition,目標處於盲目狀態時,,,,,,,
,,,,,,,,critical_damage_skill,"Math.max(0,Math.floor(25+stack[0]*2.5)*2-10*Math.max(0,stack[1]-7))",,,,,,,
,,,,,,-,list,text,追加攻擊中，目標處於#[盲目]狀態的判定在此技能發動前，亦即在單次技能內其自身賦予的#[盲目]狀態無法使追加攻擊的爆傷加成變為2倍。,,,,,,,
,,,,,,,,mark,追加攻擊,,,,,,,
,,,,,,-,list,text,與一般多段式技能不同，此技能的兩段傷害，可以對同一目標造成兩次慣性。,,,,,,,
,,,,,,-,list,text,此技能的爆傷加成，不受到爆傷超過300%後衰減的影響。,,,,,,,
,,,,,,-,tips,text,例如，角色原始爆傷300，此技能提供100爆傷，最終爆傷即為400%，非通常的350%。,,,,,,,
,,,,,,-,list,text,施放追加攻擊時與目標距離若超過8m則倍率下降，且距離越遠暴擊傷害提升的效果越低。,,,,,,,
,,,,,,,,,,,,,,,,
,,,,,,-,stack,min,0,,,,,,,
,,,,,,,,max,12,,,,,,,
,,,,,,,,name,與目標的距離,,,,,,,
,,,,,,,,unit,m,,,,,,,
,,,,,,,,default,7,,,,,,,
,,,,,,,,id,3,,,,,,,
,,,,,,,,,,,,,,,,
,,,,,,,,,,,,,,,,
,,,,,,-,list,text,雷吉斯托環可增加本技能倍率，故可推斷主傷害倍率=(破空刃4段傷害倍率總和)。,,,,,,,
,,,,,,,,skill,破空刃,,,,,,,
,,,,,,-,list,text,但雙弧斬的#[雷吉斯托環]的提升暴擊傷害加成的效果，不影響本技能。,,,,,,,
,,,,,,,,skill,雙弧斬,,,,,,,
,,,,,,,,,,,,,,,,
14,,歷史紀錄,0,2022/07/14,,-,text,text,增加「發動技能於8m外，暴傷增益效果的衰減」。<br>增加破空刃斬（追擊）的額外MP消耗。,,,,,,,
,,,,,,1,,caption,無此效果。,,,,,,,
,,,,,,2,,critical_damage_skill,Math.floor(25+stack[0]*2.5),,,,,,,
,,,,,,3,,critical_damage_skill,Math.floor(25+stack[0]*2.5)*2,,,,,,,
,,,,,,4,,constant,10*SLv,,,,,,,
14,,歷史紀錄,0,2022/08/18,,-,text,text,變更技能動作，動作時間不變。,,,,,,,
14,,歷史紀錄,0,2023/05/25,,-,text,text,追加8m外的技能倍率衰減。,,,,,,,
,,,,,,4,,multiplier,500+100*SLv+$BSTR*1,,,,,,,
,,,,,,,,,,,,,,,,
15,月神災厄,預設,雙劍,,,-,text,text,瞬間移動到目標正面1m處發動!B[月神災厄]。若動作期間按下向後移動鍵，緊接著會瞬移到後方7m遠處，並在原地留下!B[月光之刃]持續進行攻擊，同時獲得!S[劍影]狀態。,,400,12,瞬發,可以放入連擊,稍快,
,,,,,,,,is_mark,1,,,,,,,
,,,,,,-,tips,text,必須向後移動才能發動月光之刃，其餘方向不可。,,,,,,,
,,,,,,-,proration,damage,physical,,,,,,,
,,,,,,1,damage,name,月神災厄,,,,,,,
,,,,,,,,constant,400,,,,,,,
,,,,,,,,multiplier,500+50*SLv+$DEX/1.5,,,,,,,
,,,,,,,,frequency,2,,,,,,,
,,,,,,,,element,dark,,,,,,,
,,,,,,,,dual_element,one_hand_sword,,,,,,,
,,,,,,,,range_damage,1,,,,,,,
,,,,,,,,unsheathe_damage,1,,,,,,,
,,,,,,,,action_frame,92~52,,,,,,,
,,,,,,-,base,type,dual_sword,,,,,,,
,,,,,,2,extra,,,,,,,,,
,,,,,,-,space,#,,,,,,,,
,,,,,,-,proration,damage,physical,,,,,,,
,,,,,,,,proration,magic,,,,,,,
,,,,,,-,damage,name,月光之刃,,,,,,,
,,,,,,,,constant,0,,,,,,,
,,,,,,,,multiplier,250+5*SLv,,,,,,,
,,,,,,,,frequency,5,,,,,,,
,,,,,,,,title,each,,,,,,,
,,,,,,,,judgment,separate,,,,,,,
,,,,,,,,cycle,0.5,,,,,,,
,,,,,,,,duration,2.5,,,,,,,
,,,,,,,,type,AOE,,,,,,,
,,,,,,,,radius,3,,,,,,,
,,,,,,,,element,neutral,,,,,,,
,,,,,,,,dual_element,one_hand_sword,,,,,,,
,,,,,,,,range_damage,long,,,,,,,
,,,,,,,,,,,,,,,,
,,,,,,,,is_place,1,,,,,,,
,,,,,,,,action_frame,66~45,,,,,,,
,,,,,,-,base,type,dual_sword,,,,,,,
,,,,,,-,extra,physical_pierce,5*SLv,,,,,,,
,,,,,,,,condition,此傷害,,,,,,,
,,,,,,4,extra,caption,自身回復${10+7*SLv}MP。,,,,,,,
,,,,,,,,condition,每次攻擊命中（單次AOE傷害無論命中數皆算做一次）,,,,,,,
,,,,,,-,list,text,觸發![月光之刃]時，連擊會中斷、角色會額外做出收刀動作，該動作的動作時間為「慢」（約2~2.5秒）。,,,,,,,
,,,,,,-,list,text,若在收刀動作期間施展!S[幻影劍]，該技能名稱轉變為![幻影蝕]；若施展!S[疾風收割]，技能名稱轉變為![軌道收割]。,,,,,,,
,,,,,,-,list,text,![幻影蝕]不會附加#[冰凍]狀態。,,,,,,,
,,,,,,3,list,text,![軌道收割]無視施放距離條件，並將!S[疾風收割]的近距離威力提升變更為![遠距離威力]提升(數值減半、無視後退距離)。,,,,,,,
,,,,,,-,tips,text,除此之外，上述的二技能僅是名稱轉變，效果不變，用途是取消![月光之刃]極長的收刀動作。,,,,,,,
,,,,,,-,tips,text,!S[弧光劍舞]也可以取消收刀動作，但不屬於變化技能。,,,,,,,
,,,,,,-,list,text,不同於一般多段式技能，![月神災厄]與![月光之刃]會對同一目標造成兩次慣性（一次物理一次魔法）。,,,,,,,
,,,,,,-,list,text,![月光之刃]的傷害範圍會逐漸擴大，第一擊爲![1m半徑]，每擊提高![0.5m半徑]直至![3m半徑]。,,,,,,,
,,,,,,-,text,text,!B[月光之刃]結束後，自身獲得![月光]狀態，該狀態持續時間與!B[月光之刃]的命中次數有關。,,,,,,,
,,,,,,,,is_mark,1,,,,,,,
,,,,,,-,list,text,![月光之刃]每次攻擊若有造成傷害，![月光]狀態延長![6秒]。5次攻擊皆命中則最高延長至![30秒]。,,,,,,,
,,,,,,-,tips,text,被閃躲、miss等，不會增加時長；未命中任何目標，則不會獲得![月光]狀態。,,,,,,,
,,,,,,-,effect,name,月光,,,,,,,
,,,,,,,,caption,狀態期間內施展的所有!S[閃光交叉]，轉變為![赫焉閃光交叉]。（技能詳情請見閃光交叉頁面）,,,,,,,
15,,歷史紀錄,0,2022/07/14,,-,text,text,技能說明的錯誤修正、MP消耗調整。,,,,,,,
,,,,,,139,basic,mp_cost,200,,,,,,,
15,,歷史紀錄,0,2022/07/28,,1,,constant,200,,,,,,,
15,,歷史紀錄,0,2024/04/18,,1,,range_damage,short,,,,,,,
,,,,,,2,,condition,施放時位於8m外,,,,,,,
,,,,,,,,skill_multiplier_extra,$DEX,,,,,,,
,,,,,,3,,,,,,,,,,
,,,,,,4,,caption,無此效果。,,,,,,,
15,,歷史紀錄,0,2025/09/25,,1,,multiplier,500+50*SLv+$DEX*0.5,,,,,,,
,,,,,,,,,,,,,,,,
,,,,,,,,,,,,,,,,
,,,,,,,,,,,,,,,,
16,雙破壞之刃,預設,雙劍,,,-,text,text,對目標施展一次!B[雙破壞之刃]與一次!B[破壞墜擊]的組合攻擊，!B[破壞墜擊]為範圍攻擊且命中敵人數越多傷害越高。若有習得!S[破壞之刃]，則可獲得![劍芒]效果。,,300,7,瞬發,可以放入連擊,一般,
,,,,,,,,is_mark,1,,,,,,,
,,,,,,-,proration,damage,physical,,,,,,,
,,,,,,1,damage,name,雙破壞之刃,,,,,,,
,,,,,,,,multiplier,75*SLv+$BAGI/2+$BDEX/2,,,,,,,
,,,,,,,,constant,10*SLv,,,,,,,
,,,,,,,,frequency,4,,,,,,,
,,,,,,,,range_damage,1,,,,,,,
,,,,,,,,dual_element,one_hand_sword,,,,,,,
,,,,,,,,action_frame,122~66,,,,,,,
,,,,,,-,extra,caption,此傷害#[必定暴擊]。,,,,,,,
,,,,,,-,base,type,dual_sword,,,,,,,
,,,,,,2,damage,name,破壞墜擊,,,,,,,
,,,,,,,,multiplier,500+($BSTR/2)*extra[0],,,,,,,
,,,,,,,,constant,20*SLv,,,,,,,
,,,,,,,,type,AOE,,,,,,,
,,,,,,,,range_damage,1,,,,,,,
,,,,,,,,unsheathe_damage,1,,,,,,,
,,,,,,,,dual_element,one_hand_sword,,,,,,,
,,,,,,,,radius,2,,,,,,,
,,,,,,,,effective_area,line,,,,,,,
,,,,,,,,move_distance,5,,,,,,,
,,,,,,3,extra,caption,此傷害#[必定暴擊]。,,,,,,,
,,,,,,-,base,type,dual_sword,,,,,,,
,,,,,,-,formula_extra,texts,命中目標數,,,,,,,
,,,,,,,,,,,,,,,,
,,,,,,-,list,text,此技能獲得的![劍芒]狀態僅在獲得狀態時恢復HP，刷新狀態不恢復，![劍芒]的效果請參閱!S[破壞之刃]技能頁面。,,,,,,,
16,,歷史紀錄,0,2023/11/09,,1,damage,range_damage,0,,,,,,,
16,,歷史紀錄,0,2024/03/14,,2,damage,range_damage,0,,,,,,,
16,,歷史紀錄,0,2025/09/25,,3,extra,caption,無此效果,,,,,,,
17,弧光劍舞,預設,雙劍,,,-,text,text,習得此技能後，在!S[劍舞靈光]狀態時，其快捷鍵將變更為此技能。使用後結束!S[劍舞靈光]的效果，並使!S[劍舞靈光]的冷卻時間以!B[弧光劍舞]的狀態取代。,,200,,瞬發,無法放入連擊,快,
,,,,,,,,is_mark,1,,,,,,,
,,,,,,-,list,text,必須至少有2層![劍舞靈光層數]，才可施展此技能。,,,,,,,
,,,,,,-,stack,id,1,,,,,,,
,,,,,,,,max,20,,,,,,,
,,,,,,,,min,2,,,,,,,
,,,,,,,,name,劍舞靈光層數,,,,,,,
,,,,,,-,effect,name,弧光劍舞,,,,,,,
,,,,,,,,duration,"Math.max(10,stack*3)",,,,,,,
,,,,,,,,critical_rate,10*SLv,,,,,,,
,,,,,,,,attack_mp_recovery,2*SLv,,,,,,,
,,,,,,,,skill_constant_extra,"Math.min(200,extra[0]*0.1*SLv-(10-SLv)*SLv)",,,,,,,
,,,,,,,,skill_constant_extra.display,extra[0]*0.1*SLv-(10-SLv)*SLv,,,,,,,
,,,,,,,,skill_constant_extra.displayTitle,發生暴擊時，所有傷害的傷害常數,,,,,,,
,,,,,,,,stack_id,1,,,,,,,
,,,,,,,,action_frame,61~37,,,,,,,
,,,,,,-,formula_extra,texts,角色暴擊率,,,,,,,
,,,,,,,,values.0,$critical_rate,,,,,,,
,,,,,,-,extra,caption,回復${stack*5}%的HP、回復閃躲次數${stack}次,,,,,,,
,,,,,,1,extra,caption,魔法技能樹以外的技能#[MP消耗減半]，此效果無法與其餘同類效果疊加。,,,,,,,
,,,,,,-,extra,caption,消耗MP並減輕傷害，每1點MP可減輕5傷害，若MP不足則狀態結束。,,,,,,,
,,,,,,,,condition,狀態期間受到傷害,,,,,,,
,,,,,,-,tips,text,實際上的攻擊MP回復增加量會加倍，這是#[雙劍特性](雙劍特性說明)所造成的。,,,,,,,
,,,,,,-,list,text,技能常數的提升量，上限為![200]。<br>此處的![角色暴擊率]包含裝備與狀態的加成，但不包含此技能自身的暴擊率加成、![怪物的暴擊抗性]、與僅作用於該次傷害上的暴擊率加成（如!S[附魔劍擊]）。,,,,,,,
,,,,,,-,list,text,![弧光劍舞]狀態期間若再施展![劍舞靈光]，此狀態結束。,,,,,,,
,,,,,,-,list,text,![弧光劍舞]期間，角色的武器會被一層紫光包圍並發亮。,,,,,,,
,,,,,,-,reference,url,https://twitter.com/toriye_toram/status/1544701524185530368?t=BHGCxwLu4DTLJC-s0J-EWw&s=19,,,,,,,
,,,,,,,,url_text,暴擊率與技能常數增益量公式來源,,,,,,,
17,,歷史紀錄,0,2023/05/26,,-,text,text,將魔法技能樹排除在MP消耗減半的影響範圍之外，避免終結斷連無法使用的問題。,,,,,,,
,,,,,,1,,caption,所有技能#[MP消耗減半]，此效果無法與其餘同類效果疊加。,,,,,,,
18,劍刃突刺,預設,單手劍,,,1,text,text,迅速逼近敵人並施展![劍刃突刺]。若未發生#[Graze]，提升此傷害的物理貫穿。,,100,12,瞬發,可以放入連擊,,
,,,,,,,,is_mark,1,,,,,,,
,,,,,,-,proration,damage,physical,,,,,,,
,,,,,,-,stack,name,角色的物理貫穿,,,,,,,
,,,,,,,,min,50,,,,,,,
,,,,,,,,max,100,,,,,,,
,,,,,,,,default,50,,,,,,,
,,,,,,,,id,1,,,,,,,
,,,,,,,,value,@C.stat('physical_pierce'),,,,,,,
,,,,,,,,postpone,1,,,,,,,
,,,,,,2,damage,name,劍刃突刺,,,,,,,
,,,,,,,,constant,100,,,,,,,
,,,,,,,,multiplier,300+40*SLv+$DEX+10*(stack-50),,,,,,,
,,,,,,,,stack_id,1,,,,,,,
,,,,,,,,range_damage,1,,,,,,,
,,,,,,,,action_frame,78~45,,,,,,,
,,,,,,3,,,,,,,,,,
,,,,,,4,extra,condition,確實命中時,,,,,,,
,,,,,,,,physical_pierce,10+4*SLv,,,,,,,
,,,,,,5,,,,,,,,,,
,,,,,,6,,,,,,,,,,
,,,,,,7,,,,,,,,,,
,,,,,,-,list,text,受上述物理貫穿提升後，物理貫穿若超過100%，則每超過1%，此技能倍率+10。,,,,,,,
,,,,,,-,list,text,此技能雙劍使用時有第二下追擊，動作時間較長，可以通過手動閃躲取消。,,,,,,,
18,,非預設,雙劍,,,1,text,text,迅速逼近敵人並施展劍刃突刺、然後再造成一段追擊、同時移動到目標後方4m。若未發生#[Graze]，提升此傷害的物理貫穿。,,,,,,,
,,,,,,2,,multiplier,300+40*SLv+10*(stack-50),,,,,,,
,,,,,,,,stack_id,1,,,,,,,
,,,,,,,,dual_element,one_hand_sword,,,,,,,
,,,,,,3,base,type,dual_sword,,,,,,,
,,,,,,4,,physical_pierce,10+4*SLv,,,,,,,
,,,,,,5,damage,name,劍刃突刺（追擊）,,,,,,,
,,,,,,,,constant,100,,,,,,,
,,,,,,,,multiplier,300+10*(stack-50)+$AGI,,,,,,,
,,,,,,,,stack_id,1,,,,,,,
,,,,,,,,range_damage,1,,,,,,,
,,,,,,,,dual_element,one_hand_sword,,,,,,,
,,,,,,,,action_frame,100~100,,,,,,,
,,,,,,6,base,type,dual_sword,,,,,,,
,,,,,,7,extra,condition,確實命中時,,,,,,,
,,,,,,,,physical_pierce,10+4*SLv,,,,,,,
,,,,,,,,,,,,,,,,
19,空舞斬,預設/and,單手劍,拳套,,-,text,text,對目標發動![空舞斬]，技能期間可用方向鍵進行移動，根據副手武器不同而有不同附帶效果。,,300,main,瞬發,可以放入連擊,,
,,,,,,,,is_mark,1,,,,,,,
,,,,,,3,proration,damage,physical,,,,,,,
,,,,,,1,damage,name,空舞斬,,,,,,,
,,,,,,,,constant,100+20*SLv,,,,,,,
,,,,,,,,multiplier,50*SLv+$DEX,,,,,,,
,,,,,,,,range_damage,1,,,,,,,
,,,,,,,,action_frame,92~52,,,,,,,
,,,,,,4,,,,,,,,,,
,,,,,,2,extra,caption,此技能附帶#[迅速]效果。,,,,,,,
,,,,,,-,list,text,此技能置於連擊中間(非起點)時，消耗MP變更為100。,,,,,,,
,,,,,,-,list,text,此技能射程在副手裝備魔導具、箭矢、忍術卷軸時，變更為12m。,,,,,,,
,,,,,,-,list,text,!S[遠程狙擊]的效果，在上述副手使射程變為12m之後有效。,,,,,,,
19,,非預設/and,單手劍,小刀,,,,,,,,,,,,
19,,非預設/and,單手劍,盾牌,,2,extra,caption,獲得依存於![盾精鍊值]的傷害耐性與無法行動耐性、且空舞斬的移動不會使!S[重騎覺醒]效果消失。,,,,,,,
19,,非預設/and,單手劍,魔導具,,1,,damage_type,magic,,,,,,,
,,,,,,2,,,,,,,,,,
,,,,,,3,,damage,magic,,,,,,,
,,,,,,139,basic,range,12,,,,,,,
19,,非預設/and,單手劍,箭矢,,139,basic,range,12,,,,,,,
,,,,,,2,,,,,,,,,,
19,,非預設/and,單手劍,忍術卷軸,,139,basic,range,12,,,,,,,
,,,,,,2,,,,,,,,,,
19,,非預設,單手劍,,,2,,,,,,,,,,
19,,非預設,雙劍,,,1,,dual_element,one_hand_sword,,,,,,,
,,,,,,,,multiplier,"100*SLv+Math.max($BDEX,$BSTR,$BAGI)/2",,,,,,,
,,,,,,4,base,type,dual_sword,,,,,,,
,,,,,,2,extra,caption,5秒內降低自身造成的MP恨意值(詳細不明)。,,,,,,,
19,,歷史紀錄,0,2025/04/24,,1,,multiplier,500+$DEX,,,,,,,
19,,歷史紀錄,1,2025/04/24,,1,,multiplier,500+$DEX,,,,,,,
19,,歷史紀錄,2,2025/04/24,,1,,multiplier,500+$DEX,,,,,,,
19,,歷史紀錄,3,2025/04/24,,1,,multiplier,500+$DEX,,,,,,,
19,,歷史紀錄,4,2025/04/24,,1,,multiplier,500+$DEX,,,,,,,
19,,歷史紀錄,5,2025/04/24,,1,,multiplier,500+$DEX,,,,,,,
19,,歷史紀錄,6,2025/04/24,,1,,multiplier,500+$DEX,,,,,,,
19,,歷史紀錄,7,2025/04/24,,1,,multiplier,"1000+Math.max($BDEX,$BSTR,$BAGI)/2",,,,,,,
20,水平橫斬,預設,雙劍,,,-,text,text,對目標進行![水平橫斬]，回復下一招技能消耗MP的一半（向上取整）；但若技能發動時自身受到傷害，會被#[翻覆]。,,600,main,瞬發,可以放入連擊,,
,,,,,,,,is_mark,1,,,,,,,
,,,,,,5,list,text,此技能置於連擊起點時，消耗MP變更為300；位於連擊末尾時，消耗mp變為0。,,,,,,,
,,,,,,6,proration,damage,physical,,,,,,,
,,,,,,,,proration,none,,,,,,,
,,,,,,1,damage,name,水平橫斬（第一擊）,,,,,,,
,,,,,,,,constant,30*SLv,,,,,,,
,,,,,,,,multiplier,450+5*SLv+$DEX/2,,,,,,,
,,,,,,,,range_damage,1,,,,,,,
,,,,,,,,dual_element,one_hand_sword,,,,,,,
,,,,,,,,action_frame,92~52,,,,,,,
,,,,,,2,base,type,dual_sword,,,,,,,
,,,,,,-,extra,motion_speed,5*SLv,,,,,,,
,,,,,,3,damage,name,水平橫斬（第二擊）,,,,,,,
,,,,,,,,constant,30*SLv,,,,,,,
,,,,,,,,multiplier,"50*SLv+Math.max($BSTR,$BAGI)/2",,,,,,,
,,,,,,,,range_damage,1,,,,,,,
,,,,,,-,list,text,當處於破空刃風壓區域內時，射程變為14m（會使風壓區域消失）。,,,,,,,
,,,,,,,,mark,破空刃,,,,,,,
,,,,,,-,list,text,當處於弧光劍舞狀態時，回復Mp翻倍。,,,,,,,
,,,,,,,,mark,弧光劍舞,,,,,,,
,,,,,,,,dual_element,one_hand_sword,,,,,,,
,,,,,,4,base,type,dual_sword,,,,,,,
,,,,,,7,extra,motion_speed,5*SLv,,,,,,,
20,,非預設,單手劍,,,1,,constant,60*SLv,,,,,,,
,,,,,,,,multiplier,900+10*SLv+$DEX,,,,,,,
,,,,,,,,dual_element,none,,,,,,,
,,,,,,2,,,,,,,,,,
,,,,,,3,,,,,,,,,,
,,,,,,4,,,,,,,,,,
,,,,,,7,,,,,,,,,,
20,,歷史紀錄,0,2025/04/24,,5,list,text,此技能置於連擊終點時，消耗MP變更為300。,,,,,,,
,,,,,,6,,proration,physical,,,,,,,
20,,歷史紀錄,1,2025/04/24,,5,list,text,此技能置於連擊終點時，消耗MP變更為300。,,,,,,,
,,,,,,6,,proration,physical,,,,,,,
,,歷史紀錄,2,2025/11/13,,5,list,text,此技能置於連擊終點時，消耗MP變更為0。,,,,,,,
,,,,,,,,,,,,,,,,
,,,,,,,,,,,,,,,,
5,1,斧槍技能,,,,,,,,,,,,,,
0,迅捷刺突,預設,旋風槍,,,-,proration,damage,physical,,100,main,瞬發,可以放入連擊,極快,
,,,,,,-,damage,constant,50+5*SLv,,,,,,,
,,,,,,,,multiplier,100+5*SLv,,,,,,,
,,,,,,,,multiplier.registlet,5*RLv,,,,,,,
,,,,,,,,range_damage,1,,,,,,,
,,,,,,,,action_frame,92~52,,,,,,,
,,,,,,1,extra,motion_speed,50,~,,,,,,
,,,,,,,,condition,此技能自身額外效果,,,,,,,
0,,非預設,單手劍,,,1,extra,motion_speed,0,,,,,,,
,,,,,,,,,,,,,,,,
1,鴻鵠一擲,預設,旋風槍,,,-,text,text,對目標進行!B[挑擊]後，順勢將槍!B[猛擲]出去，貫穿直線上的所有敵人。,,200,main,瞬發,可以放入連擊,,
,,,,,,,,is_mark,1,,,,,,,
,,,,,,-,proration,damage,physical,,,,,,,
,,,,,,1,damage,name,挑擊,,,,,,,
,,,,,,,,constant,100+10*SLv,,,,,,,
,,,,,,,,multiplier,40+SLv,,,,,,,
,,,,,,,,range_damage,1,,,,,,,
,,,,,,,,action_frame,182~102,,,,,,,
,,,,,,1,text,text,行動速度100%情況下，裝備托環時，膽怯時點為開始後第35F。,,,,,,,
,,,,,,1,text,text,行動速度 50% 情況下，裝備托環時，膽怯時點為開始後第19F。,,,,,,,
,,,,,,2,damage,name,猛擲,,,,,,,
,,,,,,,,multiplier,150+10*SLv,,,,,,,
,,,,,,,,type,AOE,,,,,,,
,,,,,,,,effective_area,line,,,,,,,
,,,,,,,,radius,2,,,,,,,
,,,,,,,,move_distance,Math.floor((SLv-1)/2)+8,,,,,,,
,,,,,,,,is_sprint,0,,,,,,,
,,,,,,,,range_damage,1,,,,,,,
2,龍尾,預設,旋風槍,,,1,text,text,先在原地橫掃對範圍內敵人造成小幅傷害，緊接著迴旋造成更大範圍的傷害，技能發動期間可減少二次傷害。,,300,-,瞬發,可以放入連擊,,
,,,,,,,,is_mark,1,,,,,,,
,,,,,,,,branch,"橫掃, 迴旋",,,,,,,
,,,,,,-,proration,damage,physical,,,,,,,
,,,,,,-,damage,name,橫掃,,,,,,,
,,,,,,,,constant,100,,,,,,,
,,,,,,,,multiplier,70+3*SLv,,,,,,,
,,,,,,,,type,AOE,,,,,,,
,,,,,,,,radius,2+Math.floor(SLv/6)*0.5,,,,,,,
,,,,,,,,end_position,self,,,,,,,
,,,,,,,,range_damage,1,,,,,,,
,,,,,,,,action_frame,122~66,,,,,,,
,,,,,,2,extra,caption,受到的第一次物理、魔法傷害降低![50%]。,,,,,,,
,,,,,,,,condition,動作期間,,,,,,,
,,,,,,-,damage,name,迴旋,,,,,,,
,,,,,,,,constant,50+15*SLv,,,,,,,
,,,,,,,,multiplier,200+20*SLv,,,,,,,
,,,,,,,,multiplier.registlet,5*RLv,,,,,,,
,,,,,,,,type,AOE,,,,,,,
,,,,,,,,radius,3.5+Math.floor((SLv-1)/3)*0.5,,,,,,,
,,,,,,,,end_position,self,,,,,,,
,,,,,,,,ailment_name,翻覆,,,,,,,
,,,,,,,,ailment_chance,10*SLv,,,,,,,
,,,,,,,,range_damage,1,,,,,,,
,,,,,,3,extra,caption,受到的第一次物理、魔法傷害降低${SLv*10}%。,,,,,,,
,,,,,,,,condition,動作期間,,,,,,,
,,,,,,-,list,text,減少傷害的效果在橫掃與迴旋階段各發動一次。,,,,,,,
,,,,,,,,mark,"橫掃, 迴旋",,,,,,,
,,,,,,-,list,text,無法減輕百分比攻擊傷害，也無法防止異常狀態的附加。,,,,,,,
,,,,,,-,list,text,此技能只可#[翻覆]非BOSS單位。,,,,,,,
2,,歷史紀錄,0,2019/06/24,,-,text,text,追加技能期間減傷的效果。,,,,,,,
,,,,,,2,,caption,無效果,,,,,,,
,,,,,,3,,caption,無效果,,,,,,,
3,潛龍撼地,預設,旋風槍,,,-,text,text,先在原地跳起進行潛龍一擊，並在地面留下潛龍。約4秒後潛龍躍出，造成撼地震盪。,,400,main,瞬發,可以放入連擊,一般,
,,,,,,,,is_mark,1,,,,,,,
,,,,,,,,branch,"潛龍一擊, 撼地震盪",,,,,,,
,,,,,,-,proration,damage,physical,,,,,,,
,,,,,,1,damage,name,潛龍一擊,,,,,,,
,,,,,,,,constant,200+20*SLv,,,,,,,
,,,,,,,,multiplier,200+20*SLv+$STR*0.4,,,,,,,
,,,,,,,,type,AOE,,,,,,,
,,,,,,,,radius,Math.floor((SLv+2)/4)+2,,,,,,,
,,,,,,,,end_position,self,,,,,,,
,,,,,,,,is_place,1,,,,,,,
,,,,,,,,range_damage,1,,,,,,,
,,,,,,,,action_frame,122~122,,,,,,,
,,,,,,2,extra,condition,跳起期間,,,,,,,
,,,,,,,,caption,自身處於#[無敵]狀態,,,,,,,
,,,,,,3,damage,name,撼地震盪,,,,,,,
,,,,,,,,multiplier,200+40*SLv+$INT,,,,,,,
,,,,,,,,type,AOE,,,,,,,
,,,,,,,,radius,Math.floor((SLv+2)/4)+4,,,,,,,
,,,,,,,,end_position,self,,,,,,,
,,,,,,,,is_place,1,,,,,,,
,,,,,,,,ailment_name,閃光,,,,,,,
,,,,,,,,ailment_chance,10*SLv,,,,,,,
,,,,,,,,range_damage,0,,,,,,,
,,,,,,-,list,text,撼地震盪的中心位置為第一次攻擊留下潛龍的位置。,,,,,,,
,,,,,,-,list,text,無敵時間略短於1秒。,,,,,,,
,,,,,,4,list,text,行動速度不會影響該技能動作時間。,,,,,,,
3,,歷史紀錄,0,2019/06/24,,-,text,text,增加無敵效果、增加威力、固定技能行動速度。,,,,,,,
,,,,,,1,,multiplier,200+20*SLv,,,,,,,
,,,,,,2,,caption,無效果,,,,,,,
,,,,,,3,,multiplier,200+40*SLv,,,,,,,
,,,,,,4,,text,(與通常技能相同),,,,,,,
4,龍牙擊,預設,旋風槍,,,-,text,text,迅速跳躍至目標位置，對其進行兩次攻擊後返回原先位置。,,500,12,瞬發,可以放入連擊,一般,
,,,,,,,,is_mark,1,,,,,,,
,,,,,,-,proration,damage,physical,,,,,,,
,,,,,,-,damage,multiplier,750+75*SLv,,,,,,,
,,,,,,,,frequency,2,,,,,,,
,,,,,,,,judgment,separate,,,,,,,
,,,,,,,,range_damage,1,,,,,,,
,,,,,,,,action_frame,116~66,,,,,,,
,,,,,,-,extra,critical_rate,65+SLv,,,,,,,
,,,,,,,,physical_pierce,10*SLv,,,,,,,
,,,,,,-,extra,caption,免疫#[膽怯]、#[翻覆]與#[昏厥]。,,,,,,,
,,,,,,,,condition,施放過程中,,,,,,,
,,,,,,-,list,text,不論發動時與目標距離多遠，跳躍至目標與返回原地耗費的時間都是固定的。,,,,,,,
,,,,,,-,tips,text,故距離目標越遠，直線上跳躍位移的速度就越快。,,,,,,,
,,,,,,-,list,text,若角色落地位置與目標相距超過((0.5+一般攻擊最大射程))m，此技能將沒有傷害。,,,,,,,
,,,,,,-,list,text,第一段的倍率為${SLv*75}%，第二段傷害則為固定的750%。,,,,,,,
,,,,,,-,list,text,技能描述中的「威力不受技能加成」，為翻譯失誤，僅僅是指此技能常數為0。,,,,,,,
,,,,,,-,tips,text,原英文描述: It has high Defense Ignorance and Critical Rate but has no bonus on power.,,,,,,,
5,死亡斧槍,預設,旋風槍,,,-,proration,damage,physical,,100,main,須蓄力,可以放入連擊,一般,1.5-Math.floor((SLv+1)/3)*0.5
,,,,,,1,damage,constant,80+3*SLv,,,,,,,
,,,,,,,,multiplier,"125+Math.max(0,SLv-1)*5",,,,,,,
,,,,,,,,range_damage,1,,,,,,,
,,,,,,,,action_frame,113~66,,,,,,,
,,,,,,2,extra,critical_rate,300,~,,,,,,
,,,,,,,,physical_pierce,10+Math.floor((SLv-1)/3)*5,,,,,,,
,,,,,,3,extra,condition,此技能發生暴擊時,,,,,,,
,,,,,,,,caption,下一招技能#[MP消耗減半]。,,,,,,,
5,,非預設,單手劍,,,1,damage,multiplier,"105+Math.max(0,SLv-1)*5",,,,,,,
,,,,,,2,extra,critical_rate,50,~,,,,,,
5,,歷史紀錄,0,2019/06/24,,-,text,text,提高暴擊率加成、追加下一招MP減半效果。,,,,,,,
,,,,,,2,,critical_rate,100,~,,,,,,
,,,,,,3,,caption,無效果,,,,,,,
5,,歷史紀錄,1,2019/06/24,,-,text,text,提高暴擊率加成、追加下一招MP減半效果。,,,,,,,
,,,,,,2,,critical_rate,50,~,,,,,,
,,,,,,3,,caption,無效果,,,,,,,
6,穿刺擊,預設,旋風槍,,,-,text,text,對目標進行穿刺。若目標處於任意異常狀態，則改為發動弱點穿刺。,,200,main,瞬發,可以放入連擊,稍快,
,,,,,,,,branch,"弱點穿刺, 穿刺",,,,,,,
,,,,,,,,is_mark,1,,,,,,,
,,,,,,-,proration,damage,physical,,,,,,,
,,,,,,1,damage,name,穿刺,,,,,,,
,,,,,,,,constant,200,,,,,,,
,,,,,,,,multiplier,190+SLv+$STR*0.2,,,,,,,
,,,,,,,,frequency,3,,,,,,,
,,,,,,,,title,each,,,,,,,
,,,,,,,,judgment,common,,,,,,,
,,,,,,,,range_damage,1,,,,,,,
,,,,,,,,action_frame,92~52,,,,,,,
,,,,,,2,extra,critical_rate,-SLv*5,%,,,,,,
,,,,,,3,damage,name,弱點穿刺,,,,,,,
,,,,,,,,constant,200,,,,,,,
,,,,,,,,multiplier,190+21*SLv+$STR*0.2,,,,,,,
,,,,,,,,frequency,3,,,,,,,
,,,,,,,,title,each,,,,,,,
,,,,,,,,judgment,common,,,,,,,
,,,,,,,,range_damage,1,,,,,,,
,,,,,,,,action_frame,92~52,,,,,,,
,,,,,,4,extra,critical_rate,-SLv*5,%,,,,,,
,,,,,,-,tips,text,此技能減的是基礎暴擊率，而非總暴擊率。,,,,,,,
6,,非預設,單手劍,,,1,damage,constant,100,,,,,,,
,,,,,,2,extra,critical_rate,-50-2.5*SLv,%,,,,,,
,,,,,,3,damage,constant,100,,,,,,,
,,,,,,,,multiplier,190+11*SLv+$STR*0.2,,,,,,,
,,,,,,4,extra,critical_rate,-50-2.5*SLv,%,,,,,,
,,,,,,,,,,,,,,,,
7,時空驅動,預設,旋風槍,,,-,text,text,施展時穿槍擊，命中後在${SLv}秒內，每隔一段時間會對目標進行追擊。每次追擊皆會給予自身一次追憶效果，回復MP。,,400,main,瞬發,可以放入連擊,稍快,
,,,,,,,,is_mark,1,,,,,,,
,,,,,,,,branch,"時穿槍擊, 追擊, 追憶",,,,,,,
,,,,,,-,proration,damage,physical,,,,,,,
,,,,,,-,damage,constant,40*SLv,,,,,,,
,,,,,,,,multiplier,100+50*SLv,,,,,,,
,,,,,,,,frequency,3,,,,,,,
,,,,,,,,name,時穿槍擊,,,,,,,
,,,,,,,,title,normal,,,,,,,
,,,,,,,,range_damage,0,,,,,,,
,,,,,,,,action_frame,92~52,,,,,,,
,,,,,,-,tips,text,關於追擊次數,,,,,,,
,,,,,,,,icon,potum,,,,,,,
,,,,,,-,group,size,4,,,,,,,
,,,,,,,,expansion_default,1,,,,,,,
,,,,,,-,list,text,追擊的攻擊次數 = ((狀態秒數÷每次間隔))。,,,,,,,
,,,,,,-,list,text,每次間隔 = ((普通攻擊間隔+1.5×(100-角色行動速度)%))。,,,,,,,
,,,,,,-,list,text,以下是簡單的計算器（可能有誤差）：,,,,,,,
,,,,,,-,stack,name,自身攻擊速度,,,,,,,
,,,,,,,,id,1,,,,,,,
,,,,,,,,min,0,,,,,,,
,,,,,,,,max,10000,,,,,,,
,,,,,,,,default,1100,,,,,,,
,,,,,,-,stack,name,額外行動速度加成,,,,,,,
,,,,,,,,id,2,,,,,,,
,,,,,,,,min,0,,,,,,,
,,,,,,,,max,50,,,,,,,
,,,,,,,,default,0,,,,,,,
,,,,,,,,unit,%,,,,,,,
,,,,,,-,text,text,"追擊次數：${Math.floor( (5+Math.floor( (SLv-1+SLv/10)/2) )/(Math.max(0,1100-stack[0])/1100+1.5*Math.max(1-Math.floor( (Math.max(stack[0],1000)-1000)/180)*0.01-stack[1]/100,0.5) ) )}。",,,,,,,
,,,,,,,,stack_id,"1,2",,,,,,,
,,,,,,-,proration,damage,magic,,,,,,,
,,,,,,,,proration,none,,,,,,,
,,,,,,1,damage,constant,250+25*SLv,,,,,,,
,,,,,,,,multiplier,40+SLv+$INT*0.2,,,,,,,
,,,,,,,,frequency,1,,,,,,,
,,,,,,,,duration,5+Math.floor((SLv-1+SLv/10)/2),,,,,,,
,,,,,,,,title,each,,,,,,,
,,,,,,,,judgment,common,,,,,,,
,,,,,,,,name,追擊,,,,,,,
,,,,,,,,combo_rate,0,,,,,,,
,,,,,,,,range_damage,0,,,,,,,
,,,,,,2,heal,name,追憶,,,,,,,
,,,,,,,,type,mp,,,,,,,
,,,,,,,,constant,30,,,,,,,
,,,,,,-,list,text,追擊的命中、暴擊、閃躲、格擋，與時穿槍擊共用判定。,,,,,,,
,,,,,,,,mark,"時穿槍擊,  追擊, 追憶",,,,,,,
,,,,,,-,list,text,追擊受魔法慣性影響，但不造成慣性（慣性由時穿槍擊造成）。,,,,,,,
,,,,,,,,mark,"時穿槍擊,  追擊, 追憶",,,,,,,
,,,,,,-,list,text,追擊傷害不受連擊效果影響。,,,,,,,
,,,,,,,,mark,追擊,,,,,,,
7,,歷史紀錄,0,2019/02/21,,-,text,text,移除TEC加成、追加MP回復的效果。,,,,,,,
,,,,,,1,,constant,250+25*SLv+$TEC*2,,,,,,,
,,,,,,2,,constant,0,,,,,,,
8,懲戒之槍,預設,旋風槍,,,-,text,text,詠唱完畢後，造成一次傷害。並使接下來三招技能獲得懲戒。,,0,12,須詠唱,不可放入連擊的第一招,稍慢,2
,,,,,,,,is_mark,1,,,,,,,
,,,,,,,,branch,懲戒,,,,,,,
,,,,,,-,tips,text,此傷害使用物理攻擊力做計算，但傷害類型屬於魔法傷害，使用魔法慣性、魔法穩定度、魔法暴擊率等。,,,,,,,
,,,,,,,,mark,魔法慣性,,,,,,,
,,,,,,-,proration,damage,magic,,,,,,,
,,,,,,1,damage,,,,,,,,,
,,,,,,,,multiplier,(25+SLv*SLv)*2+$INT*0.5,,,,,,,
,,,,,,,,damage_type,magic,,,,,,,
,,,,,,,,range_damage,1,,,,,,,
,,,,,,,,action_frame,82~82,,,,,,,
,,,,,,-,base,type,custom,,,,,,,
,,,,,,,,title,有效ATK,,,,,,,
,,,,,,,,caption,此技能的有效ATK，計算時採計目標的魔法防禦力與魔法抗性。,,,,,,,
,,,,,,,,matk_rate,0,,,,,,,
,,,,,,-,effect,name,懲戒,,,,,,,
,,,,,,,,caption,強化接下來三招攻擊技能的暴擊率。,,,,,,,
,,,,,,,,condition,hit,,,,,,,
,,,,,,2,extra,condition,第一招,,,,,,,
,,,,,,,,critical_rate,15*SLv,,,,,,,
,,,,,,3,extra,condition,第二招,,,,,,,
,,,,,,,,critical_rate,10*SLv,,,,,,,
,,,,,,4,extra,condition,第三招,,,,,,,
,,,,,,,,critical_rate,5*SLv,,,,,,,
,,,,,,-,list,text,持續時間為無限。,,,,,,,
,,,,,,-,list,text,任意技能皆會扣減次數，包括非攻擊技能比如狀態類技能。,,,,,,,
8,,非預設,單手劍,,,1,damage,multiplier,25+SLv*SLv+$INT*0.25,,,,,,,
,,,,,,2,extra,critical_rate,10*SLv,,,,,,,
,,,,,,3,extra,critical_rate,5*SLv,,,,,,,
,,,,,,4,extra,critical_rate,2.5*SLv,,,,,,,
,,,,,,,,,,,,,,,,
9,斧槍要領,預設,旋風槍,,,-,passive,atk,Math.floor((SLv-3)/5)+2,%,,,被動,,,
,,,,,,,,weapon_atk,SLv*3,%,,,,,,
10,凝聚心神,預設,旋風槍,,,-,passive,critical_rate,0.5*SLv,,,,被動,,,
,,,,,,,,critical_rate,0.5*SLv,%,,,,,,
11,破風之勢,預設,旋風槍,,,2,text,text,消耗((HP上限×10%))的HP，提高自身攻擊速度。,,0,,瞬發,不可放入連擊的第一招,快,
,,,,,,,,is_mark,1,,,,,,,
,,,,,,1,effect,aspd,50*SLv,,,,,,,
,,,,,,,,aspd,2.5*SLv,%,,,,,,
,,,,,,,,duration,300,,,,,,,
,,,,,,-,list,text,若當前HP不足以支付，則會剩餘1HP，並使效果降低為技能等級Lv1。,,,,,,,
11,,非預設,,,,1,effect,duration,180,,,,,,,
,,,,,,2,text,text,消耗((HP上限×15%))的HP，提高自身攻擊速度。,,,,,,,
12,逆境怒吼,預設,旋風槍,,,-,text,text,蓄力結束後，回復自身MP。當前生命越低，回復量越多。,,100,,須蓄力,無法放入連擊,,4-Math.floor((SLv-1)/3)
,,,,,,,,is_mark,1,,,,,,,
,,,,,,,,mark,當前生命,,,,,,,
,,,,,,-,stack,min,0,,,,,,,
,,,,,,,,max,100,,,,,,,
,,,,,,,,default,99,,,,,,,
,,,,,,,,name,當前生命,,,,,,,
,,,,,,,,id,1,,,,,,,
,,,,,,,,unit,%,,,,,,,
,,,,,,,,step,15,,,,,,,
,,,,,,1,heal,type,mp,,,,,,,
,,,,,,,,condition,蓄力結束後,,,,,,,
,,,,,,,,constant,"120+(Math.min(Math.max(85-stack,0),1)*2*SLv)+(Math.min(Math.max(70-stack,0),1)*4*SLv)+(Math.min(Math.max(55-stack,0),1)*12*SLv)",,,,,,,
,,,,,,,,stack_id,1,,,,,,,
,,,,,,,,action_frame,110~66,,,,,,,
,,,,,,-,tips,text,以15%為級距，當前生命低於54%時恢復量達最大值。,,,,,,,
12,,非預設,,,,,,,,,,,,,,5-Math.floor((SLv-1)/3)
13,神速掌握,預設,旋風槍,,,-,text,text,犧牲生存能力，大幅提高機動性。可透過重覆施放提高效果（最多三層）。,,100,,瞬發,可以放入連擊,快,
,,,,,,,,is_mark,1,,,,,,,
,,,,,,-,stack,name,效果層數,,,,,,,
,,,,,,,,id,1,,,,,,,
,,,,,,,,max,3,,,,,,,
,,,,,,,,min,1,,,,,,,
,,,,,,1,effect,aspd,(100+30*SLv)*stack[0],,,,,,,
,,,,,,,,evasion_regenerate,SLv*stack[0],,,,,,,
,,,,,,,,motion_speed,SLv*stack[0],,,,,,,
,,,,,,,,physical_resistance,(-55+3*SLv+Math.floor(stack[1]/2))*stack[0],,,,,,,
,,,,,,,,magic_resistance,(-55+3*SLv+Math.floor(stack[1]/2))*stack[0],,,,,,,
,,,,,,,,max_mp,-100*stack[0],,,,,,,
,,,,,,,,stack_id,"1,2",,,,,,,
,,,,,,,,duration,40+2*SLv,,,,,,,
,,,,,,,,action_frame,61~37,,,,,,,
,,,,,,-,list,text,每次施放技能，持續時間都會重置，層數則會疊加上去。,,,,,,,
,,,,,,-,list,text,受到任何傷害時，神速掌握的效果便會消失(失去全部層數)。但若習得神槍掌握，則有一定機率改為只失去1層效果。,,,,,,,
,,,,,,,,skill,神槍掌握,,,,,,,
,,,,,,,,mark,神速掌握,,,,,,,
,,,,,,-,list,text,狀態持續期間，角色身旁將有光球圍繞，光球的數量與當下的層數相同。,,,,,,,
,,,,,,2,text,text,習得神槍掌握技能後，根據該技能等級減輕本技能負面效果。,,,,,,,
,,,,,,,,is_mark,1,,,,,,,
,,,,,,,,skill,神槍掌握,,,,,,,
,,,,,,3,stack,name,神槍掌握技能等級,,,,,,,
,,,,,,,,id,2,,,,,,,
,,,,,,,,max,10,,,,,,,
,,,,,,,,min,0,,,,,,,
,,,,,,,,,,,,,,,,
,,,,,,,,value,getSkillLevel('0-5-18'),,,,,,,
,,,,,,-,tips,text,光球的特效補充,,,,,,,
,,,,,,,,icon,potum,,,,,,,
,,,,,,-,group,size,1,,,,,,,
,,,,,,-,list,text,三層的光球顏色分別為藍、黃、紅。,,,,,,,
,,,,,,-,list,text,施放瞬間角色腳底下的魔法陣顏色與光球相同。,,,,,,,
13,,非預設,,,,1,effect,aspd,30*SLv*stack[0],,,,,,,
,,,,,,,,physical_resistance,(-100+3*SLv)*stack[0],,,,,,,
,,,,,,,,magic_resistance,(-100+3*SLv)*stack[0],,,,,,,
,,,,,,,,duration,10+2*SLv,,,,,,,
,,,,,,2,,,,,,,,,,
,,,,,,3,,,,,,,,,,
,,,,,,,,,,,,,,,,
13,,歷史紀錄,0,2019/02/21,,-,text,text,抗性由每層-50%變為-25%。,,,,,,,
,,,,,,1,,physical_resistance,(-80+3*SLv)*stack[0],,,,,,,
,,,,,,,,magic_resistance,(-80+3*SLv)*stack[0],,,,,,,
14,破壞矛,預設,旋風槍,,,-,text,text,投擲出破壞矛，距離敵人7米以上時技能威力降低。如果身上有懲戒之槍的懲戒狀態，此技能轉變為懲戒破壞矛。,,100,12,瞬發,可以放入連擊,一般,
,,,,,,,,is_mark,1,,,,,,,
,,,,,,,,skill,懲戒之槍,,,,,,,
,,,,,,,,branch,"懲戒破壞矛, 破壞矛",,,,,,,
,,,,,,-,tips,text,懲戒破壞矛威力受懲戒之槍技能等級影響。,,,,,,,
,,,,,,,,skill,懲戒之槍,,,,,,,
,,,,,,,,branch,"懲戒破壞矛, 破壞矛",,,,,,,
,,,,,,-,stack,id,1,,,,,,,
,,,,,,,,name,與目標的距離,,,,,,,
,,,,,,,,min,0,,,,,,,
,,,,,,,,max,12,,,,,,,
,,,,,,,,default,6,,,,,,,
,,,,,,-,stack,id,2,,,,,,,
,,,,,,,,name,懲戒之槍技能等級,,,,,,,
,,,,,,,,min,0,,,,,,,
,,,,,,,,max,10,,,,,,,
,,,,,,,,default,10,,,,,,,
,,,,,,,,,,,,,,,,
,,,,,,,,value,getSkillLevel('0-5-8'),,,,,,,
,,,,,,-,proration,damage,physical,,,,,,,
,,,,,,-,damage,name,破壞矛,,,,,,,
,,,,,,,,constant,100,,,,,,,
,,,,,,,,multiplier,"Math.max(100,500-(100-5*SLv)*Math.max(0,stack-6))+$STR*0.5+$AGI*0.5",,,,,,,
,,,,,,,,stack_id,1,,,,,,,
,,,,,,,,range_damage,1,,,,,,,
,,,,,,,,action_frame,122~66,,,,,,,
,,,,,,-,space,#,,,,,,,,
,,,,,,-,proration,damage,magic,,,,,,,
,,,,,,-,damage,name,懲戒破壞矛,,,,,,,
,,,,,,,,constant,200,,,,,,,
,,,,,,,,multiplier,"500+stack[1]*10-(60-4*SLv)*Math.max(0,stack[0]-6)+$STR*0.5+$AGI*0.5",,,,,,,
,,,,,,,,stack_id,"1,2",,,,,,,
,,,,,,,,range_damage,1,,,,,,,
,,,,,,-,extra,caption,使懲戒的剩餘次數回復至3次。,,,,,,,
,,,,,,,,branch,懲戒,,,,,,,
,,,,,,-,tips,text,懲戒破壞矛使用物理攻擊力做計算，但傷害慣性類別屬於魔法慣性。,,,,,,,
,,,,,,,,mark,"魔法慣性, 懲戒破壞矛",,,,,,,
15,龍力充填,預設,旋風槍,,,-,text,text,使用後首先進行龍力充填，龍力充填以百分比計算，當按下移動鍵或蓄積到100%時即會發動龍力突刺。<br>若置於連擊中且並非起始技，蓄力方式有所改變。,,300,-,須蓄力,可以放入連擊,一般,
,,,,,,,,branch,"龍力充填,龍力突刺",,,,,,,
,,,,,,,,is_mark,1,,,,,,,
,,,,,,-,stack,id,1,,,,,,,
,,,,,,,,name,龍力充填百分比,,,,,,,
,,,,,,,,min,10,,,,,,,
,,,,,,,,max,100,,,,,,,
,,,,,,,,default,10,,,,,,,
,,,,,,,,step,5,,,,,,,
,,,,,,,,unit,%,,,,,,,
,,,,,,-,stack,id,2,,,,,,,
,,,,,,,,name,在連擊中的位置(不含起始技),,,,,,,
,,,,,,,,min,1,,,,,,,
,,,,,,,,max,9,,,,,,,
,,,,,,,,default,1,,,,,,,
,,,,,,,,,,,,,,,,
,,,,,,6,list,text,正常蓄力時，每秒提升![20%]龍力，可透過移動提前釋放，但龍力充填低於![10%]時將無法釋放。,,,,,,,
,,,,,,,,stack_id,2,,,,,,,
,,,,,,7,list,text,龍力突刺蓄力中，若出現攻擊警告(角色頭上出現驚嘆號)，則蓄力層數變為![100%]並立刻釋放。此效果僅在技能未置於連擊、且是在蓄力後出現的攻擊警告才有效。,,,,,,,
,,,,,,,,mark,"龍力充填,龍力突刺",,,,,,,
,,,,,,1,list,text,此技能若置於連擊且非起始技，會在蓄力0.5秒後釋放，威力視為${stack*5}%充填。,,,,,,,
,,,,,,2,,,,,,,,,,
,,,,,,,,mark,"龍力充填,龍力突刺",,,,,,,
,,,,,,10,text,text,釋放後，首先向目標方向進行突刺，碰到目標或突刺達最大距離時即會停止並造成第一擊傷害（若此時距離目標過遠將無傷害），第二擊的起點為第一擊衝刺的終點。突刺最大距離=${9+Math.floor(stack/20)*1.5}米。,,,,,,,
,,,,,,,,mark,"突刺,第一擊,第二擊",,,,,,,
,,,,,,,,is_mark,1,,,,,,,
,,,,,,,,stack_id,1,,,,,,,
,,,,,,-,list,text,突刺期間，角色不會受到傷害（實質上更接近於瞬移）。,,,,,,,
,,,,,,-,proration,damage,physical,,,,,,,
,,,,,,4,damage,name,龍力突刺（第一擊）,,,,,,,
,,,,,,,,damage_type,physical,,,,,,,
,,,,,,,,multiplier,(500+50*SLv)*(100+stack)/100,,,,,,,
,,,,,,,,constant,300,,,,,,,
,,,,,,,,stack_id,1,,,,,,,
,,,,,,,,range_damage,short,,,,,,,
,,,,,,,,action_frame,105~64,,,,,,,
,,,,,,-,extra,physical_pierce,(extra[0]-1)*10,,,,,,,
,,,,,,-,extra,caption,此傷害#[必定命中]。,,,,,,,
,,,,,,-,formula_extra,texts,突刺移動的距離,,,,,,,
,,,,,,5,damage,name,龍力突刺（第二擊）,,,,,,,
,,,,,,,,damage_type,physical,,,,,,,
,,,,,,,,multiplier,(500+50*SLv)*(100+stack)/100,,,,,,,
,,,,,,,,constant,30*SLv,,,,,,,
,,,,,,,,stack_id,1,,,,,,,
,,,,,,,,type,AOE,,,,,,,
,,,,,,,,effective_area,sector,,,,,,,
,,,,,,,,radius,1,,,,,,,
,,,,,,,,target_offsets,4,,,,,,,
,,,,,,,,angle,90,,,,,,,
,,,,,,,,move_distance,4,,,,,,,
,,,,,,,,ailment_name,異常(依據屬性),,,,,,,
,,,,,,,,ailment_chance,SLv*SLv,,,,,,,
,,,,,,,,range_damage,short,,,,,,,
,,,,,,-,base,type,custom,,,,,,,
,,,,,,,,title,特殊ATK,,,,,,,
,,,,,,,,caption,(ATK+雷槍MATK×50%+等級差)×(100-目標物理抗性)%-目標MDEF,,,,,,,
,,,,,,,,target_def_type,mdef,,,,,,,
,,,,,,,,atk_rate,100,,,,,,,
,,,,,,,,matk_rate,50,,,,,,,
,,,,,,-,damage_stat,id,matk,,,,,,,
,,,,,,,,override_id,thunder_matk,,,,,,,
,,,,,,,,,,,,,,,,
,,,,,,,,,,,,,,,,
,,,,,,-,extra,caption,此傷害#[必定暴擊]。,,,,,,,
,,,,,,-,extra,caption,此傷害被閃躲時，將改判定為非暴擊的#[Graze]，但對#[特殊閃躲][閃躲（怪物）]狀態則不適用。,,,,,,,
,,,,,,-,tips,text,特殊閃躲狀態，例如魔晶獸受#[控制類異常]後的必定閃躲。,,,,,,,
,,,,,,-,list,text,雷槍MATK，為僅適用於特定旋風槍魔法技能的MATK，基礎值為:「Lv+INT×4+AGI+DEX+總武器ATK×5/8」,,,,,,,
,,,,,,,,mark,"雷槍MATK, 旋風槍",,,,,,,
,,,,,,-,list,text,此技能無論在何處發動，近距離威力總是有效，遠距離威力無作用，然而遠程狙擊有效。,,,,,,,
,,,,,,,,mark,"近距離威力, 遠距離威力",,,,,,,
,,,,,,,,skill,遠程狙擊,,,,,,,
,,,,,,8,list,text,對同一目標命中2次時，第一擊與第二擊在慣性值的取值相同（第二擊不受到第一擊的物理慣性影響）。,,,,,,,
,,,,,,-,list,text,兩次傷害皆會造成物理慣性，但由於單次技能只能造成一次慣性變動的規則，單一目標命中兩次時僅造成一次慣性。,,,,,,,
,,,,,,3,,,,,,,,,,
,,,,,,-,tips,text,各屬性下附加的異常狀態（效果皆為10秒）,,,,,,,
,,,,,,-,group,size,1,,,,,,,
,,,,,,-,table,labels,"屬性,異常狀態",,,,,,,
,,,,,,-,row,cell.0,無屬性,,,,,,,
,,,,,,,,cell.1,無異常,,,,,,,
,,,,,,-,row,cell.0,火屬性,,,,,,,
,,,,,,,,cell.1,#[著火],,,,,,,
,,,,,,-,row,cell.0,水屬性,,,,,,,
,,,,,,,,cell.1,#[冰凍],,,,,,,
,,,,,,-,row,cell.0,地屬性,,,,,,,
,,,,,,,,cell.1,#[猛毒],,,,,,,
,,,,,,-,row,cell.0,風屬性,,,,,,,
,,,,,,,,cell.1,#[停止],,,,,,,
,,,,,,-,row,cell.0,光屬性,,,,,,,
,,,,,,,,cell.1,#[盲目],,,,,,,
,,,,,,-,row,cell.0,暗屬性,,,,,,,
,,,,,,,,cell.1,#[詛咒],,,,,,,
15,,歷史紀錄,0,2022/04/07,,1,,text,此技能若置於連擊且非起始技，則無須蓄力，且該技能位於連擊越後面的位置威力越高。,,,,,,,
,,,,,,2,list,text,承上，威力計算方式為：包含起始技，在連擊中第N個位置時，計算威力時視為(( 20×(N-1) ))%的龍力充填程度，且以此方式釋放時甚至能突破龍力充填的100%上限，最大可達![180%]。,,,,,,,
15,,歷史紀錄,0,2022/04/21,,3,list,text,此技能僅在未置於連擊中時，不受行動速度影響。,,,,,,,
,,,,,,1,list,text,"此技能若置於連擊，會在蓄力1秒後釋放，威力視為${20+Math.max(0,stack-5)*5}%充填。（連擊長度6以上時提昇威力）",,,,,,,
15,,歷史紀錄,0,2022/05/12,,3,list,text,此技能不受行動速度影響。,,,,,,,
15,,歷史紀錄,0,2022/06/23,,-,text,text,變更暗屬性時的附加狀態#[詛咒]的效果。,,,,,,,
15,,歷史紀錄,0,2023/04/06,,4,,multiplier,(500+50*SLv)*(80+stack)/100,,,,,,,
,,,,,,5,,multiplier,(500+50*SLv)*(80+stack)/100,,,,,,,
,,,,,,1,list,text,"此技能若置於連擊，會在蓄力0.5秒後釋放，威力視為${20+Math.max(0,stack-5)*5}%充填。（連擊長度6以上時提昇威力）",,,,,,,
,,,,,,6,,text,正常蓄力時，每秒提升![20%]龍力，可透過移動提前釋放，但龍力充填低於20%時將無法釋放。,,,,,,,
,,,,,,7,,text,龍力突刺釋放時，若出現攻擊警告(角色頭上出現驚嘆號)，則蓄力層數會翻倍。,,,,,,,
15,,歷史紀錄,0,2024/04/18,,8,list,text,對同一目標命中2次時，第一擊即會造成物理慣性，降低第二擊的傷害。,,,,,,,
15,,歷史紀錄,0,2025/04/24,,-,text,text,將公式中matk變更為雷槍matk。,,,,,,,
15,,歷史紀錄,0,2025/09/25,,5,,constant,0,,,,,,,
,,,,,,1,list,text,"此技能若置於連擊，會在蓄力0.5秒後釋放，威力視為${10+Math.max(0,stack-2)*5}%充填。（連擊位置3以上時提昇威力）",,,,,,,
,,,,,,10,text,text,釋放後，首先向目標方向進行突刺，碰到目標或突刺達8m時即會停止並造成第一擊傷害（若此時距離目標過遠將無傷害），第二擊的起點為第一擊衝刺的終點。,,,,,,,
,,,,,,,,,,,,,,,,
,,,,,,,,,,,,,,,,
16,無窮空間,預設,旋風槍,,,-,text,text,以目標為中心，製造出無窮空間領域，對範圍內的目標持續進行攻擊。,,200,12,瞬發,可以放入連擊,一般,
,,,,,,,,is_mark,1,,,,,,,
,,,,,,,,branch,無窮空間領域,,,,,,,
,,,,,,-,proration,damage,physical,,,,,,,
,,,,,,,,proration,none,,,,,,,
,,,,,,1,damage,name,無窮空間領域,,,,,,,
,,,,,,,,constant,20*SLv,,,,,,,
,,,,,,,,multiplier,400+($BSTR+$BAGI)/5,,,,,,,
,,,,,,,,type,AOE,,,,,,,
,,,,,,,,radius,6,,,,,,,
,,,,,,,,ailment_name,閃光,,,,,,,
,,,,,,,,ailment_chance,8*SLv,,,,,,,
,,,,,,,,frequency,5,,,,,,,
,,,,,,,,title,each,,,,,,,
,,,,,,,,judgment,separate,,,,,,,
,,,,,,,,range_damage,0,,,,,,,
,,,,,,,,is_place,1,,,,,,,
,,,,,,,,duration,5,,,,,,,
,,,,,,,,cycle,1,,,,,,,
,,,,,,,,action_frame,122~66,,,,,,,
,,,,,,-,extra,condition,持有時空驅動的效果時,,,,,,,
,,,,,,,,caption,每次傷害均可回復自身((總攻擊MP回復×${SLv/10}))的MP。,,,,,,,
,,,,,,-,list,text,發動本技能時鎖定的目標若死亡，此技能將提前結束。,,,,,,,
,,,,,,-,list,text,本技能每下攻擊會再分成兩段傷害，兩段傷害共用判定、限傷時視為一次傷害。,,,,,,,
,,,,,,-,list,text,本技能造成的#[閃光]持續10秒，抵抗時間為10秒。,,,,,,,
16,,歷史紀錄,0,2023/04/06,,1,,multiplier,400,,,,,,,
16,,歷史紀錄,0,2025/09/25,,ㄅ,,multiplier,400+$BSTR/5,,,,,,,
,,,,,,,,,,,,,,,,
17,颶風槍,預設,旋風槍,,,-,text,text,習得後，每當斧槍技能樹中的攻擊技能命中時，便會獲得一層龍捲之力，提供各種加成。,,,,被動,,,
,,,,,,,,is_mark,1,,,,,,,
,,,,,,,,mark,"斧槍技能樹, 龍捲之力",,,,,,,
,,,,,,-,tips,text,技能必須命中才可獲得層數，被閃躲、MISS均不會獲得、每個技能最多獲得1層。,,,,,,,
,,,,,,-,stack,id,1,,,,,,,
,,,,,,,,name,龍捲之力層數,,,,,,,
,,,,,,,,min,0,,,,,,,
,,,,,,,,max,10,,,,,,,
,,,,,,,,default,1,,,,,,,
,,,,,,-,effect,name,龍捲之力,,,,,,,
,,,,,,,,critical_damage,Math.floor(SLv/5)*stack,,,,,,,
,,,,,,,,dodge,10*stack,%,,,,,,
,,,,,,,,graze_penalty_mitigation,stack,,,,,,,
,,,,,,,,condition,hit,,,,,,,
,,,,,,,,duration,100,,,,,,,
,,,,,,,,stack_id,1,,,,,,,
,,,,,,-,extra,caption,保底命中+${stack*SLv*0.8}%。,,,,,,,
,,,,,,,,,,,,,,,,
,,,,,,,,stack_id,1,,,,,,,
,,,,,,-,extra,caption,發生物理追擊的機率+${2.5*stack}%。,,,,,,,
,,,,,,-,extra,condition,被攻擊時,,,,,,,
,,,,,,,,caption,失去一半龍捲之力層數（÷2後，小數捨去）。,,,,,,,
,,,,,,-,tips,text,旋風槍的原始保底命中為20%。,,,,,,,
,,,,,,-,tips,text,每次提升層數時，持續時間都將刷新為100秒。,,,,,,,
,,,,,,2,list,text,使用技能效果或#[無敵]狀態避免傷害，仍舊會失去龍捲之力層數；但閃躲或MISS不會。,,,,,,,
,,,,,,,,stack_id,1,,,,,,,
,,,,,,-,list,text,#[閃光]狀態的判定在此技能的保底命中提升之前。,,,,,,,
,,,,,,,,,,,,,,,,
,,,,,,1,list,text,詳細的說，攻擊在#[閃光]狀態的目標時，首先在原始命中率與兩倍的保底命中率（2×20%，此技能效果不影響）間取較高者，以此機率判定為Hit/Critical；若上述檢定失敗，再進行保底命中率的判定。當滿級滿層數時，所有攻擊最低皆有#[Graze]以上判定。,,,,,,,
,,,,,,,,mark,保底命中率,,,,,,,
,,,,,,-,list,text,擦傷懲罰緩和效果可在發生#[Graze]時，獲得額外的穩定率（在懲罰計算之後）。例如原始穩定率為90%，發生Graze時，最終穩定率為((90÷2+擦傷懲罰緩和%))%。,,,,,,,
,,,,,,,,mark,擦傷懲罰緩和,,,,,,,
,,,,,,-,tips,text,未確認技能等級與層數是否影響擦傷懲罰緩和量，僅確認最大為10%。,,,,,,,
17,,歷史紀錄,0,2022/04/07,,-,text,text,更改閃光效果與此技能的判定順序。,,,,,,,
,,,,,,1,list,text,攻擊在#[閃光]狀態的目標時，閃光的機制中「2倍的保底命中」的部分，將可受此技能的保底命中提升影響（先乘完2倍保底命中再加上此技能的加成）。當滿級時，8層以上龍捲之力即可使所有攻擊皆必定命中。,,,,,,,
17,,歷史紀錄,0,2024/04/18,,2,,text,即使自身閃躲、迴避甚至#[無敵]掉了傷害，仍舊會失去龍捲之力層數。,,,,,,,
,,,,,,,,,,,,,,,,
,,,,,,,,,,,,,,,,
,,,,,,,,,,,,,,,,
18,神槍掌握,預設,旋風槍,,,-,passive,caption,使神速掌握每層的物理/魔法抗性降低量，輕減${Math.floor(SLv/2)}%。,,,,被動,,,
,,,,,,,,is_mark,1,,,,,,,
,,,,,,,,skill,神速掌握,,,,,,,
,,,,,,2,extra,condition,神速掌握狀態中受到傷害時,,,,,,,
,,,,,,,,caption,有${10+2*SLv+$BAGI/3.5}%機率獲得2秒的#[無敵]狀態，此效果每10秒僅能觸發一次。,,,,,,,
,,,,,,3,passive,total_damage_A.displayTitle,斧槍技能樹，物理類型的總傷害,,,,,,,
,,,,,,,,total_damage_A,SLv,,,,,,,
,,,,,,,,total_damage_A.conditionValue,$skill.id.startsWith('0-5-') && $skill.id != '0-5-20' && $skill.id != '0-5-21',,,,,,,
,,,,,,,,,,,,,,,,
,,,,,,1,text,text,此技能達一定等級後，將追加特殊主動技能，可於設置捷徑或連擊時找到。,,,,,,,
,,,,,,-,list,text,Lv1以上，追加技能「神槍掌握III」，使用後將使角色的神速掌握層數變為3層。,,,,,,,
,,,,,,,,mark,"神槍掌握III,神速掌握",,,,,,,
,,,,,,-,list,text,Lv5以上，追加技能「神槍掌握II」，使用後將使角色的神速掌握層數變為2層。,,,,,,,
,,,,,,,,mark,"神槍掌握II,神速掌握",,,,,,,
,,,,,,-,list,text,Lv10，追加技能「神槍掌握I」，使用後將使角色的神速掌握層數變為1層。,,,,,,,
,,,,,,,,mark,"神槍掌握I,神速掌握",,,,,,,
,,,,,,-,list,text,使用神槍掌握I~III所獲取的神速掌握狀態，狀態效果與平常使用神速掌握獲取的相同。,,,,,,,
,,,,,,,,mark,"神槍掌握,神速掌握",,,,,,,
18,,歷史紀錄,0,2023/04/06,,-,text,text,追加主動技能：神槍掌握I~III。,,,,,,,
,,,,,,1,,text,無此效果。,,,,,,,
18,,歷史紀錄,0,2025/09/25,,2,,caption,有${10*SLv}%機率使神速掌握層數僅降低1層，而非全部失去。,,,,,,,
,,,,,,3,passive,total_damage_B,0,,,,,,,
,,,,,,,,,,,,,,,,
,,,,,,,,,,,,,,,,
,,,,,,,,,,,,,,,,
19,雷霆之槍,預設,旋風槍,,,-,text,text,此技能分為近距(7m內釋放)與遠距(8m外釋放)兩種模式。近距模式對目標造成兩次傷害、若附加#[麻痺]成功再追加一擊。遠距模式施放後雷槍會懸於頭頂，待目標進入7m內向其造成傷害。,,300,-,瞬發,可以放入連擊,,
,,,,,,,,mark,"近距模式,遠距模式",,,,,,,
,,,,,,,,is_mark,1,,,,,,,
,,,,,,-,list,text,習得索爾之鎚時，技能倍率與附加麻痺機率提升。,,,,,,,
,,,,,,,,skill,索爾之鎚,,,,,,,
,,,,,,-,stack,name,索爾之鎚技能等級,,,,,,,
,,,,,,,,min,0,,,,,,,
,,,,,,,,max,10,,,,,,,
,,,,,,,,default,10,,,,,,,
,,,,,,,,id,1,,,,,,,
,,,,,,,,value,getSkillLevel('0-5-21'),,,,,,,
,,,,,,-,proration,damage,magic,,,,,,,
,,,,,,-,damage,name,近距模式(前二擊),,,,,,,
,,,,,,,,constant,300,,,,,,,
,,,,,,,,multiplier,300+10*SLv+stack*10,,,,,,,
,,,,,,,,stack_id,1,,,,,,,
,,,,,,,,frequency,2,,,,,,,
,,,,,,,,ailment_chance,SLv*5+$INT*0.1,,,,,,,
,,,,,,,,ailment_name,麻痺,,,,,,,
,,,,,,,,range_damage,1,,,,,,,
,,,,,,,,long_range_damage,1,,,,,,,
,,,,,,,,action_frame,92~52,,,,,,,
,,,,,,-,list,text,若第一擊觸發#[麻痺]異常，則第二擊必定麻痺，但只會判斷一次#[麻痺]附加。,,,,,,,
,,,,,,-,damage,name,近距模式(麻痺附加成功時追擊),,,,,,,
,,,,,,,,constant,$INT/2,,,,,,,
,,,,,,,,multiplier,100+30*SLv+stack*10+$BINT/2,,,,,,,
,,,,,,,,range_damage,short,,,,,,,
,,,,,,,,long_range_damage,1,,,,,,,
,,,,,,-,base,type,custom,,,,,,,
,,,,,,,,title,雷槍MATK,,,,,,,
,,,,,,,,caption,傷害公式中的角色基礎MATK，變更為:「Lv+INT×4+AGI+DEX+總武器ATK×5/8」,,,,,,,
,,,,,,,,atk_rate,0,,,,,,,
,,,,,,,,matk_rate,100,,,,,,,
,,,,,,-,damage_stat,id,matk,,,,,,,
,,,,,,,,override_id,thunder_matk,,,,,,,
,,,,,,-,extra,caption,此傷害#[必定暴擊]。（使用魔法暴擊傷害）,,,,,,,
,,,,,,-,list,text,此傷害雖然使用近距離威力，但受遠程狙擊影響。,,,,,,,
,,,,,,,,skill,遠程狙擊,,,,,,,
,,,,,,,,,,,,,,,,
,,,,,,-,proration,damage,normal_attack,,,,,,,
,,,,,,-,damage,name,遠距模式,,,,,,,
,,,,,,,,constant,$INT,,,,,,,
,,,,,,,,multiplier,$INT/2,,,,,,,
,,,,,,,,frequency,Math.floor((SLv+2)/3),,,,,,,
,,,,,,,,range_damage,0,,,,,,,
,,,,,,,,title,each,,,,,,,
,,,,,,,,judgment,separate,,,,,,,
,,,,,,-,extra,caption,回復自身((攻擊MP回復量))的MP,,,,,,,
,,,,,,,,condition,每下傷害,,,,,,,
,,,,,,-,list,text,遠距模式下，每次傷害都會造成一次慣性。,,,,,,,
,,,,,,,,,,,,,,,,
,,,,,,,,,,,,,,,,
,,,,,,,,,,,,,,,,
20,天打雷劈,預設,旋風槍,,,-,text,text,在目標周圍一定範圍內降下${3+Math.floor(SLv/2)}道落雷；如果目標處於#[麻痺]狀態，落點將更為集中；動作期間自身#[無敵],,200,18,瞬發,可以放入連擊,,
,,,,,,,,is_mark,1,,,,,,,
,,,,,,,,mark,落雷,,,,,,,
,,,,,,-,list,text,非麻痺時，其中一半落雷會落在目標周圍2m區域內，其餘落雷則在半徑7m內。,,,,,,,
,,,,,,,,mark,落雷,,,,,,,
,,,,,,-,list,text,麻痺時，所有落雷都會落在目標周圍2m區域內，其中約6個落在怪物腳下。,,,,,,,
,,,,,,,,mark,落雷,,,,,,,
,,,,,,-,proration,damage,magic,,,,,,,
,,,,,,-,damage,name,落雷,,,,,,,
,,,,,,,,constant,100+10*SLv,,,,,,,
,,,,,,,,multiplier,100+20*Math.floor(SLv/2)+$INT*0.1,,,,,,,
,,,,,,,,damage_type,magic,,,,,,,
,,,,,,,,range_damage,long,,,,,,,
,,,,,,,,long_range_damage,1,,,,,,,
,,,,,,,,frequency,3+Math.floor((SLv+1)/2),,,,,,,
,,,,,,,,type,AOE,,,,,,,
,,,,,,,,radius,1,,,,,,,
,,,,,,,,title,each,,,,,,,
,,,,,,,,judgment,separate,,,,,,,
,,,,,,,,action_frame,122~66,,,,,,,
,,,,,,-,damage_stat,id,matk,,,,,,,
,,,,,,,,override_id,thunder_matk,,,,,,,
,,,,,,-,base,type,custom,,,,,,,
,,,,,,,,title,雷槍MATK,,,,,,,
,,,,,,,,caption,傷害公式中的角色基礎MATK，變更為:「Lv+INT×4+AGI+DEX+總武器ATK×5/8」,,,,,,,
,,,,,,,,atk_rate,0,,,,,,,
,,,,,,,,matk_rate,100,,,,,,,
,,,,,,-,extra,caption,此傷害#[必定暴擊]。（使用魔法暴擊傷害）,,,,,,,
,,,,,,-,extra,caption,自身處於#[無敵]。,,,,,,,
,,,,,,,,condition,動作期間,,,,,,,
,,,,,,-,list,text,落雷會在落下地點留下雷痕，可被索爾之鎚觸發造成追擊。,,,,,,,
,,,,,,,,skill,索爾之鎚,,,,,,,
,,,,,,,,mark,"落雷,雷痕,追擊",,,,,,,
,,,,,,-,list,text,天打雷劈的動作時間，通常不受行動速度的影響。但可利用連擊效果「迅速」，達到行動速度50%。,,,,,,,
,,,,,,,,mark,天打雷劈,,,,,,,
,,,,,,,,,,,,,,,,
21,索爾之鎚,預設,旋風槍,,,-,text,text,向目標砸下索爾之鎚，造成範圍傷害、並使自身獲得雷神之力buff。若場上有天打雷劈所留下的雷痕，索爾之鎚砸下後會在雷痕位置繼續造成雷痕追擊。,,400,12,瞬發,可以放入連擊,,
,,,,,,,,is_mark,1,,,,,,,
,,,,,,,,mark,"索爾之鎚,雷痕,追擊,雷神之力",,,,,,,
,,,,,,,,skill,天打雷劈,,,,,,,
,,,,,,-,proration,damage,magic,,,,,,,
,,,,,,-,damage,name,索爾之鎚(第一擊),,,,,,,
,,,,,,,,constant,400,,,,,,,
,,,,,,,,multiplier,1000+50*SLv,,,,,,,
,,,,,,,,damage_type,magic,,,,,,,
,,,,,,,,type,AOE,,,,,,,
,,,,,,,,radius,2,,,,,,,
,,,,,,,,range_damage,0,,,,,,,
,,,,,,,,action_frame,92~52,,,,,,,
,,,,,,-,damage_stat,id,matk,,,,,,,
,,,,,,,,override_id,thunder_matk,,,,,,,
,,,,,,-,extra,caption,此傷害#[必定暴擊]。（使用魔法暴擊傷害）,,,,,,,
,,,,,,-,extra,caption,技能倍率除以命中目標數，每個目標的傷害分開判定。,,,,,,,
,,,,,,,,condition,命中多個目標時,,,,,,,
,,,,,,-,base,type,custom,,,,,,,
,,,,,,,,title,雷槍MATK,,,,,,,
,,,,,,,,caption,傷害公式中的角色基礎MATK，變更為:「Lv+INT×4+AGI+DEX+總武器ATK×5/8」,,,,,,,
,,,,,,,,atk_rate,0,,,,,,,
,,,,,,,,matk_rate,100,,,,,,,
,,,,,,-,effect,name,雷神之力,,,,,,,
,,,,,,,,additional_magic,10*SLv,,,,,,,
,,,,,,,,magic_pierce,2*SLv,,,,,,,
,,,,,,,,accuracy,$BINT*(SLv*0.1),,,,,,,
,,,,,,,,duration,12*SLv,,,,,,,
,,,,,,,,,,,,,,,,
,,,,,,,,,,,,,,,,
,,,,,,,,,,,,,,,,
,,,,,,-,list,text,雷神之力不顯示於狀態欄，但武器會有發亮特效。,,,,,,,
,,,,,,-,stack,name,天打雷劈技能等級,,,,,,,
,,,,,,,,min,5,,,,,,,
,,,,,,,,max,10,,,,,,,
,,,,,,,,default,10,,,,,,,
,,,,,,,,id,1,,,,,,,
,,,,,,,,value,getSkillLevel('0-5-20'),,,,,,,
,,,,,,-,damage,name,雷痕追擊,,,,,,,
,,,,,,,,constant,100+10*stack,,,,,,,
,,,,,,,,multiplier,100+20*Math.floor(stack/2)+$INT*0.1,,,,,,,
,,,,,,,,damage_type,magic,,,,,,,
,,,,,,,,type,AOE,,,,,,,
,,,,,,,,radius,1,,,,,,,
,,,,,,,,stack_id,1,,,,,,,
,,,,,,,,frequency,3+Math.floor(stack/2),,,,,,,
,,,,,,,,cycle,0.33,,,,,,,
,,,,,,,,duration,2.33,,,,,,,
,,,,,,,,title,each,,,,,,,
,,,,,,,,judgment,separate,,,,,,,
,,,,,,,,range_damage,0,,,,,,,
,,,,,,,,,,,,,,,,
,,,,,,-,extra,caption,此傷害#[必定暴擊]。（使用魔法暴擊傷害）,,,,,,,
,,,,,,-,extra,caption,"第一次追擊技能倍率為1倍、第二次追擊為2倍...以此類推；故總倍率為${100+20*Math.floor(stack/2)}×${[6,10,10,15,15,21,21,28,28,36][stack-1]}。",,,,,,,
,,,,,,-,base,type,custom,,,,,,,
,,,,,,,,title,雷槍MATK,,,,,,,
,,,,,,,,caption,傷害公式中的角色基礎MATK，變更為:「Lv+INT×4+AGI+DEX+總武器ATK×5/8」,,,,,,,
,,,,,,,,atk_rate,0,,,,,,,
,,,,,,,,matk_rate,100,,,,,,,
,,,,,,-,damage_stat,id,matk,,,,,,,
,,,,,,,,override_id,thunder_matk,,,,,,,
,,,,,,-,stack,name,第N次追擊,,,,,,,
,,,,,,,,max,8,,,,,,,
,,,,,,,,min,1,,,,,,,
,,,,,,,,default,8,,,,,,,
,,,,,,,,id,2,,,,,,,
,,,,,,,,invisible,1,,,,,,,
,,,,,,-,damage,name,雷痕追擊(第N擊，右上齒輪開啟設定),,,,,,,
,,,,,,,,constant,100+10*stack[0],,,,,,,
,,,,,,,,multiplier,(100+20*Math.floor(stack[0]/2)+$INT*0.1)*stack[1],,,,,,,
,,,,,,,,damage_type,magic,,,,,,,
,,,,,,,,type,AOE,,,,,,,
,,,,,,,,radius,1,,,,,,,
,,,,,,,,stack_id,"1,2",,,,,,,
,,,,,,,,invisible,1,,,,,,,
,,,,,,-,damage_stat,id,matk,,,,,,,
,,,,,,,,override_id,thunder_matk,,,,,,,
,,,,,,-,damage,name,雷痕追擊全命中總傷害,,,,,,,
,,,,,,,,constant,100+10*stack[0],,,,,,,
,,,,,,,,multiplier,"(100+20*Math.floor(stack[0]/2)+$INT*0.1)*([6,10,10,15,15,21,21,28,28,36][stack[0]-1])",,,,,,,
,,,,,,,,damage_type,magic,,,,,,,
,,,,,,,,type,AOE,,,,,,,
,,,,,,,,radius,1,,,,,,,
,,,,,,,,stack_id,1,,,,,,,
,,,,,,,,invisible,1,,,,,,,
,,,,,,-,damage_stat,id,matk,,,,,,,
,,,,,,,,override_id,thunder_matk,,,,,,,
,,,,,,-,list,text,追擊間隔19~20F，不受其他因素影響。,,,,,,,
,,,,,,-,list,text,追擊最多八下，總花費時間為135F。,,,,,,,
,,,,,,,,,,,,,,,,
,,,,,,,,,,,,,,,,
,,,,,,,,,,,,,,,,
6,1,武士技能,,,,,,,,,,,,,,
0,一閃,預設/and,拔刀劍,無裝備,,-,proration,damage,physical,,100,main,瞬發,可以放入連擊,稍快,
,,,,,,-,text,text,對敵人斬切後將刀收合，造成兩段傷害，兩段傷害分開判定。,,,,,,,
,,,,,,,,is_mark,1,,,,,,,
,,,,,,,,branch,"斬切, 收合",,,,,,,
,,,,,,1,damage,name,斬切,,,,,,,
,,,,,,,,multiplier,50,,,,,,,
,,,,,,,,unsheathe_damage,1,,,,,,,
,,,,,,,,range_damage,1,,,,,,,
,,,,,,,,action_frame,92~52,,,,,,,
,,,,,,2,damage,name,收合,,,,,,,
,,,,,,,,constant,50+5*SLv,,,,,,,
,,,,,,,,multiplier,100+5*SLv,,,,,,,
,,,,,,,,multiplier.registlet,5*RLv,,,,,,,
,,,,,,,,unsheathe_damage,1,,,,,,,
,,,,,,,,range_damage,1,,,,,,,
,,,,,,-,extra,critical_rate,200,~,,,,,,
,,,,,,-,tips,text,此技能的傷害受拔刀傷害影響。,,,,,,,
0,,非預設,拔刀劍,拔刀劍,,,,,,,,,,,,
1,波動刃,預設,拔刀劍,拔刀劍,,-,text,text,快速揮出三道劍氣造成三段傷害，每一段傷害分開判定且傷害越來越高。,,100,12,瞬發,可以放入連擊,稍快,
,,,,,,,,is_mark,1,,,,,,,
,,,,,,-,proration,damage,physical,,,,,,,
,,,,,,-,damage,name,第一段,,,,,,,
,,,,,,,,constant,30+SLv,,,,,,,
,,,,,,,,multiplier,50,,,,,,,
,,,,,,,,unsheathe_damage,1,,,,,,,
,,,,,,,,range_damage,1,,,,,,,
,,,,,,,,action_frame,92~52,,,,,,,
,,,,,,-,damage,name,第二段,,,,,,,
,,,,,,,,constant,30+SLv,,,,,,,
,,,,,,,,multiplier,50+5*SLv,,,,,,,
,,,,,,,,unsheathe_damage,1,,,,,,,
,,,,,,,,range_damage,1,,,,,,,
,,,,,,-,damage,name,第三段,,,,,,,
,,,,,,,,constant,30+SLv,,,,,,,
,,,,,,,,multiplier,50+10*SLv,,,,,,,
,,,,,,,,unsheathe_damage,1,,,,,,,
,,,,,,,,range_damage,1,,,,,,,
,,,,,,-,text,text,若施放時與目標的距離超過((武器攻擊距離))m，將導致波動弱化。,,,,,,,
,,,,,,,,branch,波動弱化,,,,,,,
,,,,,,,,is_mark,1,,,,,,,
,,,,,,-,stack,min,0,,,,,,,
,,,,,,,,max,10,,,,,,,
,,,,,,,,name,超出武器攻擊距離,,,,,,,
,,,,,,,,unit,m,,,,,,,
,,,,,,,,id,1,,,,,,,
,,,,,,-,effect,name,波動弱化,,,,,,,
,,,,,,,,physical_pierce,(-stack)*(11-SLv),,,,,,,
,,,,,,,,condition,此技能的每一段傷害,,,,,,,
,,,,,,,,type,none,,,,,,,
,,,,,,,,stack_id,1,,,,,,,
,,,,,,-,list,text,拔刀劍之武器攻擊距離通常為2m，但仍有少部分例外。,,,,,,,
,,,,,,-,list,text,此技能動作中可以觸發拔刀的#[納刀移動]。,,,,,,,
,,,,,,1,list,text,持有突襲制其先的效果時，此技能變化為突襲波動刃，倍率變為原先的5倍、且造成慣性變更為無慣性。,,,,,,,
,,,,,,,,skill,突襲制其先,,,,,,,
,,,,,,,,mark,突襲波動刃,,,,,,,
,,,,,,-,tips,text,此技能的傷害受拔刀傷害影響。,,,,,,,
1,,歷史紀錄,0,2023/04/06,,1,,text,持有突襲制其先的效果時，此技能變化為突襲波動刃，倍率變為原先的5倍。,,,,,,,
2,三段突刺,預設,拔刀劍,拔刀劍,,-,text,text,瞬間閃現到目標身後，施展三段突刺。技能命中後，獲得鋒芒隱現效果。,,300,12,瞬發,可以放入連擊,稍快,
,,,,,,,,branch,"鋒芒隱現, 三段突刺",,,,,,,
,,,,,,,,is_mark,1,,,,,,,
,,,,,,-,proration,damage,physical,,,,,,,
,,,,,,-,damage,multiplier,150+20*SLv+$AGI*0.2,,,,,,,
,,,,,,,,judgment,common,,,,,,,
,,,,,,,,frequency,3,,,,,,,
,,,,,,,,name,三段突刺,,,,,,,
,,,,,,,,unsheathe_damage,1,,,,,,,
,,,,,,,,range_damage,1,,,,,,,
,,,,,,,,action_frame,92~52,,,,,,,
,,,,,,-,next,name,鋒芒隱現,,,,,,,
,,,,,,,,skill_constant_extra,Math.floor(CLv/(11-SLv)),,,,,,,
,,,,,,-,list,text,施放任意技能後，即使不是攻擊技能，狀態都會消失。,,,,,,,
,,,,,,-,tips,text,此技能的傷害受拔刀傷害影響。,,,,,,,
3,八相發破,預設,拔刀劍,,,-,text,text,"在櫻花散落之後，迅速對周圍敵人發動${Math.min(2,Math.floor((SLv-1)/3))+1}次斬擊。",,500,main,瞬發,可以放入連擊,稍快,
,,,,,,,,is_mark,1,,,,,,,
,,,,,,-,proration,damage,physical,,,,,,,
,,,,,,2,damage,constant,130+2*SLv,,,,,,,
,,,,,,,,multiplier,210+10*SLv+Math.floor(SLv/10)*290,,,,,,,
,,,,,,,,type,AOE,,,,,,,
,,,,,,,,end_position,self,,,,,,,
,,,,,,,,radius,Math.floor((SLv+9)/4),,,,,,,
,,,,,,,,is_place,1,,,,,,,
,,,,,,,,name,第一段,,,,,,,
,,,,,,,,unsheathe_damage,1,,,,,,,
,,,,,,,,range_damage,short,,,,,,,
,,,,,,,,action_frame,92~52,,,,,,,
,,,,,,3,damage,constant,130+2*SLv,,,,,,,
,,,,,,,,multiplier,"Math.min(300,210+10*SLv)",,,,,,,
,,,,,,,,type,AOE,,,,,,,
,,,,,,,,end_position,self,,,,,,,
,,,,,,,,frequency,"Math.min(2,Math.floor((SLv-1)/3))",,,,,,,
,,,,,,,,radius,Math.floor((SLv+9)/4),,,,,,,
,,,,,,,,is_place,1,,,,,,,
,,,,,,,,judgment,separate,,,,,,,
,,,,,,,,title,each,,,,,,,
,,,,,,,,name,第二段以上,,,,,,,
,,,,,,,,unsheathe_damage,1,,,,,,,
,,,,,,,,range_damage,short,,,,,,,
,,,,,,-,list,text,此技能#[必定命中]。,,,,,,,
,,,,,,-,list,text,技能等級1~3時，此技能僅造成第一段傷害。,,,,,,,
,,,,,,-,list,text,此技能動作中可以觸發拔刀的#[納刀移動]。,,,,,,,
,,,,,,-,tips,text,此技能的傷害受拔刀傷害影響。,,,,,,,
,,,,,,1,text,text,在使用此技能之前若曾發動過霞雪月花，該技能將變化為櫻花爛漫，每段傷害倍率+100、回復自身${60*SLv}MP、且動作期間獲得#[無敵]狀態。,,,,,,,
,,,,,,,,skill,霞雪月花,,,,,,,
,,,,,,,,mark,櫻花爛漫,,,,,,,
,,,,,,,,is_mark,1,,,,,,,
,,,,,,-,tips,text,使用過一次櫻花爛漫後，須再次使用霞雪月花才能再發動此變化技能。,,,,,,,
,,,,,,4,damage,constant,130+2*SLv,,,,,,,
,,,,,,,,multiplier,"[220,230,240,500,520,540,840,870,900,1200][SLv-1]",,,,,,,
,,,,,,,,type,AOE,,,,,,,
,,,,,,,,end_position,self,,,,,,,
,,,,,,,,radius,Math.floor((SLv+9)/4),,,,,,,
,,,,,,,,is_place,1,,,,,,,
,,,,,,,,name,櫻花爛漫(總傷害),,,,,,,
,,,,,,,,unsheathe_damage,1,,,,,,,
,,,,,,,,range_damage,short,,,,,,,
,,,,,,,,invisible,1,,,,,,,
,,,,,,,,,,,,,,,,
3,,非預設,,拔刀劍,,1,text,text,弓拔無法使用櫻花爛漫。,,,,,,,
,,,,,,4,,,,,,,,,,
3,,歷史紀錄,0,2023/11/09,,1,text,text,無此效果。,,,,,,,
3,,歷史紀錄,0,2024/03/14,,1,text,text,在使用此技能之前若曾發動過霞雪月花，該技能將變化為櫻花爛漫，每段傷害倍率+100，其餘效果無變化。,,,,,,,
3,,歷史紀錄,0,2024/04/18,,2,,range_damage,0,,,,,,,
,,,,,,3,,range_damage,0,,,,,,,
,,,,,,,,,,,,,,,,
4,畫龍點睛,預設,拔刀劍,拔刀劍,,-,text,text,習得此技能後，每施放一次武士技能中的攻擊技能，獲得一層畫龍點睛層數，最高達![10]層。,,500,main,瞬發,可以放入連擊,稍慢,
,,,,,,,,is_mark,1,,,,,,,
,,,,,,,,mark,"畫龍點睛層數,攻擊技能",,,,,,,
,,,,,,-,stack,id,1,,,,,,,
,,,,,,,,min,0,,,,,,,
,,,,,,,,max,10,,,,,,,
,,,,,,,,default,10,,,,,,,
,,,,,,,,name,畫龍點睛層數,,,,,,,
,,,,,,1,list,text,施展#[納刀移動]後，將獲得下一次普通攻擊強化的狀態，在此狀態被消耗的同時，畫龍點睛層數+1。,,,,,,,
,,,,,,,,mark,"畫龍點睛, 普通攻擊強化",,,,,,,
,,,,,,4,list,text,使用突襲制其先的縮地法攻擊強化效果時，畫龍點睛層數+1。（突襲波動刃不影響）,,,,,,,
,,,,,,,,skill,"突襲制其先,波動刃,縮地法",,,,,,,
,,,,,,,,mark,"畫龍點睛, 普通攻擊強化",,,,,,,
,,,,,,3,list,text,施展彈刀並成功減輕傷害時，當前畫龍點睛層數變為2倍，在彈刀自身的疊層後計算。,,,,,,,
,,,,,,,,skill,彈刀,,,,,,,
,,,,,,,,mark,"畫龍點睛, 普通攻擊強化",,,,,,,
,,,,,,5,effect,name,畫龍點睛層數,,,,,,,
,,,,,,,,total_damage_B,2*stack,,,,,,,
,,,,,,,,total_damage_B.conditionValue,$skill.id.startsWith('0-6-'),,,,,,,
,,,,,,,,stack_id,1,,,,,,,
,,,,,,,,end_condition,直到下次使用畫龍點睛,,,,,,,
,,,,,,,,condition,僅限武士技能,,,,,,,
,,,,,,-,text,text,對目標進行一次攻擊，持有畫龍點睛層數時消耗狀態並提升威力。施展此技能後，再依據畫龍點睛層數附加武士極意效果。,,,,,,,
,,,,,,,,skill_tree,武士技能,,,,,,,
,,,,,,,,is_mark,1,,,,,,,
,,,,,,,,mark,"畫龍點睛層數,武士極意",,,,,,,
,,,,,,-,list,text,怪力亂神狀態將增加此技能之暴擊率與物理貫穿。,,,,,,,
,,,,,,,,skill,怪力亂神,,,,,,,
,,,,,,-,stack,name,怪力亂神技能等級,,,,,,,
,,,,,,,,min,0,,,,,,,
,,,,,,,,max,10,,,,,,,
,,,,,,,,default,10,,,,,,,
,,,,,,,,id,2,,,,,,,
,,,,,,,,,,,,,,,,
,,,,,,,,value,getSkillLevel('0-6-13'),,,,,,,
,,,,,,-,proration,damage,physical,,,,,,,
,,,,,,-,damage,constant,100,,,,,,,
,,,,,,,,multiplier,"Math.max((SLv*20+10*stack[0])*stack[0],SLv*20)",,,,,,,
,,,,,,,,stack_id,"1,2",,,,,,,
,,,,,,,,range_damage,1,,,,,,,
,,,,,,,,name,畫龍點睛,,,,,,,
,,,,,,,,action_frame,~82,,,,,,,
,,,,,,-,extra,critical_rate,-110+10*SLv,,,,,,,
,,,,,,-,extra,condition,對處於#[降防]狀態的目標,,,,,,,
,,,,,,,,skill_constant_extra,1000,,,,,,,
,,,,,,-,extra,caption,自身獲得武士極意狀態。,,,,,,,
,,,,,,,,condition,施放成功後,,,,,,,
,,,,,,,,branch,武士極意,,,,,,,
,,,,,,-,extra,condition,處於怪力亂神狀態時,,,,,,,
,,,,,,,,skill,怪力亂神,,,,,,,
,,,,,,,,critical_rate,10*stack[1],,,,,,,
,,,,,,,,physical_pierce,10*stack[1],,,,,,,
,,,,,,-,tips,text,此技能的傷害不受拔刀傷害影響。,,,,,,,
,,,,,,,,mark,不受,,,,,,,
,,,,,,6,effect,name,武士極意,,,,,,,
,,,,,,,,duration,stack,,,,,,,
,,,,,,,,stack_id,1,,,,,,,
,,,,,,,,total_damage_B,20,,,,,,,
,,,,,,,,total_damage_B.conditionValue,$skill.id.startsWith('0-6-'),,,,,,,
,,,,,,,,condition,僅限武士技能,,,,,,,
,,,,,,2,extra,caption,受到的所有傷害減輕${5*stack}%。,,,,,,,
,,,,,,-,list,text,此技能與無影斬結合使用，可發動進化技能天地無雙斬，詳情見無影斬之頁面。,,,,,,,
,,,,,,,,skill,無影斬,,,,,,,
,,,,,,,,mark,天地無雙斬,,,,,,,
,,,,,,-,list,text,此技能施放成功後，將會消除身上的怪力亂神狀態。,,,,,,,
,,,,,,,,skill,怪力亂神,,,,,,,
,,,,,,-,list,text,武士極意的最終傷害提升效果與畫龍點睛層數的無法共存，武士極意效果優先。,,,,,,,
,,,,,,,,mark,"武士極意,畫龍點睛層數",,,,,,,
4,,歷史紀錄,0,2020/07/16,,-,text,text,追加減傷效果(武士極意)、並使#[納刀移動]時可疊層。,,,,,,,
,,,,,,,,branch,武士極意,,,,,,,
,,,,,,1,,text,無此效果。,,,,,,,
,,,,,,2,,caption,無效果,,,,,,,
4,,歷史紀錄,0,2022/11/09,,-,text,text,「彈刀」「突襲制其先」也會積累畫龍點睛層數。畫龍點睛與武士極意追加拔刀技能的最終傷害增加效果。,,,,,,,
,,,,,,3,,text,無此效果。,,,,,,,
,,,,,,4,,text,無此效果。,,,,,,,
,,,,,,5,,total_damage_B,0,,,,,,,
,,,,,,6,,total_damage_B,0,,,,,,,
,,,,,,,,,,,,,,,,
5,天流亂星,預設,拔刀劍,拔刀劍,,-,text,text,獲得天流狀態，並對目標進行天流亂星，身上已有天流時則疊加天流層數。,,300,main,瞬發,可以放入連擊,一般,
,,,,,,,,branch,"天流亂星, 天流層數, 天流",,,,,,,
,,,,,,,,is_mark,1,,,,,,,
,,,,,,-,tips,text,重複施放此技能僅疊加天流層數，不會重置狀態剩餘時間。,,,,,,,
,,,,,,-,effect,name,天流,,,,,,,
,,,,,,,,caption,此技能的MP消耗降低至![100]。,,,,,,,
,,,,,,,,condition,none,,,,,,,
,,,,,,,,mark,天流層數,,,,,,,
,,,,,,,,duration,10,,,,,,,
,,,,,,-,extra,caption,一般攻擊的間隔時間將變為0秒。,,,,,,,
,,,,,,,,condition,自身未處於#[麻痺]狀態,,,,,,,
,,,,,,-,stack,id,1,,,,,,,
,,,,,,,,min,0,,,,,,,
,,,,,,,,max,4,,,,,,,
,,,,,,,,default,1,,,,,,,
,,,,,,,,name,天流層數,,,,,,,
,,,,,,-,proration,damage,physical,,,,,,,
,,,,,,1,damage,constant,10*SLv,,,,,,,
,,,,,,,,multiplier,(150+25*SLv)*stack,,,,,,,
,,,,,,,,frequency,4,,,,,,,
,,,,,,,,stack_id,1,,,,,,,
,,,,,,,,name,天流亂星,,,,,,,
,,,,,,,,unsheathe_damage,1,,,,,,,
,,,,,,,,range_damage,1,,,,,,,
,,,,,,-,extra,caption,施放的動作時間為原本的${140-15*stack}%。,,,,,,,
,,,,,,2,extra,caption,造成慣性變更為無慣性。,,,,,,,
,,,,,,,,condition,連續使用本技能時,,,,,,,
,,,,,,3,extra,caption,此技能總傷害倍率+${100*stack}。,,,,,,,
,,,,,,,,condition,不撓不屈層數≧50時,,,,,,,
,,,,,,-,list,text,本技能的動作時間乘數，與經ASPD、行動速度影響後的動作時間相乘（行動速度超出50%的部分無效），且最終動作時間不會低於50%。,,,,,,,
,,,,,,-,list,text,連續使用本技能，指在兩次技能間沒有使用其他技能，普通攻擊不影響。,,,,,,,
,,,,,,-,text,branch,"天流亂星．斬納, 天流",,,,,,,
,,,,,,,,skill,"斷禍, 斬釘截鐵",,,,,,,
,,,,,,,,text,天流狀態期間，若斷禍沒有因發動靜止而中斷，或成功用斬釘截鐵造成追加攻擊，該攻擊將轉變為天流亂星．斬納。,,,,,,,
,,,,,,,,is_mark,1,,,,,,,
,,,,,,-,damage,constant,300,,,,,,,
,,,,,,,,multiplier,1300+(75+12.5*SLv)*stack,,,,,,,
,,,,,,,,name,天流亂星．斬納,,,,,,,
,,,,,,,,stack_id,1,,,,,,,
,,,,,,,,unsheathe_damage,1,,,,,,,
,,,,,,,,range_damage,1,,,,,,,
,,,,,,-,extra,caption,此傷害#[必定命中]。,,,,,,,
,,,,,,-,extra,caption,將天流持續時間重置為30秒，並歸零層數。,,,,,,,
,,,,,,,,mark,天流,,,,,,,
,,,,,,-,extra,caption,角色獲得持續2秒的#[無敵]狀態。,,,,,,,
,,,,,,,,condition,發動成功後,,,,,,,
,,,,,,-,list,text,此技能會先增加天流層數，才施放天流亂星，因此天流亂星施放時的最小天流層數為1。,,,,,,,
,,,,,,,,mark,"天流亂星, 天流",,,,,,,
,,,,,,-,list,text,天流亂星．斬納不疊加天流層數，施放時的最小天流層數為0。,,,,,,,
,,,,,,,,mark,"天流亂星．斬納, 天流",,,,,,,
,,,,,,-,list,text,斬納不保有斬釘截鐵附加的降防效果。,,,,,,,
,,,,,,,,skill,斬釘截鐵,,,,,,,
,,,,,,-,tips,text,此技能的傷害受拔刀傷害影響。,,,,,,,
5,,歷史紀錄,0,2019/02/21,,1,,constant,200+10*SLv,,,,,,,
5,,歷史紀錄,0,2023/11/09,,2,extra,caption,無此效果。,,,,,,,
6,刀柄打擊,預設,拔刀劍,拔刀劍,,-,proration,damage,physical,,200,main,瞬發,可以放入連擊,快,
,,,,,,-,damage,constant,100+10*SLv,,,,,,,
,,,,,,,,multiplier,100+5*SLv,,,,,,,
,,,,,,,,ailment_name,麻痺,,,,,,,
,,,,,,,,ailment_chance,50+SLv*5,,,,,,,
,,,,,,,,range_damage,1,,,,,,,
,,,,,,,,action_frame,61~37,,,,,,,
,,,,,,-,extra,condition,目標處於#[麻痺]狀態時,,,,,,,
,,,,,,,,ailment_name,昏厥,,,,,,,
,,,,,,,,ailment_chance,SLv*5,,,,,,,
,,,,,,-,tips,text,連擊效果中的#[心眼]，其計算在#[昏厥]之後。意即目標處於#[麻痺]狀態時，心眼的效果將會發動，使技能取消。,,,,,,,
7,斷禍,預設,拔刀劍,拔刀劍,,-,text,text,舉刀劃出一道半月弧，半月弧動作期間內若有受到傷害，發動靜止效果，並立刻結束半月弧的動作；若沒有受到傷害，則向目標發動劈斬。,,300,main,瞬發,可以放入連擊,,
,,,,,,,,is_mark,1,,,,,,,
,,,,,,,,branch,"半月弧,劈斬,靜止",,,,,,,
,,,,,,-,effect,name,靜止,,,,,,,
,,,,,,,,caption,可減輕一次傷害，根據傷害類型獲得不同程度的減傷。並回復自身${100+10*SLv}MP。,,,,,,,
,,,,,,,,condition,半月弧期間受到傷害,,,,,,,
,,,,,,-,extra,condition,物理、百分比傷害,,,,,,,
,,,,,,,,caption,該傷害減少90%。,,,,,,,
,,,,,,-,extra,condition,魔法傷害,,,,,,,
,,,,,,,,caption,該傷害減少45%。,,,,,,,
,,,,,,-,extra,condition,若當前HP高於20%,,,,,,,
,,,,,,,,caption,受到傷害後剩餘HP不會低於1。,,,,,,,
,,,,,,-,extra,caption,免疫該次攻擊附帶的所有異常狀態。,,,,,,,
,,,,,,1,list,text,此技能置於連擊中使用時，MP回復量-![100]。,,,,,,,
,,,,,,-,proration,damage,physical,,,,,,,
,,,,,,-,damage,constant,100+10*SLv,,,,,,,
,,,,,,,,multiplier,200+30*SLv,,,,,,,
,,,,,,,,name,劈斬,,,,,,,
,,,,,,,,range_damage,1,,,,,,,
,,,,,,2,,,,,,,,,,
,,,,,,-,tips,text,此技能的傷害不受拔刀傷害影響。,,,,,,,
,,,,,,,,mark,不受,,,,,,,
,,,,,,-,list,text,若持有天流狀態，則劈斬會轉變為天流亂星．斬納，相關效果可前往天流亂星技能頁面確認。,,,,,,,
,,,,,,,,skill,天流亂星,,,,,,,
,,,,,,,,mark,"天流,．斬納",,,,,,,
7,,歷史紀錄,0,2020/10/22,,1,,text,無法置入連擊。,,,,,,,
7,,歷史紀錄,0,2022/00/00,,2,tips,text,即使劈斬的發動被取消，仍會正常產生慣性。,,,,,,,
8,斬釘截鐵,預設,拔刀劍,拔刀劍,,-,text,text,對目標發動四次斬擊，期間可將一次傷害無效化，無效化傷害的同時將對鎖定目標進行反擊。,,400,main,瞬發,可以放入連擊,,
,,,,,,,,,,,,,,,,
,,,,,,,,is_mark,1,,,,,,,
,,,,,,-,proration,damage,physical,,,,,,,
,,,,,,-,damage,constant,10*SLv,,,,,,,
,,,,,,,,multiplier,100+20*SLv,,,,,,,
,,,,,,,,frequency,4,,,,,,,
,,,,,,,,name,斬釘截鐵(前4擊),,,,,,,
,,,,,,,,unsheathe_damage,1,,,,,,,
,,,,,,,,range_damage,1,,,,,,,
,,,,,,-,extra,condition,施放期間受到任意傷害,,,,,,,
,,,,,,,,caption,使受到的第一次傷害變為0，並在前4擊結束後額外對目標發動一次反擊。,,,,,,,
,,,,,,,,branch,反擊,,,,,,,
,,,,,,-,extra,condition,受到的第一次傷害,,,,,,,
,,,,,,,,caption,免疫該次攻擊的#[膽怯]、#[翻覆]、#[昏厥]狀態。,,,,,,,
,,,,,,-,damage,constant,30*SLv,,,,,,,
,,,,,,,,multiplier,500+100*SLv,,,,,,,
,,,,,,,,ailment_name,降防,,,,,,,
,,,,,,,,ailment_chance,50+5*SLv,,,,,,,
,,,,,,,,name,斬釘截鐵(反擊),,,,,,,
,,,,,,,,unsheathe_damage,1,,,,,,,
,,,,,,,,range_damage,1,,,,,,,
,,,,,,-,list,text,使用此技能無效化的傷害，將不會導致如交叉火線、神速掌握等被攻擊後中斷的技能被中斷。,,,,,,,
,,,,,,,,skill,"交叉火線, 神速掌握",,,,,,,
,,,,,,-,list,text,若持有天流狀態，則追加的反擊會轉變為天流亂星．斬納，相關效果可前往天流亂星技能頁面確認。,,,,,,,
,,,,,,,,mark,"天流,．斬納",,,,,,,
,,,,,,,,skill,天流亂星,,,,,,,
,,,,,,-,tips,text,此技能的傷害受拔刀傷害影響。,,,,,,,
9,武士道,預設,拔刀劍,,,1,passive,max_hp,SLv*10,,,,被動,,,
,,,,,,,,max_mp,SLv*10,,,,,,,
,,,,,,,,atk,Math.floor((SLv-3)/5)+2,%,,,,,,
,,,,,,,,weapon_atk,SLv*3,%,,,,,,
,,,,,,,,accuracy,SLv,,,,,,,
9,,非預設,,,,1,,atk,,%,,,,,,
,,,,,,,,weapon_atk,,%,,,,,,
10,縮地法,預設,拔刀劍,拔刀劍,,-,passive,caption,學習此技能後，攻擊距離不足時將會發動縮地法。,,,,被動,,,
,,,,,,,,branch,縮地法,,,,,,,
,,,,,,,,is_mark,1,,,,,,,
,,,,,,-,tips,text,縮地法的觸發條件,,,,,,,
,,,,,,,,icon,potum,,,,,,,
,,,,,,-,group,size,6,,,,,,,
,,,,,,-,text,text,縮地法在以下幾種情形會自動發動：,,,,,,,
,,,,,,-,list,text,進行一般攻擊，未處於攻擊冷卻，且目標在射程之外。,,,,,,,
,,,,,,,,mark,一般攻擊,,,,,,,
,,,,,,-,list,text,發動武士技能中的攻擊技能時，目標在射程之外。,,,,,,,
,,,,,,,,skill_tree,武士技能,,,,,,,
,,,,,,-,text,text,在以下幾種情形不會自動發動，只會以通常移動接近目標，但取消移動後仍可以觸發縮地：,,,,,,,
,,,,,,-,list,text,一般攻擊處於攻擊冷卻，且目標在射程之外。,,,,,,,
,,,,,,,,mark,一般攻擊,,,,,,,
,,,,,,-,list,text,非武士技能置於連擊中，且目標在射程之外時。在此情況下會接近到武器之通常攻擊範圍，並嘗試發動技能，若仍舊不滿足技能射程則技能取消。,,,,,,,
,,,,,,-,text,text,縮地法可在任意距離發動。,,,,,,,
,,,,,,-,list,text,但由於與目標距離超過![24]m時，無法執行一般攻擊與大多數技能，因此通常認為其最遠發動距離為![24]m。,,,,,,,
,,,,,,-,list,text,若已鎖定目標，則可通過釋放部分狀態類技能（如戰吼），在24m外發動縮地法。,,,,,,,
,,,,,,,,skill,戰吼,,,,,,,
,,,,,,-,effect,name,縮地法,,,,,,,
,,,,,,,,caption,以極快的速度貼近目標，貼近期間獲得迅疾的效果。,,,,,,,
,,,,,,,,branch,迅疾,,,,,,,
,,,,,,1,effect,name,迅疾,,,,,,,
,,,,,,,,condition,貼近期間,,,,,,,
,,,,,,,,end_condition,下次普通攻擊之前,,,,,,,
,,,,,,,,normal_attack_multiplier,5*SLv,,,,,,,
,,,,,,,,attack_mp_recovery,25+2.5*SLv,,,,,,,
,,,,,,-,list,text,迅疾的效果會在進行一次普通攻擊，或中斷/結束縮地法後消失。,,,,,,,
,,,,,,,,mark,"迅疾,縮地法",,,,,,,
,,,,,,-,list,text,僅有在縮地法後緊接著發動的一般攻擊，享有迅疾的效果；該次一般攻擊屬於拔刀攻擊，且若持有突襲制其先的效果，還會強化傷害（具體請看該技能頁面）。,,,,,,,
,,,,,,,,mark,"迅疾,縮地法",,,,,,,
,,,,,,,,skill,突襲制其先,,,,,,,
,,,,,,-,list,text,縮地期間若操控移動鍵，可手動結束縮地法，迅疾的效果也隨即結束。,,,,,,,
,,,,,,,,mark,"迅疾,縮地法",,,,,,,
,,,,,,-,list,text,處於#[遲緩]或#[停止]狀態時，無法發動縮地法。,,,,,,,
,,,,,,-,list,text,迅疾效果期間，分身射手之分身的攻擊將享有攻擊MP恢復加成，且不會使迅疾效果結束。,,,,,,,
,,,,,,,,skill,分身射手,,,,,,,
,,,,,,,,mark,迅疾,,,,,,,
10,,非預設,,,,1,,attack_mp_recovery,2.5*SLv,,,,,,,
11,雙手合持,預設/and,拔刀劍,忍術卷軸,,3,text,text,只有副手無裝備時，才會發動此技能的效果。當忍道技能達到Lv10時，裝備卷軸不會使此技能失效。,,,,被動,,,
,,,,,,,,skill,忍道,,,,,,,
,,,,,,1,passive,accuracy,SLv*Math.floor(extra[0]/10),%,,,,,,
,,,,,,,,stability,SLv*Math.floor(extra[0]/10),,,,,,,
,,,,,,,,critical_rate,SLv*Math.floor(extra[0]/10),,,,,,,
,,,,,,,,weapon_atk,SLv*Math.floor(extra[0]/10),%,,,,,,
,,,,,,,,accuracy.display,SLv,%,,,,,,
,,,,,,,,stability.display,SLv,,,,,,,
,,,,,,,,critical_rate.display,SLv,,,,,,,
,,,,,,,,weapon_atk.display,SLv,%,,,,,,
,,,,,,-,formula_extra,texts,忍道等級,,,,,,,
,,,,,,,,values.0,getSkillLevel('4-5-1'),,,,,,,
,,,,,,2,effect,condition,主手裝備拔刀劍時,,,,,,,
,,,,,,,,name,心眼,,,,,,,
,,,,,,,,caption,發生暴擊時，傷害公式中的角色ATK變為原先的${100+5*SLv}%。,,,,,,,
11,,非預設/and,拔刀劍,無裝備,,1,,accuracy,SLv,%,,,,,,
,,,,,,,,stability,SLv,,,,,,,
,,,,,,,,critical_rate,SLv,,,,,,,
,,,,,,,,weapon_atk,SLv,%,,,,,,
,,,,,,,,accuracy.display,SLv,%,,,,,,
,,,,,,,,stability.display,SLv,,,,,,,
,,,,,,,,critical_rate.display,SLv,,,,,,,
,,,,,,,,weapon_atk.display,SLv,%,,,,,,
,,,,,,,,,,,,,,,,
11,,非預設,空手,,,3,text,text,空手時此技能無法作用。,,,,,,,
,,,,,,1,,,,,,,,,,
,,,,,,2,,,,,,,,,,
11,,非預設,,忍術卷軸,,1,passive,stability.display,Math.floor(SLv/2),,,,,,,
,,,,,,,,critical_rate.display,Math.floor(SLv/2),,,,,,,
,,,,,,,,stability,Math.floor(SLv/2)*Math.floor(extra[0]/10),,,,,,,
,,,,,,,,critical_rate,Math.floor(SLv/2)*Math.floor(extra[0]/10),,,,,,,
,,,,,,2,,,,,,,,,,
11,,非預設,,無裝備,,1,passive,accuracy,SLv,%,,,,,,
,,,,,,,,stability,Math.floor(SLv/2),,,,,,,
,,,,,,,,critical_rate,Math.floor(SLv/2),,,,,,,
,,,,,,,,weapon_atk,SLv,%,,,,,,
,,,,,,,,accuracy.display,SLv,%,,,,,,
,,,,,,,,stability.display,Math.floor(SLv/2),,,,,,,
,,,,,,,,critical_rate.display,Math.floor(SLv/2),,,,,,,
,,,,,,,,weapon_atk.display,SLv,%,,,,,,
,,,,,,2,,,,,,,,,,
12,明鏡止水,預設,拔刀劍,拔刀劍,,1,effect,critical_rate,45+SLv*2,,200,,瞬發,可以放入連擊,快,
,,,,,,,,def,-1100+SLv*100,,,,,,,
,,,,,,,,mdef,-1100+SLv*100,,,,,,,
,,,,,,,,duration,20+4*SLv,,,,,,,
,,,,,,,,name,明鏡,,,,,,,
,,,,,,,,end_condition,施放下一招技能前,,,,,,,
,,,,,,,,action_frame,61~37,,,,,,,
,,,,,,2,extra,critical_rate,45+SLv*2,,,,,,,
,,,,,,,,type,next,,,,,,,
,,,,,,-,list,text,施放任意技能後，即使不是攻擊技能，此狀態都會立即消失。（該技能會受到此效果加成）,,,,,,,
,,,,,,-,list,text,若此技能後的下一招技能為分身射手，分身攻擊可受到明鏡效果的暴擊率加成，即使狀態消失後加成仍存在。,,,,,,,
,,,,,,,,skill,分身射手,,,,,,,
,,,,,,,,mark,"明鏡, 分身攻擊",,,,,,,
12,,非預設,,,,1,effect,critical_rate,20+SLv*2,,,,,,,
,,,,,,,,critical_damage,-15+SLv,%,,,,,,
,,,,,,,,duration,10+2*SLv,,,,,,,
,,,,,,2,,critical_rate,20+SLv*2,,,,,,,
,,,,,,,,critical_damage,-15+SLv,%,,,,,,
13,怪力亂神,預設,拔刀劍,拔刀劍,,-,text,text,自身進入!B[怪力]狀態、作為代價，自身將被附加持續${5+Math.floor(SLv/2)}秒的#[著火]效果。,,200 ,,瞬發,可以放入連擊,快,
,,,,,,,,branch,怪力,,,,,,,
,,,,,,,,is_mark,1,,,,,,,
,,,,,,-,tips,text,由此技能造成的#[著火]不會產生抗性時間，且異常抗性無法阻止其附加。,,,,,,,
,,,,,,1,effect,atk,SLv*10,,,,,,,
,,,,,,,,attack_mp_recovery,5+SLv+Math.floor(SLv/5)*5,,,,,,,
,,,,,,,,normal_attack_multiplier,50+SLv*5,,,,,,,
,,,,,,,,duration,15+Math.floor(SLv*3/2),,,,,,,
,,,,,,,,name,怪力,,,,,,,
,,,,,,,,action_frame,61~37,,,,,,,
,,,,,,3,text,text,於狀態期間內施放的!S[畫龍點睛]與![天地無雙斬]，將獲得額外強化。,,,,,,,
,,,,,,4,effect,condition,!S[畫龍點睛]與天地無雙斬,,,,,,,
,,,,,,,,critical_rate,10*SLv,,,,,,,
,,,,,,,,physical_pierce,10*SLv,,,,,,,
,,,,,,,,type,none,,,,,,,
,,,,,,,,display_only,1,,,,,,,
,,,,,,5,tips,text,施放上述技能後，此狀態會立即結束。,,,,,,,
,,,,,,,,,,,,,,,,
,,,,,,-,text,text,裝備#[雷吉斯托環]「燃燒的鬥志」：連動效果，自身受到來自#[著火]的傷害時，每次回復((總攻擊MP回復*5%~50%))的MP。,,,,,,,
,,,,,,,,is_mark,1,,,,,,,
13,,非預設,,,,1,effect,duration,5+Math.floor(SLv/2),,,,,,,
,,,,,,,,normal_attack_multiplier,SLv*5,,,,,,,
,,,,,,3,,,,,,,,,,
,,,,,,4,,,,,,,,,,
,,,,,,5,,,,,,,,,,
14,彈刀,預設,拔刀劍,,,-,text,text,舉起刀鞘，獲得居合狀態，居合中若受到傷害發動返，同時獲得氣定。,,100 ,main,瞬發,可以放入連擊,快,
,,,,,,,,branch,"居合, 返, 氣定",,,,,,,
,,,,,,,,is_mark,1,,,,,,,
,,,,,,-,effect,name,居合,,,,,,,
,,,,,,,,duration,1,,,,,,,
,,,,,,,,caption,受到傷害後發動返，同時獲得氣定。,,,,,,,
,,,,,,,,branch,"居合, 返, 氣定",,,,,,,
,,,,,,,,action_frame,61~37,,,,,,,
,,,,,,-,extra,condition,受到的第一次傷害,,,,,,,
,,,,,,,,caption,免疫該次攻擊的#[膽怯]、#[翻覆]、#[昏厥]狀態。,,,,,,,
,,,,,,-,tips,text,居合不帶有減傷能力，因此無法防禦能秒殺自己之攻擊，也不適合應對多段傷害。,,,,,,,
,,,,,,,,mark,"居合,返,氣定",,,,,,,
,,,,,,-,proration,damage,physical,,,,,,,
,,,,,,-,damage,name,返,,,,,,,
,,,,,,,,constant,100+10*SLv,,,,,,,
,,,,,,,,multiplier,200+20*SLv,,,,,,,
,,,,,,,,unsheathe_damage,1,,,,,,,
,,,,,,,,range_damage,1,,,,,,,
,,,,,,-,effect,name,氣定,,,,,,,
,,,,,,,,condition,居合中受到傷害後,,,,,,,
,,,,,,,,end_condition,下一次技能發動前,,,,,,,
,,,,,,,,accuracy,extra[0]*(0.05+0.02*SLv),%,,,,,,
,,,,,,-,formula_extra,texts,總武器攻擊力,,,,,,,
,,,,,,,,values.0,@C.stat('weapon_atk'),,,,,,,
,,,,,,-,extra,caption,回復一次HP。,,,,,,,
,,,,,,,,condition,獲得狀態時,,,,,,,
,,,,,,-,extra,caption,#[MP消耗減半]。,,,,,,,
,,,,,,,,condition,下一招技能,,,,,,,
,,,,,,-,heal,type,hp,,,,,,,
,,,,,,,,extra_text,居合內受到的第一次傷害量,,,,,,,
,,,,,,,,extra_value,0.1*SLv,,,,,,,
,,,,,,-,list,text,總武器攻擊力，包含面板、精鍊加成、武器ATK加成。,,,,,,,
,,,,,,-,list,text,氣定的提高命中實際上為常數加成，而非百分比加成，固定以獲得狀態當下的角色數值計算，之後即使更換裝備，加成量依舊固定為常數。,,,,,,,
,,,,,,,,mark,氣定,,,,,,,
,,,,,,-,list,text,氣定的命中增加效果也會作用於下一招技能。,,,,,,,
,,,,,,,,mark,氣定,,,,,,,
,,,,,,-,tips,text,此技能的傷害受拔刀傷害影響。,,,,,,,
15,霞雪月花,預設,拔刀劍,,,-,text,text,以連續斬擊攻擊敵人，技能發動時會減輕受到傷害。若處於天流亂星的天流狀態，最終擊將改為發動天流亂星．斬維、並重置天流層數。,,500 ,main,瞬發,可以放入連擊,一般,
,,,,,,,,is_mark,1,,,,,,,
,,,,,,,,mark,天流亂星．斬維,,,,,,,
,,,,,,,,skill,天流亂星,,,,,,,
,,,,,,-,stack,name,施放前持有的天流層數,,,,,,,
,,,,,,,,id,1,,,,,,,
,,,,,,,,min,0,,,,,,,
,,,,,,,,max,4,,,,,,,
,,,,,,,,default,1,,,,,,,
,,,,,,-,stack,name,天流亂星技能等級,,,,,,,
,,,,,,,,id,2,,,,,,,
,,,,,,,,min,5,,,,,,,
,,,,,,,,max,10,,,,,,,
,,,,,,,,default,10,,,,,,,
,,,,,,,,value,getSkillLevel('0-6-5'),,,,,,,
,,,,,,-,proration,damage,physical,,,,,,,
,,,,,,6,damage,name,霞雪月花（前4擊）,,,,,,,
,,,,,,,,constant,500,,,,,,,
,,,,,,,,multiplier,750+75*SLv,,,,,,,
,,,,,,,,frequency,4,,,,,,,
,,,,,,,,title,normal,,,,,,,
,,,,,,,,range_damage,1,,,,,,,
,,,,,,,,unsheathe_damage,1,,,,,,,
,,,,,,,,,,,,,,,,
,,,,,,,,action_frame,~48,,,,,,,
,,,,,,3,extra,caption,"受到的物理、魔法傷害，減輕${SLv*9-Math.max(0,SLv*9-50)/2}%。",,,,,,,
,,,,,,,,,,,,,,,,
,,,,,,,,condition,動作時間內,,,,,,,
,,,,,,5,damage,name,霞雪月花（最終擊）,,,,,,,
,,,,,,,,constant,200,,,,,,,
,,,,,,,,multiplier,100+$DEX*0.4,,,,,,,
,,,,,,,,range_damage,1,,,,,,,
,,,,,,,,unsheathe_damage,1,,,,,,,
,,,,,,1,extra,critical_rate,$BSTR/5,,,,,,,
,,,,,,,,physical_pierce,$BDEX/5,,,,,,,
,,,,,,,,,,,,,,,,
,,,,,,7,damage,name,天流亂星．斬維,,,,,,,
,,,,,,,,constant,200,,,,,,,
,,,,,,,,multiplier,(150+25*stack[1])*stack[0]+$DEX*2/(5-stack[0]),,,,,,,
,,,,,,,,range_damage,1,,,,,,,
,,,,,,,,unsheathe_damage,1,,,,,,,
,,,,,,,,stack_id,"1,2",,,,,,,
,,,,,,,,action_frame,~20,,,,,,,
,,,,,,2,extra,critical_rate,$BSTR/5,,,,,,,
,,,,,,,,physical_pierce,$BDEX/5,,,,,,,
,,,,,,-,extra,caption,消耗![3]層天流（消耗後最低為0），並使天流的剩餘時間重置為${10+stack[0]*10}秒。,,,,,,,
,,,,,,,,mark,天流,,,,,,,
,,,,,,,,condition,若天流層數不為0,,,,,,,
,,,,,,4,extra,condition,前4擊若成功觸發減傷效果,,,,,,,
,,,,,,,,caption,上述效果中的消耗天流層數-1。,,,,,,,
,,,,,,-,extra,condition,不撓不屈層數≧50時,,,,,,,
,,,,,,,,caption,上述效果中的消耗天流層數-1。,,,,,,,
,,,,,,,,skill,不撓不屈,,,,,,,
,,,,,,-,tips,text,也就是說，當觸發減傷效果且不撓不屈層數≧50時，此技能僅消耗1層天流便可重置天流的持續時間。,,,,,,,
,,,,,,-,list,text,弓拔使用此技能時，技能射程是依隨於弓的攻擊距離。,,,,,,,
,,,,,,-,list,text,施展此技能後，下次發動的八相發破，將變更為櫻花爛漫，每段傷害之技能倍率+100、回復600MP、動作期間#[無敵]（弓拔使用不可）。,,,,,,,
,,,,,,,,skill,八相發破,,,,,,,
,,,,,,,,mark,櫻花爛漫,,,,,,,
15,,非預設,,拔刀劍,,1,,,,,,,,,,
,,,,,,2,,,,,,,,,,
15,,歷史紀錄,0,2023/04/06,,-,text,text,提升此技能的減傷效果。<br>追加：減傷成功時，降低此技能的天流層數消耗。,,,,,,,
,,,,,,3,extra,caption,受到的物理、魔法傷害，減輕${SLv}%。,,,,,,,
,,,,,,,,,,,,,,,,
,,,,,,4,,caption,無此效果。,,,,,,,
15,,歷史紀錄,0,2023/10/22,,5,,multiplier,100+$BDEX*0.4,,,,,,,
15,,歷史紀錄,0,2023/11/09,,6,,multiplier,750+50*SLv,,,,,,,
,,,,,,7,,multiplier,(75+12.5*stack[1])*stack[0]+$DEX*0.4,,,,,,,
16,無影斬,預設,拔刀劍,拔刀劍,,1,text,text,向敵人進行無影斬，並獲得兩層畫龍點睛層數。動作結束後可進行#[納刀移動]。,,300 ,main,瞬發,可以放入連擊,快,
,,,,,,,,is_mark,1,,,,,,,
,,,,,,,,skill,畫龍點睛,,,,,,,
,,,,,,,,branch,無影斬,,,,,,,
,,,,,,-,proration,damage,physical,,,,,,,
,,,,,,3,damage,name,無影斬,,,,,,,
,,,,,,,,constant,300,,,,,,,
,,,,,,,,multiplier,400+50*SLv+$BDEX*0.5,,,,,,,
,,,,,,,,title,normal,,,,,,,
,,,,,,,,frequency,5,,,,,,,
,,,,,,,,unsheathe_damage,1,,,,,,,
,,,,,,,,range_damage,short,,,,,,,
,,,,,,,,action_frame,66~45,,,,,,,
,,,,,,-,extra,accuracy,200*SLv,,,,,,,
,,,,,,,,condition,此傷害,,,,,,,
,,,,,,-,extra,caption,額外獲得一層畫龍點睛層數（即單次技能獲得兩層）。,,,,,,,
,,,,,,,,mark,畫龍點睛層數,,,,,,,
,,,,,,-,list,text,弓拔使用無影斬時，技能射程是依隨於弓的攻擊距離。,,,,,,,
,,,,,,-,list,text,在此技能傷害演出結束前施展的畫龍點睛，若畫龍點睛技能等級為10且疊層數為10時，改為發動天地無雙斬。,,,,,,,
,,,,,,,,skill,畫龍點睛,,,,,,,
,,,,,,,,branch,"天地無雙斬, 無影斬",,,,,,,
,,,,,,-,proration,damage,physical,,,,,,,
,,,,,,2,damage,name,天地無雙斬,,,,,,,
,,,,,,,,constant,500,,,,,,,
,,,,,,,,multiplier,3000+extra[0]*1,,,,,,,
,,,,,,,,unsheathe_damage,1,,,,,,,
,,,,,,,,range_damage,1,,,,,,,
,,,,,,,,action_frame,171~97,,,,,,,
,,,,,,-,extra,caption,獲得#[無敵]2秒。,,,,,,,
,,,,,,-,extra,caption,此傷害#[必定命中]。,,,,,,,
,,,,,,-,extra,caption,自身獲得武士極意狀態。(效果請參照畫龍點睛頁面。),,,,,,,
,,,,,,,,skill,畫龍點睛,,,,,,,
,,,,,,-,extra,physical_pierce,10*extra[1],,,,,,,
,,,,,,,,critical_rate,10*extra[1],,,,,,,
,,,,,,,,condition,若持有怪力亂神狀態,,,,,,,
,,,,,,-,extra,skill_constant_extra,500,,,,,,,
,,,,,,,,condition,若目標持有#[降防],,,,,,,
,,,,,,,,,,,,,,,,
,,,,,,-,formula_extra,texts,"武器基礎攻擊, 怪力亂神等級",,,,,,,
,,,,,,,,values.0,@C.main.atk,,,,,,,
,,,,,,,,values.1,getSkillLevel('0-6-13'),,,,,,,
,,,,,,-,list,text,武器基礎攻擊：不包含精鍊、武器ATK加成等，僅計算武器本身的攻擊力。,,,,,,,
,,,,,,,,,,,,,,,,
,,,,,,,,,,,,,,,,
,,,,,,,,,,,,,,,,
,,,,,,-,list,text,弓拔無法發動天地無雙斬。,,,,,,,
,,,,,,-,list,text,此技能的動作會在傷害出現前提早結束，故會直接進行下一動，如連擊內的下一個技能或普攻。,,,,,,,
,,,,,,-,list,text,雖然天地無雙斬在無影斬之後發動，但計算傷害時，慣性值會與無影斬相同，不受到無影斬的物理慣性影響。,,,,,,,
,,,,,,,,mark,"天地無雙斬, 無影斬",,,,,,,
16,,非預設,,拔刀劍,,1,,text,向敵人進行無影斬，並獲得兩層畫龍點睛層數。,,,,,,,
16,,歷史紀錄,0,2024/04/18,,3,,range_damage,1,,,,,,,
17,突襲制其先,預設,拔刀劍,,,1,text,text,若在${12-SLv}秒內不進行攻擊，獲得突襲狀態。觸發#[納刀移動]時，獲得突襲狀態的倒數時間-1秒。,,,,被動,,,
,,,,,,,,is_mark,1,,,,,,,
,,,,,,,,branch,突襲,,,,,,,
,,,,,,-,tips,text,施放非攻擊技能不會影響突襲狀態的獲取。,,,,,,,
,,,,,,2,effect,caption,下次縮地法後的普攻，普通攻擊倍率變為500%。(固定值，與縮地法等級無關)<br>下次波動刃被強化為突襲波動刃，倍率變為原先的5倍、且不造成慣性。<br>發動以上任一效果後狀態結束。,,,,,,,
,,,,,,,,condition,獲得狀態後,,,,,,,
,,,,,,,,name,突襲,,,,,,,
,,,,,,,,end_condition,直到下一個行動前,,,,,,,
,,,,,,,,mark,突襲波動刃,,,,,,,
,,,,,,,,skill,"波動刃,縮地法",,,,,,,
,,,,,,-,extra,condition,HP有減損時,,,,,,,
,,,,,,,,caption,縮地法後的普攻常數+((1000×(1-剩餘HP百分比) ))。,,,,,,,
,,,,,,-,list,text,突襲不會出現在狀態欄，僅在獲得突襲時，拔刀刀鞘會短暫發出閃亮特效作為提示。,,,,,,,
,,,,,,,,mark,突襲,,,,,,,
,,,,,,-,list,text,僅當獲得狀態後的下一個行動是縮地法普攻或波動刃，才可享受效果。,,,,,,,
,,,,,,,,,,,,,,,,
,,,,,,-,list,text,與其他一般攻擊傷害提升效果為疊加。,,,,,,,
,,,,,,-,list,text,但與使用#[納刀移動]後獲得的下次一般攻擊傷害提升，為疊乘。,,,,,,,
17,,歷史紀錄,0,2023/04/06,,-,text,text,突襲的等待時間短縮。<br>追加：納刀移動後更快獲取突襲。<br>令突襲波動刃不再造成慣性。,,,,,,,
,,,,,,1,,text,若在${13-SLv}秒內不進行攻擊，獲得突襲狀態。,,,,,,,
,,,,,,2,,caption,下次縮地法後的普攻，普通攻擊倍率變為500%。(固定值，與縮地法等級無關)<br>下次波動刃被強化為突襲波動刃，倍率變為原先的5倍。<br>發動以上任一效果後狀態結束。,,,,,,,
,,,,,,,,end_condition,直到效果被使用前,,,,,,,
18,不撓不屈,預設,拔刀劍,,,-,text,text,與BOSS級敵人戰鬥時，自動積累不撓不屈層數，每${12-SLv}秒疊加一層，最大![100]層，打倒強敵後效果即消失。,,,,被動,,,
,,,,,,,,is_mark,1,,,,,,,
,,,,,,,,mark,不撓不屈層數,,,,,,,
,,,,,,1,list,text,此外，使用斷禍、斬釘截鐵、霞雪月花、彈刀技能並成功觸發其反擊/減傷效果時，額外獲得2層不撓不屈層數。,,,,,,,
,,,,,,,,skill,"斷禍,斬釘截鐵,霞雪月花,彈刀",,,,,,,
,,,,,,,,,,,,,,,,
,,,,,,-,stack,name,不撓不屈層數,,,,,,,
,,,,,,,,id,1,,,,,,,
,,,,,,,,min,0,,,,,,,
,,,,,,,,max,100,,,,,,,
,,,,,,,,default,10,,,,,,,
,,,,,,,,step,10,,,,,,,
,,,,,,-,effect,name,不撓不屈,,,,,,,
,,,,,,,,weapon_atk,"[0,10,15,20,25,30,35,40,45,50][Math.floor(stack/10)-1]",,,,,,,
,,,,,,,,weapon_atk,extra[0]*2*Math.floor(stack/100),%,,,,,,
,,,,,,,,accuracy,Math.floor(stack/10)*10,,,,,,,
,,,,,,,,unsheathe_attack_multiplier,"[0,0,3,4,5,6,14,16,18,20][Math.floor(stack/10)-1]",,,,,,,
,,,,,,,,motion_speed,Math.floor(stack/40)*12.5,,,,,,,
,,,,,,,,weapon_base_atk,"[0,0,0,0,0,30,35,40,45,50][Math.floor(stack/10)-1]",,,,,,,
,,,,,,,,stack_id,1,,,,,,,
,,,,,,,,end_condition,直到層數歸零時,,,,,,,
,,,,,,,,condition,none,,,,,,,
,,,,,,-,extra,condition,層數≧50時,,,,,,,
,,,,,,,,caption,在#[納刀移動]的動作中，將所受到的傷害變為0。,,,,,,,
,,,,,,2,extra,condition,層數≧50時,,,,,,,
,,,,,,,,caption,提升天流亂星技能倍率((100×天流層數))、天流亂星．斬維消費的天流層數-1。,,,,,,,
,,,,,,,,skill,天流亂星,,,,,,,
,,,,,,,,mark,天流亂星．斬維,,,,,,,
,,,,,,-,extra,condition,層數≧90時,,,,,,,
,,,,,,,,caption,所有武士技能的消費MP減半。,,,,,,,
,,,,,,-,formula_extra,texts,武器精鍊值,,,,,,,
,,,,,,,,values.0,@C.main.refining,,,,,,,
,,,,,,3,list,text,與野外BOSS戰鬥結束時，不撓不屈層數不會消失而是減少10%，並每2秒減少1層，只要重新進入與BOSS的戰鬥便能繼續累積。,,,,,,,
,,,,,,,,mark,野外BOSS,,,,,,,
,,,,,,-,list,text,不撓不屈效果的文字說明：<br>層數≧10，追加命中提升效果，效果隨層數提升而上升。<br>層數≧20，追加武器ATK提升效果，效果隨層數提升而上升。<br>層數≧30，追加拔刀傷害%提升效果，效果隨層數提升而上升。<br>層數≧40，追加行動速度提升效果。<br>層數≧60，追加武器基礎ATK提升效果，效果隨層數提升而上升。<br>層數≧70，拔刀傷害%提升量大幅上升。<br>層數≧80，行動速度提升效果翻倍。<br>層數=100，追加武器ATK%提升效果。,,,,,,,
,,,,,,-,list,text,將受傷害變為0的判定與斬釘截鐵相同，不會導致如勇氣泉源、神速掌握等技能被中斷。,,,,,,,
,,,,,,,,skill,斬釘截鐵,,,,,,,
,,,,,,,,mark,"勇氣泉源, 神速掌握",,,,,,,
,,,,,,-,reference,url,https://twitter.com/UTAN18431522/status/1508371431020982272,,,,,,,
,,,,,,,,url_text,納刀移動規避攻擊的示範,,,,,,,
18,,歷史紀錄,0,2023/04/06,,-,text,text,追加反擊類技能成功時，給予額外不撓不屈層數的效果。,,,,,,,
,,,,,,1,,text,無此效果。,,,,,,,
18,,歷史紀錄,0,2023/11/09,,-,text,text,追加效果、減輕戰鬥結束時的不撓不屈層數消耗量。,,,,,,,
,,,,,,2,,caption,天流亂星．斬維消費的天流層數-1。,,,,,,,
,,,,,,3,,text,無此效果。,,,,,,,
19,瑞風,預設,拔刀劍,,,-,text,text,自身攻擊為MISS或#[閃躲][閃躲（怪物）]時、或使用#[閃躲][閃躲（玩家）]閃避單體傷害時，有${10*SLv}%機率獲得瑞風層數(可疊層，最多3層)，提升近距離威力、暴擊傷害、命中。,,,,被動,,,
,,,,,,,,is_mark,1,,,,,,,
,,,,,,,,mark,瑞風層數,,,,,,,
,,,,,,-,list,text,此技能效果受角色所學武士技能樹等級影響。,,,,,,,
,,,,,,,,mark,技能樹等級,,,,,,,
,,,,,,-,stack,name,武士技能樹等級,,,,,,,
,,,,,,,,min,1,,,,,,,
,,,,,,,,max,5,,,,,,,
,,,,,,,,default,5,,,,,,,
,,,,,,,,id,1,,,,,,,
,,,,,,-,stack,name,瑞風層數,,,,,,,
,,,,,,,,min,1,,,,,,,
,,,,,,,,max,3,,,,,,,
,,,,,,,,default,3,,,,,,,
,,,,,,,,id,2,,,,,,,
,,,,,,-,effect,name,瑞風,,,,,,,
,,,,,,,,short_range_damage,stack[0]*stack[1],,,,,,,
,,,,,,,,critical_damage,stack[0]*stack[1],,,,,,,
,,,,,,,,accuracy,stack[0]*stack[1]*10,,,,,,,
,,,,,,,,stack_id,"1,2",,,,,,,
,,,,,,,,condition,滿足條件後,,,,,,,
,,,,,,,,duration,30,,,,,,,
,,,,,,-,list,text,每次疊層時，刷新持續時間。,,,,,,,
,,,,,,-,tips,text,可利用一陣風/颯/苦無等技能在超出攻擊距離時的miss觸發效果。,,,,,,,
,,,,,,,,,,,,,,,,
,,,,,,,,,,,,,,,,
,,,,,,,,,,,,,,,,
19,,非預設,,拔刀劍,,,,,,,,,,,,
20,一陣風,預設,拔刀劍,,,-,text,text,進入![雙拔刀]狀態，期間移除自身拔刀威力、轉換為ATK與武器ATK。普攻動作改變、且普攻會改變![一陣風層數]，此層數影響普攻威力、動作、衍生技能威力。,,300 ,,瞬發,可以放入連擊,,
,,,,,,,,is_mark,1,,,,,,,
,,,,,,-,stack,name,當前一陣風層數,,,,,,,
,,,,,,,,min,1,,,,,,,
,,,,,,,,max,3,,,,,,,
,,,,,,,,default,1,,,,,,,
,,,,,,,,id,1,,,,,,,
,,,,,,-,stack,name,一陣風．改 技能等級,,,,,,,
,,,,,,,,min,0,,,,,,,
,,,,,,,,max,10,,,,,,,
,,,,,,,,default,10,,,,,,,
,,,,,,,,id,2,,,,,,,
,,,,,,,,value,getSkillLevel('0-6-22'),,,,,,,
,,,,,,-,tips,text,雙拔刀狀態效果,,,,,,,
,,,,,,-,group,size,3,,,,,,,
,,,,,,-,stack,name,角色原有拔刀威力%,,,,,,,
,,,,,,,,min,0,,,,,,,
,,,,,,,,default,0,,,,,,,
,,,,,,,,id,3,,,,,,,
,,,,,,,,value,@C.stat('unsheathe_attack_multiplier')-100,,,,,,,
,,,,,,,,postpone,1,,,,,,,
,,,,,,-,effect,name,雙拔刀,,,,,,,
,,,,,,,,end_condition,直到觸發特定動作前,,,,,,,
,,,,,,,,unsheathe_attack_multiplier,-stack[0],,,,,,,
,,,,,,,,atk,stack[0]*(SLv/10),%,,,,,,
,,,,,,,,weapon_base_atk,stack[0]*(SLv/10),,,,,,,
,,,,,,,,stack_id,"3,2",,,,,,,
,,,,,,,,action_frame,66~45,,,,,,,
,,,,,,-,extra,condition,一陣風層數1時,,,,,,,
,,,,,,,,caption,普通攻擊倍率+${SLv*5+stack[1]*5}%、將傷害均分為2段，使狀態層數+1。,,,,,,,
,,,,,,,damage,action_frame,~35,,,,,,,
,,,,,,-,extra,condition,一陣風層數2時,,,,,,,
,,,,,,,,caption,普通攻擊倍率+${100+SLv*10+stack[1]*10}%，普通攻擊常數+![100]、將傷害均分為2段，使狀態層數+1。,,,,,,,
,,,,,,,damage,action_frame,~35,,,,,,,
,,,,,,-,extra,condition,一陣風層數3時,,,,,,,
,,,,,,,,caption,普通攻擊倍率+${500+SLv*30+stack[1]*30}%，普通攻擊常數+![200]、將傷害均分為3段，![將狀態層數變為1]。,,,,,,,
,,,,,,,damage,action_frame,~60,,,,,,,
,,,,,,-,list,text,狀態期間，一般攻擊無法觸發#[納刀移動]。,,,,,,,
,,,,,,-,list,text,但可觸發#[納刀移動]的拔刀技能不受影響。若以此發動![納刀移動]，會導致![雙拔刀]狀態結束。,,,,,,,
,,,,,,-,list,text,狀態期間，無法發動![天地無雙斬]。,,,,,,,
,,,,,,-,list,text,若發動![天流亂星．斬納]，結束![雙拔刀]狀態。,,,,,,,
,,,,,,-,list,text,另外補充，主動狀態技能的拔刀傷害加成（如:!S[劍閃]），在![雙拔刀]狀態下會實時轉化成對應的ATK。但角色面板數值在獲得狀態的當下不會更新，僅在發動任意攻擊時會更新。,,,,,,,
,,,,,,-,list,text,![常數的拔刀傷害]加成，會等量的提升![常數ATK]，因為很少用到所以沒寫入上方。,,,,,,,
,,,,,,-,text,text,"在![雙拔刀]期間再次使用![一陣風]，根據發動同時輸入的方向鍵決定發動的衍生技能：<br>
左方向鍵：![雲雀](春)。<br>
後方向鍵：![荒南風](夏)，需要角色習得!S[怪力亂神]。<br>
前方向鍵：![雁渡](秋)，需要角色習得!S[縮地法]。<br>
右方向鍵：![居吹](冬)。<br>
不移動：![無風]。<br>",,,,,,,
,,,,,,,,is_mark,1,,,,,,,
,,,,,,-,list,text,此處所說的方向鍵前後，是指角色相對於目標方向，因此比如說目標在角色背後(角色面朝玩家)時，按上方向鍵等於後方向。,,,,,,,
,,,,,,-,list,text,所有衍生技能皆不會消耗!S[明鏡止水]的效果，但也不會受到其效果加成。,,,,,,,
,,,,,,-,list,text,所有衍生技能的射程均為無限制，因此受![遠程狙擊]影響。,,,,,,,
,,,,,,-,tips,text,左方向鍵：雲雀(春),,,,,,,
,,,,,,-,group,size,3,,,,,,,
,,,,,,-,list,text,雲雀：向左滑行同時造成一次傷害，若目標距離超過5m，傷害將MISS。,,,,,,,
,,,,,,-,proration,damage,normal_attack,,,,,,,
,,,,,,-,damage,name,雲雀,,,,,,,
,,,,,,,,constant,300,,,,,,,
,,,,,,,,multiplier,500+SLv*30+stack[0]*45+stack[1]*100,,,,,,,
,,,,,,,,stack_id,"2,1",,,,,,,
,,,,,,,,action_frame,61~37,,,,,,,
,,,,,,,,range_damage,short,,,,,,,
,,,,,,,,unsheathe_damage,0,,,,,,,
,,,,,,-,list,text,動作期間手動閃躲判定,,,,,,,
,,,,,,-,tips,text,後方向鍵：荒南風(夏),,,,,,,
,,,,,,-,group,size,3,,,,,,,
,,,,,,-,list,text,荒南風：後退4m，並造成一次直線範圍傷害(AOE範圍長24，寬度未知)。,,,,,,,
,,,,,,-,proration,damage,normal_attack,,,,,,,
,,,,,,-,damage,name,荒南風,,,,,,,
,,,,,,,,constant,300,,,,,,,
,,,,,,,,multiplier,350+SLv*20+stack[0]*35+stack[1]*150,,,,,,,
,,,,,,,,stack_id,"2,1",,,,,,,
,,,,,,,,action_frame,92~52,,,,,,,
,,,,,,,,range_damage,short,,,,,,,
,,,,,,,,unsheathe_damage,0,,,,,,,
,,,,,,,,type,AOE,,,,,,,
,,,,,,,,effective_area,line,,,,,,,
,,,,,,,,radius,1,,,,,,,
,,,,,,,,move_distance,24,,,,,,,
,,,,,,,,target_offset,5,,,,,,,
,,,,,,-,tips,text,前方向鍵：雁渡(秋),,,,,,,
,,,,,,-,group,size,3,,,,,,,
,,,,,,-,list,text,雁渡：瞬間衝至目標跟前，並造成二次單體傷害。,,,,,,,
,,,,,,-,proration,damage,normal_attack,,,,,,,
,,,,,,-,damage,name,雁渡,,,,,,,
,,,,,,,,constant,300,,,,,,,
,,,,,,,,multiplier,850+SLv*20+stack[0]*30-stack[1]*150,,,,,,,
,,,,,,,,stack_id,"2,1",,,,,,,
,,,,,,,,action_frame,61~37,,,,,,,
,,,,,,,,range_damage,short,,,,,,,
,,,,,,,,unsheathe_damage,0,,,,,,,
,,,,,,,,frequency,2,,,,,,,
,,,,,,-,tips,text,右方向鍵：居吹(冬),,,,,,,
,,,,,,-,group,size,3,,,,,,,
,,,,,,-,list,text,居吹：造成一次傷害，然後向右滑動約4m再造成第二次傷害，兩段傷害共用判定與限傷、若目標距離超過5m，傷害將MISS。,,,,,,,
,,,,,,-,proration,damage,normal_attack,,,,,,,
,,,,,,-,damage,name,居吹,,,,,,,
,,,,,,,,constant,300,,,,,,,
,,,,,,,,multiplier,250+SLv*60+stack[0]*45+stack[1]*50,,,,,,,
,,,,,,,,frequency,2,,,,,,,
,,,,,,,,stack_id,"2,1",,,,,,,
,,,,,,,,action_frame,92~52,,,,,,,
,,,,,,,,range_damage,short,,,,,,,
,,,,,,,,unsheathe_damage,0,,,,,,,
,,,,,,-,tips,text,不移動：無風,,,,,,,
,,,,,,-,group,size,3,,,,,,,
,,,,,,-,proration,damage,normal_attack,,,,,,,
,,,,,,-,list,text,無風：動作期間內將傷害變為0，若減傷成功，對目標造成一次反擊，但若目標距離超過5m，傷害將MISS。,,,,,,,
,,,,,,-,list,text,此技能![將傷害變為0]的效果與!S[完善守備]類似，會導致!S[神速掌握]、!S[勇氣泉源]等技能中斷、且不免疫異常。,,,,,,,
,,,,,,-,damage,name,無風(反擊),,,,,,,
,,,,,,,,constant,300,,,,,,,
,,,,,,,,multiplier,500+SLv*50+stack[0]*50,,,,,,,
,,,,,,,,frequency,2,,,,,,,
,,,,,,,,stack_id,2,,,,,,,
,,,,,,,,range_damage,1,,,,,,,
,,,,,,,,unsheathe_damage,0,,,,,,,
,,,,,,-,extra,condition,動作期間(發動反擊之前)使用方向鍵,,,,,,,
,,,,,,,,caption,可繼續發動對應的衍生技能，且不額外消耗MP。,,,,,,,
,,,,,,-,text,text,當對同一目標![按照順序]，使用春、夏、秋、冬四個![一陣風]的衍生技能後，且自身處於!S[突襲制其先]的![突襲]狀態時，一陣風將變為施放![剎那絢爛．四季變化]。,,,,,,,
,,,,,,,,is_mark,1,,,,,,,
,,,,,,-,tips,text,必須按照順序，如果中間放錯需要重來，特別小心無風的反擊亦會中斷。,,,,,,,
,,,,,,-,tips,text,剎那絢爛．四季變化,,,,,,,
,,,,,,-,group,size,8,,,,,,,
,,,,,,-,list,text,![剎那絢爛．四季變化]：造成總共四段傷害，其中第一二段會均分成2次，因此總共六次傷害；第三段傷害會後退並造成AOE、第四段傷害會瞬移至目標跟前。,,,,,,,
,,,,,,-,list,text,此技能動作時間內，可將受到的傷害變為0。(與!S[完善守備]類似，會使!S[神速掌握]等技能中斷、且不免疫異常),,,,,,,
,,,,,,-,list,text,此技能造成慣性的時機是在![第二段時]，因此第三、四段傷害，會受到此技能自身的慣性影響，提高傷害。,,,,,,,
,,,,,,-,proration,damage,normal_attack,,,,,,,
,,,,,,,,proration,physical,,,,,,,
,,,,,,-,damage,name,"第一段 (第1,2下傷害)",,,,,,,
,,,,,,,,constant,300,,,,,,,
,,,,,,,,multiplier,2550-150*stack,,,,,,,
,,,,,,,,stack_id,1,,,,,,,
,,,,,,,,element,against,,,,,,,
,,,,,,,,range_damage,1,,,,,,,
,,,,,,,,frequency,2,,,,,,,
,,,,,,-,extra,physical_pierce,100,,,,,,,
,,,,,,-,extra,caption,#[必定命中],,,,,,,
,,,,,,-,damage,name,"第二段 (第3,4下傷害)",,,,,,,
,,,,,,,,constant,300,,,,,,,
,,,,,,,,multiplier,2750+50*stack,,,,,,,
,,,,,,,,stack_id,1,,,,,,,
,,,,,,,,element,against,,,,,,,
,,,,,,,,range_damage,1,,,,,,,
,,,,,,,,frequency,2,,,,,,,
,,,,,,-,extra,physical_pierce,100,,,,,,,
,,,,,,-,extra,caption,#[必定命中],,,,,,,
,,,,,,-,damage,name,第三段 (第5下傷害),,,,,,,
,,,,,,,,constant,300,,,,,,,
,,,,,,,,multiplier,2250+150*stack,,,,,,,
,,,,,,,,stack_id,1,,,,,,,
,,,,,,,,element,against,,,,,,,
,,,,,,,,range_damage,1,,,,,,,
,,,,,,,,type,AOE,,,,,,,
,,,,,,,,effective_area,line,,,,,,,
,,,,,,,,radius,1,,,,,,,
,,,,,,,,move_distance,24,,,,,,,
,,,,,,,,target_offset,5,,,,,,,
,,,,,,-,extra,physical_pierce,100,,,,,,,
,,,,,,-,extra,caption,#[必定命中],,,,,,,
,,,,,,-,damage,name,第四段 (第6下傷害),,,,,,,
,,,,,,,,constant,300,,,,,,,
,,,,,,,,multiplier,2800+100*stack,,,,,,,
,,,,,,,,stack_id,1,,,,,,,
,,,,,,,,element,against,,,,,,,
,,,,,,,,range_damage,1,,,,,,,
,,,,,,-,extra,physical_pierce,100,,,,,,,
,,,,,,-,extra,caption,#[必定命中],,,,,,,
,,,,,,-,tips,text,四季僅有一陣風與一陣風改，皆為LV10時的數據。,,,,,,,
,,,,,,,,,,,,,,,,
,,,,,,-,list,text,動作總耗時190幀/滿行速下92幀,,,,,,,
,,,,,,-,list,text,發動春夏秋冬各技能時，若受到傷害，有可能導致四季發不出來。,,,,,,,
,,,,,,-,list,text,傷害期間如受到#[出血]異常，會導致技能中斷。,,,,,,,
,,,,,,-,list,text,弓拔因無法獲取突襲狀態，故無法發動四季。,,,,,,,
20,,非預設,,拔刀劍,,,,,,,,,,,,
21,颯,預設,拔刀劍,,,-,text,text,僅能在![雙拔刀]狀態下施展，跳躍使自身進入#[無敵]狀態5秒，可使用前方向鍵提前落下，落下時根據跳躍時間造成一次單體傷害。,,400 ,-,瞬發,可以放入連擊,,
,,,,,,,,is_mark,1,,,,,,,
,,,,,,-,stack,name,跳躍時間,,,,,,,
,,,,,,,,min,1,,,,,,,
,,,,,,,,max,5,,,,,,,
,,,,,,,,default,5,,,,,,,
,,,,,,,,id,1,,,,,,,
,,,,,,-,damage,name,颯,,,,,,,
,,,,,,,,constant,100,,,,,,,
,,,,,,,,multiplier,"60*SLv+300*Math.max(1,stack-1)",,,,,,,
,,,,,,,,stack_id,1,,,,,,,
,,,,,,,,range_damage,1,,,,,,,
,,,,,,,,action_frame,92~52,,,,,,,
,,,,,,-,list,text,若降下時鎖定目標不在自身周圍5m範圍內，會造成MISS。,,,,,,,
,,,,,,-,list,text,跳躍計算是無條件捨去、且至少須跳躍達一秒後才能落下。,,,,,,,
,,,,,,-,list,text,此技能進入無敵動作約?~15F。,,,,,,,
21,,非預設,,拔刀劍,,,,,,,,,,,,
22,一陣風．改,預設,拔刀劍,,,-,text,text,提升!S[一陣風]普通攻擊與衍生技能的威力。,,,,被動,,,
,,,,,,,,is_mark,1,,,,,,,
,,,,,,-,list,text,效果已寫在!S[一陣風]之技能頁面中。,,,,,,,
22,,非預設,,拔刀劍,,,,,,,,,,,,
7,1,粉碎者技能,,,,,,,,,,,,,,
0,正拳突擊,預設,拳套,,,-,proration,damage,physical,,300 ,2 ,瞬發,可以放入連擊,,
,,,,,,-,damage,constant,200,,,,,,,
,,,,,,,,multiplier,200+SLv*20,,,,,,,
,,,,,,,,range_damage,1,,,,,,,
,,,,,,-,extra,caption,此技能#[必定暴擊]。,,,,,,,
,,,,,,-,extra,condition,動作期間,,,,,,,
,,,,,,,,caption,減輕所受到的第一次傷害，減輕值為((角色最大HP×25%))。,,,,,,,
,,,,,,-,list,text,該技能減傷效果類似於一個暫時性的屏障，當傷害小於屏障值時，最終受傷為1。,,,,,,,
1,巨人烈破,預設,拳套,,,-,text,text,施放後，若自身未持有!B[凝氣]，則進入![凝氣]狀態；若自身已持有![凝氣]，則發動!B[烈破]，![烈破]傷害隨![凝氣]層數而提高。,,500 ,2 ,瞬發,可以放入連擊,,
,,,,,,,,is_mark,1,,,,,,,
,,,,,,-,effect,name,凝氣,,,,,,,
,,,,,,,,condition,未持有凝氣狀態,,,,,,,
,,,,,,,,caption,下次使用本技能時，MP消耗變為0，並結束該狀態。,,,,,,,
,,,,,,,,action_frame,61~37,,,,,,,
,,,,,,-,list,text,![凝氣]的動作時間，通常不受行動速度的影響。但可利用連擊效果「迅速」，達到行動速度50%。,,,,,,,
,,,,,,1,list,text,"![凝氣]狀態隨時間經過會增加![凝氣層數]，每${2.5+Math.max(2-SLv,0)*0.5-Math.floor((SLv-1)/3)*0.5}秒增加一層，最高五層。",,,,,,,
,,,,,,2,list,text,在層數到達最高後若未釋放技能，則經過${2+SLv}秒後，累積層數將開始下降，每6秒下降一層，最低至一層。,,,,,,,
,,,,,,-,stack,name,凝氣層數,,,,,,,
,,,,,,,,id,1,,,,,,,
,,,,,,,,min,0,,,,,,,
,,,,,,,,max,5,,,,,,,
,,,,,,,,default,5,,,,,,,
,,,,,,-,proration,damage,physical,,,,,,,
,,,,,,-,damage,name,烈破,,,,,,,
,,,,,,,,constant,500,,,,,,,
,,,,,,,,multiplier,800*(1+stack[0]*(0.375+0.0125*SLv))+(stack[1]*stack[2]*10)*(stack[0]+1),,,,,,,
,,,,,,,,type,AOE,,,,,,,
,,,,,,,,radius,2,,,,,,,
,,,,,,,,end_position,self,,,,,,,
,,,,,,,,stack_id,"1,2,3",,,,,,,
,,,,,,,,range_damage,1,,,,,,,
,,,,,,,,action_frame,122~66,,,,,,,
,,,,,,-,list,text,此技能的傷害將同時受![凝氣]及![烈破]兩者的連擊效果影響。更多說明請參照!S[交叉火線]的技能頁面。,,,,,,,
,,,,,,-,list,text,![凝氣]中若自身受到#[昏厥]，![凝氣層數]增長將暫停，但#[昏厥]結束之後仍會繼續增長。,,,,,,,
,,,,,,-,list,text,但若是受到#[乏力]狀態影響，會導致![凝氣層數]降為1並不再增長。,,,,,,,
,,,,,,-,tips,text,此技能傷害受近距離威力影響。,,,,,,,
,,,,,,-,text,text,技能!S[神之手]的![加倍奉還]層數會增加此技能倍率。,,,,,,,
,,,,,,,,is_mark,1,,,,,,,
,,,,,,-,stack,name,神之手技能等級,,,,,,,
,,,,,,,,id,2,,,,,,,
,,,,,,,,min,0,,,,,,,
,,,,,,,,max,10,,,,,,,
,,,,,,,,default,10,,,,,,,
,,,,,,,,value,getSkillLevel('0-7-2'),,,,,,,
,,,,,,-,stack,name,加倍奉還層數,,,,,,,
,,,,,,,,id,3,,,,,,,
,,,,,,,,min,0,,,,,,,
,,,,,,,,max,3,,,,,,,
,,,,,,,,default,0,,,,,,,
1,,歷史紀錄,0,2022/10/27,,-,text,text,修改疊層時間、降層時間等,,,,,,,
,,,,,,2,list,text,在層數到達最高後若未釋放技能，則經過5秒後，累積層數將開始下降，每3秒下降一層，最低至一層。,,,,,,,
,,,,,,1,list,text,"凝氣狀態隨時間經過會增加凝氣層數，每${2.5+Math.max(2-SLv,0)*0.5-Math.floor((SLv-1)/3)*0.5}秒增加一層，最高五層。",,,,,,,
2,神之手,預設,拳套,,,-,text,text,使出!B[神之手]，動作期間內可減輕傷害，每減輕一次傷害時自身!B[加倍奉還]層數提升一層。,,400 ,2 ,瞬發,可以放入連擊,,
,,,,,,,,is_mark,1,,,,,,,
,,,,,,-,proration,damage,physical,,,,,,,
,,,,,,-,damage,name,神之手,,,,,,,
,,,,,,,,constant,40*SLv,,,,,,,
,,,,,,,,multiplier,1000,,,,,,,
,,,,,,,,range_damage,1,,,,,,,
,,,,,,,,action_frame,83~83,,,,,,,
,,,,,,-,list,text,此技能不受行動速度影響。,,,,,,,
,,,,,,-,extra,condition,動作期間,,,,,,,
,,,,,,,,caption,"受到的物理、魔法傷害減輕${[10,13,17,22,28,36,45,57,72,90][SLv-1]}%。",,,,,,,
,,,,,,-,extra,condition,每減輕一次傷害,,,,,,,
,,,,,,,,caption,自身獲得!B[加倍奉還]，已有該狀態時![加倍奉還]層數提升一層。,,,,,,,
,,,,,,-,list,text,![加倍奉還]狀態可疊加層數，最多三層。,,,,,,,
,,,,,,-,stack,name,加倍奉還層數,,,,,,,
,,,,,,,,id,1,,,,,,,
,,,,,,,,min,1,,,,,,,
,,,,,,,,max,3,,,,,,,
,,,,,,1,effect,name,加倍奉還,,,,,,,
,,,,,,,,caption,技能倍率提高${SLv*10*stack}。,,,,,,,
,,,,,,,,condition,粉碎者技能樹中的攻擊技能,,,,,,,
,,,,,,,,stack_id,1,,,,,,,
,,,,,,,,duration,60,,,,,,,
,,,,,,2,extra,condition,對於!S[巨人烈破],,,,,,,
,,,,,,,,caption,技能倍率提高((${SLv*10*stack}*(巨人烈破凝氣層數+1) ))。,,,,,,,
,,,,,,2,extra,condition,對於!S[碎地之技],,,,,,,
,,,,,,,,caption,技能施放後，回復${stack*100}的MP。,,,,,,,
,,,,,,-,list,text,關於![加倍奉還]對!S[巨人烈破]加成倍率的計算方式，可前往!S[巨人烈破]頁面確認。,,,,,,,
,,,,,,-,list,text,每次減輕傷害獲得![加倍奉還]時，狀態持續時間都會回復至60秒。,,,,,,,
,,,,,,-,list,text,![神之手]無法減輕百分比傷害，因此受到百分比攻擊無法獲得![加倍奉還]層數，在學習!S[神剛體]後則無此限制。,,,,,,,
,,,,,,-,tips,text,減傷幅度僅有Lv10的資料。,,,,,,,
2,,歷史紀錄,0,2020/10/22,,-,text,text,加成對象由粉碎者技能樹變更為僅巨人烈破。,,,,,,,
,,,,,,1,,condition,下一招粉碎者攻擊技能,,,,,,,
,,,,,,,,caption,最終傷害提升${100/3*stack}%。,,,,,,,
,,,,,,,,duration,,,,,,,,
2,,歷史紀錄,0,2021/08/26,,-,text,text,加成對象由巨人烈破變更為粉碎者技能樹，但巨人烈破擁有更高加成，且取消了只對下一招技能生效，改為時效內所放技能皆可享受加成。,,,,,,,
,,,,,,1,,condition,下一次的巨人烈破,,,,,,,
,,,,,,,,caption,巨人烈破的技能倍率提高((${SLv*10*stack}*(巨人烈破凝氣層數+1) ))。,,,,,,,
,,,,,,,,duration,,,,,,,,
,,,,,,2,,condition,,,,,,,,
,,,,,,,,caption,,,,,,,,
3,呼吸法,預設,拳套,拳套,,1,text,text,迅速調整呼吸，獲得舒經，施放下一招技能時獲得活脈。,,300 ,,瞬發,可以放入連擊,,
,,,,,,,,is_mark,1,,,,,,,
,,,,,,,,branch,"舒經, 真氣流轉, 活脈",,,,,,,
,,,,,,2,heal,name,舒經,,,,,,,
,,,,,,,,type,hp,,,,,,,
,,,,,,,,extra_text,最大HP,,,,,,,
,,,,,,,,extra_value,0.01*(SLv+stack),,,,,,,
,,,,,,,,stack_id,1,,,,,,,
,,,,,,3,extra,condition,破壞者技能等級10時,,,,,,,
,,,,,,,,type,next,,,,,,,
,,,,,,,,caption,下一招技能#[MP消耗減半]。,,,,,,,
,,,,,,4,heal,name,活脈,,,,,,,
,,,,,,,,type,hp,,,,,,,
,,,,,,,,extra_text,最大HP,,,,,,,
,,,,,,,,extra_value,0.005*(SLv+stack),,,,,,,
,,,,,,,,stack_id,1,,,,,,,
,,,,,,-,list,text,施放此技能後的![30]秒內再次施展的呼吸法，其舒經、活脈的治療效果變為原先的![1%]。,,,,,,,
,,,,,,,,mark,"舒經, 活脈, 呼吸法",,,,,,,
,,,,,,-,list,text,若過早再使用呼吸法而受到了治療量降低懲罰，要回復正常治療量仍需再等待![30]秒。,,,,,,,
,,,,,,,,mark,呼吸法,,,,,,,
,,,,,,-,list,text,若習得技能破壞者，其被動效果將提高本技能回復量。,,,,,,,
,,,,,,,,skill,破壞者,,,,,,,
,,,,,,-,stack,name,破壞者技能等級,,,,,,,
,,,,,,,,id,1,,,,,,,
,,,,,,,,min,0,,,,,,,
,,,,,,,,max,10,,,,,,,
,,,,,,,,default,0,,,,,,,
4,飛踢,預設,拳套,拳套,,-,text,text,迅速貼近目標後，發動迅捷飛踢。若發動技能的同時按住方向鍵，則改為先朝方向鍵方向跳躍6米後，迅速貼近目標發動迴旋飛踢。,,200 ,7 ,瞬發,可以放入連擊,,
,,,,,,,,is_mark,1,,,,,,,
,,,,,,,,branch,"迅捷飛踢, 迴旋飛踢",,,,,,,
,,,,,,-,proration,damage,physical,,,,,,,
,,,,,,-,damage,name,迅捷飛踢,,,,,,,
,,,,,,,,constant,100+10*SLv,,,,,,,
,,,,,,,,multiplier,500+20*SLv,,,,,,,
,,,,,,,,range_damage,1,,,,,,,
,,,,,,-,extra,condition,自身暴擊傷害不大於${190-4*SLv}%時。,,,,,,,
,,,,,,,,critical_damage,10+4*SLv,,,,,,,
,,,,,,-,damage,name,迴旋飛踢,,,,,,,
,,,,,,,,constant,100+10*SLv,,,,,,,
,,,,,,,,multiplier,500+20*SLv,,,,,,,
,,,,,,,,range_damage,1,,,,,,,
,,,,,,-,extra,caption,此技能傷害#[必定命中]。,,,,,,,
,,,,,,-,list,text,若迅捷飛踢加成暴擊傷害後，自身暴擊傷害超過200%，則加成會被取消。,,,,,,,
,,,,,,,,,,,,,,,,
,,,,,,,,,,,,,,,,
,,,,,,-,list,text,迴旋飛踢的第一次跳躍速度與疾風收割接近。,,,,,,,
,,,,,,,,skill,疾風收割,,,,,,,
,,,,,,,,mark,迴旋飛踢,,,,,,,
,,,,,,-,list,text,貼近目標的速度較縮地法更快。,,,,,,,
,,,,,,,,skill,縮地法,,,,,,,
5,組合拳,預設,拳套,,,-,proration,damage,normal_attack,,0 ,2 ,瞬發,不可放入連擊的第一招,,
,,,,,,-,damage,constant,0,,,,,,,
,,,,,,,,multiplier,100+10*SLv,,,,,,,
,,,,,,,,frequency,3,,,,,,,
,,,,,,,,range_damage,1,,,,,,,
,,,,,,-,extra,critical_rate,SLv*SLv,,,,,,,
,,,,,,-,reference,url_text,組合拳暴擊率測試,,,,,,,
,,,,,,,,url,https://www.taptap.com/topic/17032330,,,,,,,
6,破壞者,預設,拳套,,,-,text,text,此技能效果分為主動施放的破壞者BUFF，與被動存在的效果兩部分。,,100 ,main,瞬發,無法放入連擊,,
,,,,,,,,is_mark,1,,,,,,,
,,,,,,,,branch,破壞者,,,,,,,
,,,,,,1,effect,duration,600,,,,,,,
,,,,,,,,weapon_base_atk,5*SLv,%,,,,,,
,,,,,,,,stability,-10,,,,,,,
,,,,,,,,is_mark,1,,,,,,,
,,,,,,,,name,破壞者,,,,,,,
,,,,,,,,action_frame,61~37,,,,,,,
,,,,,,5,extra,caption,增加穿甲的#[降防]附加率25%。,,,,,,,
,,,,,,,,skill,穿甲,,,,,,,
,,,,,,2,extra,caption,自身無法對敵人附加#[控制類異常]。,,,,,,,
,,,,,,,,condition,副作用,,,,,,,
,,,,,,3,list,text,武器基礎ATK加成：指在計算基礎攻擊力時，武器的面板將變為${100+SLv*5}%計算。,,,,,,,
,,,,,,,,mark,武器基礎ATK,,,,,,,
,,,,,,4,tips,text,例如技能等級10時，一個200ATK，精鍊S的武器，且角色帶有武器ATK+10%與武器ATK+50的加成，則施放破壞者後武器攻擊力=(300*1.1+300*2.25+15+50)。,,,,,,,
,,,,,,-,text,text,習得此技能後，會獲得以下被動效果（常駐發動，無須施放破壞者狀態）：,,,,,,,
,,,,,,,,is_mark,1,,,,,,,
,,,,,,-,passive,caption,提高呼吸法之回復效果，此技能等級Lv10時，呼吸法將附帶下一招技能#[MP消耗減半]。,,,,,,,
,,,,,,,,skill,呼吸法,,,,,,,
,,,,,,,,,,,,,,,,
6,,非預設,,拳套,,1,effect,caption,僅在主手為拳套時有效果。,,,,,,,
,,,,,,2,,,,,,,,,,
,,,,,,3,,,,,,,,,,
,,,,,,4,,,,,,,,,,
,,,,,,5,,,,,,,,,,
6,,歷史紀錄,0,2022/10/27,,2,extra,caption,自身攻擊附加異常狀態的機率降低![50%]。,,,,,,,
,,,,,,5,,caption,無此效果,,,,,,,
6,,歷史紀錄,0,2023/01/27,,139,basic,mp_cost,600,,,,,,,
,,,,,,,,,,,,,,,,
7,神剛體,預設,拳套,,,-,passive,caption,使神之手完美化，令神之手的動作期間追加以下效果：,,,,被動,,,
,,,,,,,,is_mark,1,,,,,,,
,,,,,,,,mark,加倍奉還,,,,,,,
,,,,,,,,skill,神之手,,,,,,,
,,,,,,-,extra,condition,受到的百分比傷害,,,,,,,
,,,,,,,,caption,"減輕${[10,13,17,22,28,36,45,57,72,90][SLv-1]}%。",,,,,,,
,,,,,,1,extra,condition,使用神之手減輕傷害成功時,,,,,,,
,,,,,,,,caption,每次傷害回復200MP，單次技能最多回復400MP。,,,,,,,
,,,,,,-,extra,condition,神之手動作期間,,,,,,,
,,,,,,,,caption,自身免疫#[控制類異常]與#[睡眠]狀態。,,,,,,,
,,,,,,-,list,text,此技能免疫異常的效果，對紅字異常亦有效。,,,,,,,
7,,歷史紀錄,0,2023/01/26,,1,extra,condition,使用神之手減輕傷害成功時,,,,,,,
,,,,,,,,caption,每次傷害回復100MP，單次技能最多回復400MP。,,,,,,,
8,碎地之技,預設,拳套,,,-,text,text,對周圍發動碎地，依自身消耗的HP獲得10秒的屏障，已有屏障時無法重複獲得。,,800 ,main,瞬發,可以放入連擊,,
,,,,,,,,is_mark,1,,,,,,,
,,,,,,-,proration,damage,physical,,,,,,,
,,,,,,,,proration,physical,,,,,,,
,,,,,,1,damage,name,碎地,,,,,,,
,,,,,,,,constant,700+SLv*10,,,,,,,
,,,,,,,,multiplier,"900+SLv*60+Math.max($BSTR,$BAGI)",,,,,,,
,,,,,,,,type,AOE,,,,,,,
,,,,,,,,radius,4,,,,,,,
,,,,,,,,end_position,self,,,,,,,
,,,,,,,,range_damage,1,,,,,,,
,,,,,,,,action_frame,122~66,,,,,,,
,,,,,,-,extra,caption,此傷害#[必定暴擊],,,,,,,
,,,,,,,,condition,處於破壞者主動狀態中，且目標處於#[降防],,,,,,,
,,,,,,,,skill,破壞者,,,,,,,
,,,,,,2,extra,caption,回復((加倍奉還層數×100))的MP。,,,,,,,
,,,,,,,,condition,持有神之手的加倍奉還狀態時,,,,,,,
,,,,,,-,effect,name,屏障,,,,,,,
,,,,,,,,caption,創造可減輕傷害的屏障，屏障值等同於自身已損失的HP值。,,,,,,,
,,,,,,,,duration,10,,,,,,,
,,,,,,-,list,text,該屏障並非直接抵銷傷害，若受到的傷害小於剩餘屏障值，則角色受傷害-90%，扣除的屏障值與傷害的原始值相同；若受到的傷害大於剩餘屏障值，則角色受傷害為((原始傷害-剩餘屏障值))，並解除屏障效果。,,,,,,,
,,,,,,,,mark,"剩餘屏障值,屏障值",,,,,,,
,,,,,,-,tips,text,在遊戲中顯示的數字是已損失的HP百分比，但實際是傷害數值與損失HP的數值計算。,,,,,,,
8,,歷史紀錄,0,2023/01/26,,-,text,text,上調威力、更改神之手對此技能的加成,,,,,,,
,,,,,,1,,multiplier,"400+SLv*40+Math.max($BSTR,$BAGI)",,,,,,,
,,,,,,2,extra,caption,提升((加倍奉還層數×100))的技能倍率。,,,,,,,
8,,歷史紀錄,0,2023/04/06,,1,,multiplier,"500+SLv*60+Math.max($BSTR,$BAGI)",,,,,,,
,,,,,,,,,,,,,,,,
,,,,,,,,,,,,,,,,
,,,,,,,,,,,,,,,,
9,噴泉飛踢,預設,拳套,,,-,text,text,發動後將迅速貼近目標。若此技能發動時與目標的距離大於8m，將強化技能效果。,,300 ,12 ,瞬發,可以放入連擊,,
,,,,,,,,is_mark,1,,,,,,,
,,,,,,-,tips,text,貼近目標的速度與飛踢相同。,,,,,,,
,,,,,,,,skill,飛踢,,,,,,,
,,,,,,-,proration,damage,physical,,,,,,,
,,,,,,1,damage,name,噴泉飛踢,,,,,,,
,,,,,,,,constant,200+SLv*10,,,,,,,
,,,,,,,,multiplier,900+SLv*10+$AGI/2,,,,,,,
,,,,,,,,range_damage,1,,,,,,,
,,,,,,,,action_frame,61~37,,,,,,,
,,,,,,2,extra,physical_pierce,2*SLv,,,,,,,
,,,,,,-,extra,condition,發動時距離在8m以上時,,,,,,,
,,,,,,,,skill_multiplier_extra,50*SLv,,,,,,,
,,,,,,-,extra,condition,發動時距離在8m以上時,,,,,,,
,,,,,,,,caption,獲得呼吸法的效果。,,,,,,,
,,,,,,,,skill,呼吸法,,,,,,,
,,,,,,-,list,text,此技能於3M以上將增加動作時間，受距離增減而有影響。,,,,,,,
,,,,,,-,list,text,最遠發動距離12M的動作時間為78F~52F。,,,,,,,
,,,,,,-,tips,text,發動時距離在8m以上，指畫面顯示數字≧9m時。(參閱#[與目標距離]),,,,,,,
,,,,,,-,list,text,呼吸法的效果跟隨呼吸法的技能等級，故當呼吸法Lv10時，同樣可獲得下一招技能MP減半的效果。,,,,,,,
,,,,,,,,mark,呼吸法,,,,,,,
9,,歷史紀錄,0,2023/04/06,,1,,constant,200+SLv*10,,,,,,,
,,,,,,,,multiplier,900+SLv*10,,,,,,,
9,,歷史紀錄,0,2023/11/09,,2,,condition,發動時距離在8m以上時,,,,,,,
,,,,,,,,,,,,,,,,
8,1,靈魂技能,,,,,,,,,,,,,,
0,復甦,預設,魔導具,,,-,effect,caption,使自身中心半徑16m內的所有角色即刻復活。（復活倒計時歸0）,,2000 ,,須詠唱,無法放入連擊,一般,10-SLv/2
,,,,,,,,type,none,,,,,,,
,,,,,,,,action_frame,122~66,,,,,,,
,,,,,,-,extra,caption,復活後的HP為最大值的${SLv*SLv}%。,,,,,,,
,,,,,,,,condition,受此效果復活的角色,,,,,,,
,,,,,,,,,,,,,,,,
,,,,,,-,list,text,若目標因某種無法被急救的原因死亡（如：無悔殺意），此技能對其無效。,,,,,,,
,,,,,,,,skill,無悔殺意,,,,,,,
,,,,,,-,list,text,此技能不只對同隊成員，而是對隊伍外的玩家、傭兵與寵物皆有效果。,,,,,,,
,,,,,,,,,,,,,,,,
,,,,,,-,list,text,若施放時實際消費MP並非2000（如：在衝擊波後使用），該技能的最終詠唱時間+5秒，無法被CSPD縮短。,,,,,,,
,,,,,,,,,,,,,,,,
,,,,,,,,,,,,,,,,
1,守望相助,預設,魔導具,,,-,text,text,小幅回復自己與8m內的隊友中，HP百分比最低者的HP。,,100 ,,瞬發,可以放入連擊,一般,
,,,,,,,,is_mark,1,,,,,,,
,,,,,,-,tips,text,當自己就是隊伍中HP最低者，或8m內無其他隊友時，會給自己補兩次血。,,,,,,,
,,,,,,-,heal,type,hp,,,,,,,
,,,,,,,,target,target,,,,,,,
,,,,,,,,constant,50*SLv,,,,,,,
,,,,,,,,frequency,2,,,,,,,
,,,,,,,,extra_text,角色MATK,,,,,,,
,,,,,,,,extra_value,0.05*SLv,,,,,,,
,,,,,,,,action_frame,122~66,,,,,,,
2,緊急援助,預設,魔導具,,,-,passive,caption,進行急救時，提升跑到目標對象身邊的移動速度(約提升100%)，移動過程中受到的前${1+Math.floor(SLv/5)}次傷害減輕${10*SLv}%。,,,,被動,,,
,,,,,,,,is_mark,1,,,,,,,
,,,,,,-,list,text,技能等級10時，此技能效果從提供減傷轉變為無敵（受到傷害判定為miss，而非0）。,,,,,,,
,,,,,,,,,,,,,,,,
3,穩定術,預設,魔導具,,,-,effect,name,穩定術,,700 ,,瞬發,可以放入連擊,一般,
,,,,,,,,critical_rate,5+2*SLv+$CRT/8.5,,,,,,,
,,,,,,,,graze_penalty_mitigation,50,%,,,,,,
,,,,,,,,stability_magic,SLv,,,,,,,
,,,,,,,,duration,45,,,,,,,
,,,,,,,,type,party,,,,,,,
,,,,,,,,action_frame,122~66,,,,,,,
,,,,,,-,extra,caption,解除全隊的#[疲勞]狀態。,,,,,,,
,,,,,,,,condition,發動時,,,,,,,
,,,,,,,,,,,,,,,,
,,,,,,-,list,text,關於魔法穩定率提升效果，請詳閱#[魔法穩定率]名詞說明。,,,,,,,
,,,,,,,,mark,"魔法穩定率,魔法穩定浮動值上限",,,,,,,
,,,,,,-,list,text,此技能效果可以使角色的魔法穩定浮動值上限超過110%。,,,,,,,
,,,,,,,,mark,"魔法穩定率,魔法穩定浮動值上限",,,,,,,
,,,,,,-,tips,text,例如，角色原先魔法穩定浮動值上限為110%，造成魔法傷害在90%~110%之間，加上此技能後上限變為${110+SLv}%，造成魔法傷害變成90%~${110+SLv}%。,,,,,,,
,,,,,,-,list,text,此技能的擦傷懲罰緩和效果為：在發生#[Graze]時最終穩定率乘上1.5倍（在懲罰計算之後）。例如原始穩定率為90%，發生Graze時，最終穩定率為((90÷2×150%))%。,,,,,,,
,,,,,,,,mark,擦傷懲罰緩和,,,,,,,
,,,,,,-,tips,text,擦傷懲罰緩和僅有技能等級10的資料。,,,,,,,
,,,,,,-,tips,text,暴擊率加成中CRT/8.5的部分，僅有技能等級Lv10的資料，該部分以受影響角色的CRT計算，而非技能施放者的CRT。,,,,,,,
4,自動裝置,預設,魔導具,,,-,effect,caption,在自身未進行普通攻擊與技能時（例如：移動中），可自動對目標進行普通攻擊。,,100 ,,瞬發,可以放入連擊,一般,
,,,,,,,,is_mark,1,,,,,,,
,,,,,,,,duration,60,,,,,,,
,,,,,,,,action_frame,122~66,,,,,,,
,,,,,,-,proration,damage,normal_attack,,,,,,,
,,,,,,-,damage,name,自動攻擊,,,,,,,
,,,,,,,,constant,0,,,,,,,
,,,,,,,,multiplier,100,,,,,,,
,,,,,,,,damage_type,magic,,,,,,,
,,,,,,,,range_damage,1,,,,,,,
,,,,,,,,combo_rate,0,,,,,,,
,,,,,,-,extra,motion_speed,50,,,,,,,
,,,,,,,,condition,此攻擊的動作,,,,,,,
,,,,,,-,extra,condition,與目標距離>8m時,,,,,,,
,,,,,,,,caption,攻擊間隔時間+${1.5-0.1*SLv}秒，且攻擊MP回復×${5*SLv}%。,,,,,,,
,,,,,,-,list,text,此傷害類似於普通攻擊，攻擊時會回復MP、攻擊間隔與普通攻擊相當，但無法觸發物理/魔法追擊。,,,,,,,
,,,,,,-,list,text,此攻擊的最大射程為12m。,,,,,,,
,,,,,,-,list,text,超出8m時，攻擊模式會更改為每次傷害分裂成3段，傷害不變。,,,,,,,
,,,,,,-,list,text,陷入#[沉默]狀態時，自動攻擊將停止。,,,,,,,
5,增強術,預設,魔導具,,,-,text,text,對隊伍中ATK最高的成員與MATK最高的成員賦予增強術。,,400 ,,瞬發,可以放入連擊,一般,
,,,,,,,,is_mark,1,,,,,,,
,,,,,,,,mark,增強術,,,,,,,
,,,,,,-,tips,text,效果將給予2人，但若ATK最高與MATK最高的成員為同一人時，則僅有1人可獲得。,,,,,,,
,,,,,,-,effect,name,增強術,,,,,,,
,,,,,,,,total_damage_B,SLv,,,,,,,
,,,,,,,,duration,20+10*SLv,,,,,,,
,,,,,,,,type,target,,,,,,,
,,,,,,,,action_frame,122~66,,,,,,,
,,,,,,-,extra,atk,extra[0]*0.05*SLv,,,,,,,
,,,,,,,,condition,若為隊伍中ATK最高者,,,,,,,
,,,,,,-,extra,matk,extra[1]*0.05*SLv,,,,,,,
,,,,,,,,condition,若為隊伍中MATK最高者,,,,,,,
,,,,,,-,formula_extra,texts,"目標DEF,目標MDEF",,,,,,,
,,,,,,,,values.0,target_def,,,,,,,
,,,,,,,,values.1,target_mdef,,,,,,,
,,,,,,,,,,,,,,,,
,,,,,,-,list,text,此處所指的目標DEF/MDEF，為技能發動時受增益對象正鎖定的目標，更換目標將不改變增益量。,,,,,,,
,,,,,,-,list,text,ATK/MATK的增益量上限為目標怪物的等級。,,,,,,,
,,,,,,-,tips,text,最終傷害提升效果對所有傷害類型都有效，例如ATK最高成員使用魔法傷害依然可享受加成。,,,,,,,
6,反擊勢力,預設,魔導具,,,-,text,text,30秒內，當隊伍成員（含自身）受到攻擊時，自動對攻擊者發動反擊魔箭，反擊魔箭最多同時存在3個。,,300 ,,須蓄力,可以放入連擊,稍快,1
,,,,,,,,is_mark,1,,,,,,,
,,,,,,,,mark,反擊魔箭,,,,,,,
,,,,,,-,list,text,隊伍成員需待在自身周圍24m範圍內方可觸發反擊。,,,,,,,
,,,,,,-,proration,proration,none,,,,,,,
,,,,,,,,damage,magic,,,,,,,
,,,,,,-,damage,name,反擊魔箭,,,,,,,
,,,,,,,,constant,75,,,,,,,
,,,,,,,,multiplier,30*SLv+$INT*0.1,,,,,,,
,,,,,,,,damage_type,magic,,,,,,,
,,,,,,,,range_damage,0,,,,,,,
,,,,,,,,skill_long_range,0,,,,,,,
,,,,,,,,combo_rate,0,,,,,,,
,,,,,,,,frequency,4,,,,,,,
,,,,,,,,title,each,,,,,,,
,,,,,,,,is_place,1,,,,,,,
,,,,,,,,action_frame,122~66,,,,,,,
,,,,,,,,,,,,,,,,
,,,,,,,,,,,,,,,,
7,靈魂護盾,預設,魔導具,,,-,effect,caption,消費${30-2*SLv}%HP，回復100MP，並使下一次受到的傷害減輕![50%]、提高對該次傷害的異常抗性${SLv*SLv}%。,,0 ,,瞬發,不可放入連擊的第一招,快,
,,,,,,,,is_mark,1,,,,,,,
,,,,,,,,action_frame,61~37,,,,,,,
,,,,,,-,list,text,HP無法支付技能消耗時，此技能無法施放。,,,,,,,
,,,,,,-,reference,url_text,異常抗性公式來源,,,,,,,
,,,,,,,,url,https://ameblo.jp/toriye/entry-12772327836.html,,,,,,,
8,天外長槍,預設,魔導具,,,-,effect,caption,90秒內，自身每使用500MP，就可額外對鎖定目標造成一次天外長槍攻擊。,,500 ,,須蓄力,可以放入連擊,,2
,,,,,,,,is_mark,1,,,,,,,
,,,,,,,,mark,天外長槍,,,,,,,
,,,,,,-,tips,text,使用後得到一可疊層狀態，每使用100MP疊層數即+1，達5層時發動天外長槍並使層數-5（超出的層數會保留）。,,,,,,,
,,,,,,-,proration,proration,none,,,,,,,
,,,,,,,,damage,magic,,,,,,,
,,,,,,-,damage,name,天外長槍,,,,,,,
,,,,,,,,multiplier,250+50*SLv,,,,,,,
,,,,,,,,constant,500,,,,,,,
,,,,,,,,damage_type,magic,,,,,,,
,,,,,,,,range_damage,1,,,,,,,
,,,,,,,,skill_long_range,0,,,,,,,
,,,,,,,,combo_rate,0,,,,,,,
,,,,,,,,type,AOE,,,,,,,
,,,,,,,,radius,1,,,,,,,
,,,,,,,,action_frame,122~66,,,,,,,
,,,,,,-,extra,magic_pierce,Math.floor((SLv*SLv)/2),,,,,,,
,,,,,,-,list,text,天外長槍的傷害範圍，從決定中心落點到實際造成傷害，有略多於1秒的延遲，故非常容易因目標移動而落空。,,,,,,,
,,,,,,,,mark,天外長槍,,,,,,,
,,,,,,-,list,text,同一時間只能放出一次天外長槍，故即使使用消費MP為2000的技能，也只能放出一發。,,,,,,,
9,魔法火神,預設,魔導具,,,-,text,text,對目標進行連續的魔法火神（單次技能5發，可提前中斷），若未進行移動，則會自動連續發動此技能。,,100 ,12 ,須詠唱,可以放入連擊,快,2
,,,,,,,,is_mark,1,,,,,,,
,,,,,,-,proration,proration,none,,,,,,,
,,,,,,,,damage,magic,,,,,,,
,,,,,,-,damage,name,魔法火神（第一輪）,,,,,,,
,,,,,,,,constant,0,,,,,,,
,,,,,,,,multiplier,50+5*SLv,,,,,,,
,,,,,,,,damage_type,magic,,,,,,,
,,,,,,,,range_damage,1,,,,,,,
,,,,,,,,action_frame,61~37,,,,,,,
,,,,,,-,extra,caption,此傷害將於一秒內連續發動5次（慣性共用、分開判定），每次傷害技能倍率將較前一次提高${SLv*5}，故總倍率為${250+75*SLv}%。,,,,,,,
,,,,,,-,damage,name,魔法火神（第一輪總傷害）,,,,,,,
,,,,,,,,constant,0,,,,,,,
,,,,,,,,multiplier,250+75*SLv,,,,,,,
,,,,,,,,damage_type,magic,,,,,,,
,,,,,,,,range_damage,1,,,,,,,
,,,,,,,,invisible,1,,,,,,,
,,,,,,,,,,,,,,,,
,,,,,,-,list,text,連續發動時，無須重新詠唱，連續發動越多輪，傷害越低。,,,,,,,
,,,,,,-,tips,text,此處將每5次傷害稱作一輪,,,,,,,
,,,,,,-,damage,name,魔法火神（連續發動）,,,,,,,
,,,,,,,,constant,100,,,,,,,
,,,,,,,,multiplier,180+10*SLv,,,,,,,
,,,,,,,,damage_type,magic,,,,,,,
,,,,,,,,frequency,5,,,,,,,
,,,,,,,,title,each,,,,,,,
,,,,,,,,judgment,separate,,,,,,,
,,,,,,,,cycle,0.2,,,,,,,
,,,,,,,,duration,1,,,,,,,
,,,,,,,,range_damage,1,,,,,,,
,,,,,,-,extra,caption,連續發動時，每一輪中每下傷害的技能倍率相較上一輪降低20，最低降至![10%]技能倍率。,,,,,,,
,,,,,,-,stack,name,發動輪次,,,,,,,
,,,,,,,,min,2,,,,,,,
,,,,,,,,default,2,,,,,,,
,,,,,,,,id,1,,,,,,,
,,,,,,,,invisible,1,,,,,,,
,,,,,,-,damage,name,第二輪以後（右上齒輪開啟輪次設定）,,,,,,,
,,,,,,,,constant,100,,,,,,,
,,,,,,,,multiplier,"Math.max(10,180+10*SLv-(stack-2)*20)",,,,,,,
,,,,,,,,damage_type,magic,,,,,,,
,,,,,,,,frequency,5,,,,,,,
,,,,,,,,title,each,,,,,,,
,,,,,,,,judgment,separate,,,,,,,
,,,,,,,,cycle,0.2,,,,,,,
,,,,,,,,duration,1,,,,,,,
,,,,,,,,range_damage,1,,,,,,,
,,,,,,,,stack_id,1,,,,,,,
,,,,,,,,invisible,1,,,,,,,
,,,,,,-,tips,text,即，第三輪倍率為${160+10*SLv}%×5、第四輪倍率為${140+10*SLv}%×5，以此類推。,,,,,,,
,,,,,,-,list,text,每次連續發動，都需消費100MP。,,,,,,,
,,,,,,-,list,text,此技能置於連擊中間時，仍會自動連續發動。以移動中斷此技能後，會接著發動連擊中後續的技能，不會中斷連擊。,,,,,,,
,,,,,,-,list,text,與目標距離超出12m時，傷害會變為miss。,,,,,,,
,,,,,,-,list,text,此技能詠唱時間不受詠唱速度影響。,,,,,,,
10,靈魂強化,預設,魔導具,,,-,passive,caption,"提升各狀態技能的持續時間：
!S[自動裝置]延長${60+6*SLv}秒。
!S[反擊勢力]延長${30+3*SLv}秒。
!S[天外長槍]延長${90+9*SLv}秒。
!S[穩定術]延長${45+4.5*SLv}秒。",,,,被動,,,
11,詛咒祭壇,預設,魔導具,,,-,text,text,使用後有${100}%機率對敵人附加#[詛咒]，持續時間${2+SLv}秒。附加成功後，將對目標造成基於當前HP的持續傷害，總共${SLv}次。,,600 ,12 ,瞬發,可以放入連擊,快,
,,,,,,,,is_mark,1,,,,,,,
,,,,,,-,list,text,對於普通怪物，詛咒傷害：每1秒1次，造成((目標當前HP*10%*(100-目標物理/魔法抗性間較高者)%)),,,,,,,
,,,,,,-,list,text,對於BOSS級怪物，詛咒傷害：每1秒1次，造成((目標當前HP*2%*(100-目標物理/魔法抗性間較高者)%)),,,,,,,
,,,,,,-,list,text,詛咒傷害有穩定率，但其穩定率等於((物理穩定率÷2)) (最大50%)。,,,,,,,
,,,,,,,,,,,,,,,,
,,,,,,,,,,,,,,,,
,,,,,,,,,,,,,,,,
12,點燃,預設,魔導具,,,-,text,text,燃燒敵人的魔力進行攻擊。造成不穩定的魔法傷害，有低概率附加#[衰弱]。自身DEX與靈魂技能樹等級越高，附加成功率越高。,,100 ,12 ,瞬發,可以放入連擊,快,
,,,,,,,,mark,衰弱,,,,,,,
,,,,,,,,is_mark,1,,,,,,,
,,,,,,-,stack,name,靈魂技能樹等級,,,,,,,
,,,,,,,,id,1,,,,,,,
,,,,,,,,min,1,,,,,,,
,,,,,,,,max,5,,,,,,,
,,,,,,,,default,5,,,,,,,
,,,,,,,,,,,,,,,,
,,,,,,-,proration,damage,magic,,,,,,,
,,,,,,-,damage,name,點燃,,,,,,,
,,,,,,,,constant,100,,,,,,,
,,,,,,,,multiplier,"60*SLv+Math.min(600,extra[0]*1+extra[1]*extra[1]/100)+extra[2])",,,,,,,
,,,,,,,,multiplier.display,60*SLv+extra[0]*1+extra[1]*extra[1]/100,,,,,,,
,,,,,,,,damage_type,magic,,,,,,,
,,,,,,,,range_damage,1,,,,,,,
,,,,,,,,stability,60%,,,,,,,
,,,,,,,,ailment_name,衰弱,,,,,,,
,,,,,,,,ailment_chance,2.5*SLv+5*stack+$BDEX/10,,,,,,,
,,,,,,,,stack_id,1,,,,,,,
,,,,,,,,action_frame,61~37,,,,,,,
,,,,,,-,formula_extra,texts,"魔導具武器ATK,魔導具精煉值",,,,,,,
,,,,,,,,values.0,@C.sub.atk*(100+@C.sub.refining*@C.sub.refining)/100,,,,,,,
,,,,,,,,values.1,@C.sub.refining,,,,,,,
,,,,,,-,extra,stability,-60,,,,,,,
,,,,,,-,tips,text,穩定率懲罰是扣物理穩定率，換算到#[魔法穩定率]要減半處理。,,,,,,,
,,,,,,,,,,,,,,,,
13,土龍魔彈,預設,魔導具,,,-,text,text,向敵人發射貼地飛行的魔法彈，命中後造成小範圍傷害，若彈道上有其他敵人，則附加#[停止]並穿身而過。,,300 ,16 ,瞬發,可以放入連擊,快,
,,,,,,,,is_mark,1,,,,,,,
,,,,,,,,,,,,,,,,
,,,,,,-,proration,damage,magic,,,,,,,
,,,,,,-,damage,name,土龍魔彈,,,,,,,
,,,,,,,,constant,300,,,,,,,
,,,,,,,,multiplier,350+35*SLv+$BINT*0.5+$BDEX*0.5,,,,,,,
,,,,,,,,damage_type,magic,,,,,,,
,,,,,,,,range_damage,1,,,,,,,
,,,,,,,,long_range_damage,0,,,,,,,
,,,,,,,,type,AOE,,,,,,,
,,,,,,,,radius,0.5,,,,,,,
,,,,,,-,extra,caption,未被敵方鎖定且距離8米以上時，#[必定暴擊]。,,,,,,,
,,,,,,-,extra,caption,有100%機率附加#[停止]，但不會造成傷害或改變慣性。,,,,,,,
,,,,,,,,condition,對彈道上其他敵人,,,,,,,
,,,,,,-,list,text,此技能雖然吃距離傷害，但不受!S[遠程狙擊]影響。,,,,,,,
14,虛幻武裝,預設,魔導具,,,-,text,text,揮動用魔力生成的武器，隨機施展下列技能之一（傷害與原版技能不同），AGI與DEX越高，威力越高。,,600 ,12 ,瞬發,可以放入連擊,快,
,,,,,,,,is_mark,1,,,,,,,
,,,,,,,,mark,AGI，DEX,,,,,,,
,,,,,,,,,,,,,,,,
,,,,,,-,tips,text,月神災厄,,,,,,,
,,,,,,-,group,size,2,,,,,,,
,,,,,,-,proration,damage,magic,,,,,,,
,,,,,,-,damage,name,月神災厄,,,,,,,
,,,,,,,,constant,6*SLv*SLv,,,,,,,
,,,,,,,,multiplier,750+$AGI+$DEX,,,,,,,
,,,,,,,,damage_type,magic,,,,,,,
,,,,,,,,range_damage,1,,,,,,,
,,,,,,-,extra,caption,與原版類似，可以按後方向鍵在技能結束後瞬移至後方，但不會留下月光之刃的持續傷害領域。,,,,,,,
,,,,,,-,tips,text,退身擊,,,,,,,
,,,,,,-,group,size,2,,,,,,,
,,,,,,-,proration,damage,magic,,,,,,,
,,,,,,-,damage,name,退身擊,,,,,,,
,,,,,,,,constant,6*SLv*SLv,,,,,,,
,,,,,,,,multiplier,750+$AGI+$DEX,,,,,,,
,,,,,,,,damage_type,magic,,,,,,,
,,,,,,,,range_damage,1,,,,,,,
,,,,,,-,extra,caption,與原版一樣，會後退的同時將一次傷害變為0，可按住前方向鍵取消後退效果（減傷效果仍在）。,,,,,,,
,,,,,,-,tips,text,龍力充填,,,,,,,
,,,,,,-,group,size,2,,,,,,,
,,,,,,-,proration,damage,magic,,,,,,,
,,,,,,-,damage,name,龍力充填,,,,,,,
,,,,,,,,constant,450*(SLv*SLv)/100,,,,,,,
,,,,,,,,multiplier,(750+$AGI+$DEX)*3/4,,,,,,,
,,,,,,,,damage_type,magic,,,,,,,
,,,,,,,,range_damage,1,,,,,,,
,,,,,,-,extra,caption,與原版一樣，造成一次衝刺傷害與一次扇形範圍傷害、距離目標超過7m，第一擊會丟失。,,,,,,,
,,,,,,,,,,,,,,,,
,,,,,,-,tips,text,霞雪月花,,,,,,,
,,,,,,-,group,size,3,,,,,,,
,,,,,,-,proration,damage,magic,,,,,,,
,,,,,,-,damage,name,霞雪月花(前四擊),,,,,,,
,,,,,,,,constant,150*(SLv*SLv)/100,,,,,,,
,,,,,,,,multiplier,(750+$AGI+$DEX)/4,,,,,,,
,,,,,,,,frequency,4,,,,,,,
,,,,,,,,damage_type,magic,,,,,,,
,,,,,,,,range_damage,1,,,,,,,
,,,,,,-,damage,name,霞雪月花(最終擊),,,,,,,
,,,,,,,,constant,450*(SLv*SLv)/100,,,,,,,
,,,,,,,,multiplier,(750+$AGI+$DEX)*3/4,,,,,,,
,,,,,,,,damage_type,magic,,,,,,,
,,,,,,,,range_damage,1,,,,,,,
,,,,,,,,,,,,,,,,
,,,,,,-,tips,text,月弧斬,,,,,,,
,,,,,,-,group,size,3,,,,,,,
,,,,,,-,proration,damage,magic,,,,,,,
,,,,,,-,damage,name,月弧斬,,,,,,,
,,,,,,,,constant,4.5*SLv*SLv,,,,,,,
,,,,,,,,multiplier,(750+$AGI+$DEX)*0.75,,,,,,,
,,,,,,,,damage_type,magic,,,,,,,
,,,,,,,,range_damage,1,,,,,,,
,,,,,,-,extra,caption,此傷害#[必定暴擊]。,,,,,,,
,,,,,,-,damage,name,月弧斬（追擊）,,,,,,,
,,,,,,,,constant,1.5*SLv*SLv,,,,,,,
,,,,,,,,multiplier,(750+$AGI+$DEX)/4,,,,,,,
,,,,,,,,damage_type,magic,,,,,,,
,,,,,,,,range_damage,1,,,,,,,
,,,,,,-,extra,caption,此傷害#[必定暴擊]。,,,,,,,
15,魔刃收割,預設,魔導具,,,-,text,text,使用後獲得累積魔法刃的能力，技能命中時累積魔刃層數（上限99），持有魔刃層數時，魔刃會圍繞自身並傷害碰觸到的敵人（魔刃最多同時存在5個）。再次使用技能時，MP消耗變為100，將展開中的魔刃發射。,,400 ,,瞬發,可以放入連擊,快,
,,,,,,,,is_mark,1,,,,,,,
,,,,,,,,mark,"魔刃層數,魔刃發射",,,,,,,
,,,,,,-,list,text,每次使用攻擊技能命中，隱藏計數器會+${SLv}，一個技能最多疊1次，計數器達10時增加一層魔刃層數。（相當於每次攻擊增加${0.1*SLv}層）,,,,,,,
,,,,,,,,mark,"魔刃層數,魔刃發射",,,,,,,
,,,,,,-,stack,name,魔刃存在數量,,,,,,,
,,,,,,,,id,1,,,,,,,
,,,,,,,,min,0,,,,,,,
,,,,,,,,max,5,,,,,,,
,,,,,,,,default,0,,,,,,,
,,,,,,-,proration,damage,magic,,,,,,,
,,,,,,,,proration,none,,,,,,,
,,,,,,-,damage,name,魔刃接觸傷害,,,,,,,
,,,,,,,,constant,$BAGI/(10-0.5*SLv),,,,,,,
,,,,,,,,multiplier,10+$AGI/(20-SLv),,,,,,,
,,,,,,,,damage_type,magic,,,,,,,
,,,,,,,,cycle,4,,,,,,,
,,,,,,,,range_damage,short,,,,,,,
,,,,,,,,long_range_damage,0,,,,,,,
,,,,,,-,extra,condition,額外說明,,,,,,,
,,,,,,,,caption,魔刃在距自身2.5m的軌道上旋轉，魔刃的傷害半徑是1m，也就是會對距自身1.5~3.5m的敵人造成接觸傷害。,,,,,,,
,,,,,,-,extra,condition,額外說明,,,,,,,
,,,,,,,,caption,魔刃轉一圈用時4秒，多個魔刃平均分散在軌道上。,,,,,,,
,,,,,,-,space,#,,,,,,,,
,,,,,,-,proration,damage,magic,,,,,,,
,,,,,,-,damage,name,魔刃發射,,,,,,,
,,,,,,,,constant,100,,,,,,,
,,,,,,,,multiplier,200+$BINT/5,,,,,,,
,,,,,,,,stack_id,1,,,,,,,
,,,,,,,,damage_type,magic,,,,,,,
,,,,,,,,range_damage,short,,,,,,,
,,,,,,,,long_range_damage,0,,,,,,,
,,,,,,,,frequency,stack,,,,,,,
,,,,,,,,title,each,,,,,,,
,,,,,,,,judgment,separate,,,,,,,
,,,,,,-,extra,condition,額外說明,,,,,,,
,,,,,,,,caption,此技能射程16m。,,,,,,,
,,,,,,-,list,text,若自身被#[翻覆]，已有魔刃層數減半；若自身#[昏厥]，已有魔刃層數全部丟失。,,,,,,,
,,,,,,,,mark,魔刃層數,,,,,,,
16,生命的光輝,預設,魔導具,,,-,text,text,對敵人施加5秒的生命爆破，效果時間結束後將引發爆炸，造成傷害。,,400 ,12 ,瞬發,無法放入連擊,快,
,,,,,,,,is_mark,1,,,,,,,
,,,,,,,,mark,生命爆破,,,,,,,
,,,,,,,,,,,,,,,,
,,,,,,-,effect,name,生命爆破,,,,,,,
,,,,,,,,duration,5,,,,,,,
,,,,,,,,caption,友方全員，對此目標使用攻擊技能時，每消耗1MP，會轉化為1點生命能量(隱藏數值)，效果時間結束時，造成血爆傷害。,,,,,,,
,,,,,,,,type,target,,,,,,,
,,,,,,,,mark,"生命能量,血爆",,,,,,,
,,,,,,-,extra,condition,友方全員攻擊此目標時,,,,,,,
,,,,,,,,attack_mp_recovery,SLv,,,,,,,
,,,,,,-,tips,text,公會戰時其他隊伍，也計入友方全員的範圍內。,,,,,,,
,,,,,,-,tips,text,倒數結束前重複施加此狀態，生命能量計數重置。,,,,,,,
,,,,,,,,,,,,,,,,
,,,,,,,,,,,,,,,,
,,,,,,,,,,,,,,,,
,,,,,,,,,,,,,,,,
,,,,,,-,proration,damage,magic,,,,,,,
,,,,,,-,damage,name,血爆,,,,,,,
,,,,,,,,constant,400,,,,,,,
,,,,,,,,multiplier,1000+100*SLv,,,,,,,
,,,,,,,,range_damage,0,,,,,,,
,,,,,,,,element,against,,,,,,,
,,,,,,,,combo_rate,0,,,,,,,
,,,,,,,,damage_type,magic,,,,,,,
,,,,,,-,extra,caption,此傷害無法暴擊、無法被阻擋與閃躲。,,,,,,,
,,,,,,-,extra,caption,回復7m內隊伍成員${1000*SLv}HP，回復上限為對目標造成的傷害。,,,,,,,
,,,,,,-,base,type,custom,,,,,,,
,,,,,,,,title,累積生命能量,,,,,,,
,,,,,,,,caption,使用累積的生命能量作為MATK，然後依通常傷害公式計算，採計目標MDEF、魔法抗性。,,,,,,,
,,,,,,-,list,text,此傷害雖然不受連擊效果影響，但托環「無之架式」有效。,,,,,,,
,,,,,,,,,,,,,,,,
1,0,強化技能,,,,,,,,,,,,,,
0,1,防衛技能,,,,,,,,,,,,,,
0,重防具要領,預設,,,重量化,1,passive,guard_regenerate,SLv,,,,被動,,,
0,,歷史紀錄,0,2020/04/16,,-,text,text,閃躲阻擋系統全面變更，阻擋率變更為阻擋回復。,,,,,,,
,,,,,,1,,guard_regenerate,0,,,,,,,
,,,,,,,,guard_rate,SLv,,,,,,,
1,進階阻擋,預設,,,重量化,1,passive,guard_regenerate,SLv,,,,被動,,,
,,,,,,,,guard_power,Math.floor(SLv/2+0.5),,,,,,,
1,,歷史紀錄,0,2020/04/16,,-,text,text,閃躲阻擋系統全面變更，阻擋率變更為阻擋回復。,,,,,,,
,,,,,,1,,guard_regenerate,0,,,,,,,
,,,,,,,,guard_rate,SLv,,,,,,,
2,物理防禦,預設,,,,-,passive,caption,自身HP低於![50%]時，進行阻擋附帶之#[異常抗性]變為2倍。,,,,被動,,,
,,,,,,,,mark,阻擋,,,,,,,
,,,,,,-,list,text,阻擋所附帶之異常抗性，數值為((當前剩餘阻擋性能÷100))%。此數值與玩家能力、裝備提供的異常抗性不疊加，兩者僅取較高的一方作用。,,,,,,,
,,,,,,,,mark,異常抗性,,,,,,,
,,,,,,-,tips,text,「阻擋性能」是在「設定」中可看到的詳細數值（應為4~5位數），非畫面上顯示的值。,,,,,,,
,,,,,,,,mark,阻擋性能,,,,,,,
,,,,,,-,list,text,僅有技能等級Lv10時的數據，技能等級較低時，需要更低的HP比例才可觸發效果。,,,,,,,
,,,,,,-,reference,url,https://forum.gamer.com.tw/C.php?bsn=28271&snA=9412&page=1&gothis=34873#34873,,,,,,,
,,,,,,,,url_text,阻擋附加異常抗性的測試,,,,,,,
3,輕防具要領,預設,,,輕量化,1,passive,evasion_regenerate,SLv,,,,被動,,,
3,,歷史紀錄,0,2020/04/16,,-,text,text,閃躲阻擋系統全面變更，閃躲率變更為閃躲回復。,,,,,,,
,,,,,,1,,evasion_regenerate,0,,,,,,,
,,,,,,,,evasion_rate,SLv,,,,,,,
4,進階閃躲,預設,,,輕量化,1,passive,evasion_regenerate,SLv,,,,被動,,,
4,,歷史紀錄,0,2020/04/16,,-,text,text,閃躲阻擋系統全面變更，閃躲率變更為閃躲回復。,,,,,,,
,,,,,,1,,evasion_regenerate,0,,,,,,,
,,,,,,,,evasion_rate,SLv,,,,,,,
5,幻象迷蹤,預設,,,,-,passive,caption,學習後，可在蓄力或詠唱期間進行閃躲。此效果無法連續發動，須等待${20-SLv}秒，才可再次使用。,,,,被動,,,
,,,,,,-,tips,text,使用後會得到一狀態，在狀態結束前無法再次發動。,,,,,,,
,,,,,,,,,,,,,,,,
,,,,,,,,,,,,,,,,
1,1,防護技能,,,,,,,,,,,,,,
0,盾牌要領,預設,,盾牌,,-,passive,aspd,5*SLv,%,,,被動,,,
,,,,,,-,tips,text,原先裝備盾牌時攻擊速度-50%，此技能將可抵銷副作用。,,,,,,,
1,重盾擊,預設,,盾牌,,-,proration,damage,physical,,100 ,3 ,瞬發,可以放入連擊,稍快,
,,,,,,-,damage,constant,50+SLv*5,,,,,,,
,,,,,,,,multiplier,SLv*1.5,,,,,,,
,,,,,,,,ailment_name,昏厥,,,,,,,
,,,,,,,,ailment_chance,75+2.5*SLv,,,,,,,
,,,,,,,,range_damage,1,,,,,,,
,,,,,,,,action_frame,92~52,,,,,,,
2,飛盾,預設,,盾牌,,1,text,text,丟擲盾牌，給敵人造成飛盾擊；若該次攻擊可成功附加#[昏厥]，技能轉變為飛盾重擊，將自身的VIT與盾牌精鍊值加強到攻擊上。,,200 ,5+SLv*1.5,瞬發,可以放入連擊,稍快,
,,,,,,,,branch,"飛盾擊, 飛盾重擊",,,,,,,
,,,,,,,,is_mark,1,,,,,,,
,,,,,,-,stack,name,盾牌精鍊值,,,,,,,
,,,,,,,,min,0,,,,,,,
,,,,,,,,max,15,,,,,,,
,,,,,,,,default,15,,,,,,,
,,,,,,,,id,1,,,,,,,
,,,,,,,,postpone,1,,,,,,,
,,,,,,,,value,@C.shield.refining,,,,,,,
,,,,,,-,proration,damage,physical,,,,,,,
,,,,,,-,damage,constant,100+SLv*10,,,,,,,
,,,,,,,,multiplier,50+SLv*10,,,,,,,
,,,,,,,,element,light,,,,,,,
,,,,,,,,ailment_name,昏厥,,,,,,,
,,,,,,,,ailment_chance,SLv*10,,,,,,,
,,,,,,,,name,飛盾擊,,,,,,,
,,,,,,,,range_damage,1,,,,,,,
,,,,,,,,action_frame,61~37,,,,,,,
,,,,,,-,damage,constant,100+SLv*10+$BVIT*(Math.floor(stack/3)+1),,,,,,,
,,,,,,,,multiplier,"(50+SLv*10)*Math.max(1,stack)",,,,,,,
,,,,,,,,element,light,,,,,,,
,,,,,,,,ailment_name,昏厥,,,,,,,
,,,,,,,,ailment_chance,SLv*10,,,,,,,
,,,,,,,,name,飛盾重擊,,,,,,,
,,,,,,,,range_damage,1,,,,,,,
,,,,,,,,stack_id,1,,,,,,,
,,,,,,,,action_frame,61~37,,,,,,,
2,,歷史紀錄,0,2019/06/24,,-,text,text,附加昏厥成功時會造成額外傷害。,,,,,,,
,,,,,,1,,text,丟擲盾牌，給敵人造成飛盾擊。,,,,,,,
3,傷害反彈,預設,,盾牌,,-,text,text,習得此技能後，受到傷害並觸發阻擋時，將發動阻擋反擊。,,,,被動,,,
,,,,,,,,branch,阻擋反擊,,,,,,,
,,,,,,,,is_mark,1,,,,,,,
,,,,,,2,proration,damage,physical,,,,,,,
,,,,,,,,proration,none,,,,,,,
,,,,,,1,damage,name,阻擋反擊,,,,,,,
,,,,,,,,constant,SLv*10+$shield_refining*60,,,,,,,
,,,,,,,,multiplier,SLv*10+$guard_power/100,,,,,,,
,,,,,,-,list,text,此處的阻擋性能為在「設定」裡所顯示的數值單位，應為4~5位數。,,,,,,,
3,,非預設,,,,1,damage,constant,SLv*10,,,,,,,
,,,,,,,,multiplier,SLv*10,,,,,,,
,,,,,,-,tips,text,未習得此技能時，阻擋時只會暫時中斷動作，並重置普通攻擊。,,,,,,,
3,,歷史紀錄,0,2020/04/16,,-,text,text,造成慣性調整為無慣性。,,,,,,,
,,,,,,2,,proration,physical,,,,,,,
3,,歷史紀錄,1,2020/04/16,,-,text,text,造成慣性調整為無慣性。,,,,,,,
,,,,,,2,,proration,physical,,,,,,,
4,防護盾甲,預設,,盾牌,,-,passive,def,SLv*2,,,,被動,,,
,,,,,,,,def,SLv*1,%,,,,,,
,,,,,,,,max_hp,SLv*50,,,,,,,
,,,,,,,,physical_resistance,SLv,,,,,,,
5,防魔盾甲,預設,,盾牌,,-,passive,mdef,SLv*2,,,,被動,,,
,,,,,,,,mdef,SLv*1,%,,,,,,
,,,,,,,,max_hp,SLv*50,,,,,,,
,,,,,,,,magic_resistance,SLv,,,,,,,
6,防禦界限,預設,,盾牌,,1,effect,type,party,,100 ,,瞬發,可以放入連擊,慢,
,,,,,,,,physical_resistance,5*(3+Math.floor(SLv/(10/3))),,,,,,,
,,,,,,,,magic_resistance,-30+5*Math.floor(SLv/(10/3)),,,,,,,
,,,,,,,,duration,SLv*60,,,,,,,
,,,,,,,,action_frame,171~97,,,,,,,
6,,非預設,,,,,,,,,300 ,,,,,
7,魔法庇護,預設,,盾牌,,1,effect,type,party,,100 ,,瞬發,可以放入連擊,慢,
,,,,,,,,magic_resistance,5*(3+Math.floor(SLv/(10/3))),,,,,,,
,,,,,,,,physical_resistance,-30+5*Math.floor(SLv/(10/3)),,,,,,,
,,,,,,,,duration,SLv*60,,,,,,,
,,,,,,,,action_frame,171~97,,,,,,,
7,,非預設,,,,,,,,,300 ,,,,,
8,移花接木,預設,,盾牌,,-,text,text,產生一庇護光環，光環內除自己以外的友軍受到庇護，並使自己進入守備狀態，受庇護的對象越多守備的效果就越強。,,600 ,,瞬發,可以放入連擊,慢,
,,,,,,,,branch,"庇護, 守備",,,,,,,
,,,,,,,,is_mark,1,,,,,,,
,,,,,,-,stack,id,1,,,,,,,
,,,,,,,,name,盾牌精鍊值,,,,,,,
,,,,,,,,min,0,,,,,,,
,,,,,,,,max,15,,,,,,,
,,,,,,,,default,15,,,,,,,
,,,,,,,,postpone,1,,,,,,,
,,,,,,,,value,@C.shield.refining,,,,,,,
,,,,,,-,effect,name,庇護,,,,,,,
,,,,,,,,type,aura,,,,,,,
,,,,,,,,condition,在光環範圍內的友軍,,,,,,,
,,,,,,,,radius,1+SLv*0.5,,,,,,,
,,,,,,,,attack_mp_recovery,5+SLv,,,,,,,
,,,,,,,,aggro,-40-SLv*2-stack*2,~,,,,,,
,,,,,,,,duration,"30+SLv*10+Math.max(0,SLv-5)*10",,,,,,,
,,,,,,,,stack_id,1,,,,,,,
,,,,,,,,action_frame,171~97,,,,,,,
,,,,,,-,extra,caption,受到的傷害減少${20+1.5*SLv+stack}%。,,,,,,,
,,,,,,-,tips,text,庇護對自己不產生效果。,,,,,,,
,,,,,,-,stack,id,0,,,,,,,
,,,,,,,,min,0,,,,,,,
,,,,,,,,max,3,,,,,,,
,,,,,,,,unit,人,,,,,,,
,,,,,,,,name,受庇護的友軍數量,,,,,,,
,,,,,,-,effect,guard_regenerate,15+stack[1],,,,,,,
,,,,,,,,attack_mp_recovery,(5+SLv)*stack[0],,,,,,,
,,,,,,,,atk,(-20+1.5*SLv)*stack[0],%,,,,,,
,,,,,,,,matk,(-30+2*SLv)*stack[0],%,,,,,,
,,,,,,,,aggro,(40+SLv*2+stack[1]*2)*stack[0],~,,,,,,
,,,,,,,,stack_id,"0,1",,,,,,,
,,,,,,,,condition,none,,,,,,,
,,,,,,,,name,守備,,,,,,,
,,,,,,-,extra,caption,"每3秒對所有目標產生${5+(32+stack[1]+Math.max(0,stack[1]-12))*0.1*stack[0]}的額外仇恨值。",,,,,,,
,,,,,,-,tips,text,額外仇恨值不受仇恨值%影響。,,,,,,,
,,,,,,-,list,text,此技能提供的是最終仇恨值，與裝備、其他技能提供的常規恨意值減免效果為疊乘而非疊加。,,,,,,,
,,,,,,,,mark,"庇護,最終仇恨值",,,,,,,
,,,,,,-,list,text,並且對於不受恨意值增減效果影響的仇恨，諸如挑釁、詠唱法術/終結時的固定仇恨等，也能造成影響。,,,,,,,
,,,,,,,,skill,"挑釁,法術/終結",,,,,,,
,,,,,,-,tips,text,自身與隊友同時施放移花接木時的計算,,,,,,,
,,,,,,-,group,size,2,,,,,,,
,,,,,,-,list,text,若隊伍中有兩人(或以上)同時施放移花接木並同時處在技能範圍內時，兩人都不享受對方的庇護效果、並且仇恨值計算將發生變化。,,,,,,,
,,,,,,,,mark,"庇護,守備",,,,,,,
,,,,,,-,list,text,若兩人技能等級相同，則兩方皆會得到「造成的最終仇恨值+${40+SLv*2+$shield_refining*2}%」的效果。（其中的盾精鍊值為自己的盾）,,,,,,,
,,,,,,-,list,text,若兩人技能等級不同，則只有技能等級較高的一方獲得最終仇恨加成，技能等級較低的一方則變為最終仇恨降低，提高量與降低量根據技能等級較高的一方的盾精鍊值。,,,,,,,
,,,,,,,,,,,,,,,,
,,,,,,-,reference,url,https://www.youtube.com/watch?v=38C8513vj54&ab_channel=JojiTorai,,,,,,,
,,,,,,,,url_text,仇恨機制解析影片,,,,,,,
,,,,,,,,,,,,,,,,
,,,,,,,,,,,,,,,,
9,上擊盾,預設,,盾牌,,-,proration,damage,physical,,100 ,4 ,瞬發,可以放入連擊,,
,,,,,,-,damage,constant,100,,,,,,,
,,,,,,,,multiplier,15*SLv,,,,,,,
,,,,,,,,ailment_name,翻覆,,,,,,,
,,,,,,,,ailment_chance,10*SLv,,,,,,,
,,,,,,,,action_frame,92~52,,,,,,,
,,,,,,,,range_damage,1,,,,,,,
,,,,,,,,name,上擊盾,,,,,,,
,,,,,,-,extra,condition,動作期間,,,,,,,
,,,,,,,,caption,自動維持手動阻擋狀態。,,,,,,,
,,,,,,-,extra,condition,動作期間,,,,,,,
,,,,,,,,caption,受到的所有傷害減輕${Math.floor(39+SLv*3+$shield_refining*SLv/5)}%。,,,,,,,
,,,,,,-,list,text,當該次傷害可成功造成#[翻覆]時，此技能傷害獲得強化。,,,,,,,
,,,,,,,,,,,,,,,,
,,,,,,-,damage,constant,100,,,,,,,
,,,,,,,,multiplier,15*SLv+SLv*$shield_refining,,,,,,,
,,,,,,,,ailment_name,翻覆,,,,,,,
,,,,,,,,ailment_chance,10*SLv,,,,,,,
,,,,,,,,action_frame,92~52,,,,,,,
,,,,,,,,range_damage,1,,,,,,,
,,,,,,,,name,上擊盾（強化）,,,,,,,
,,,,,,-,extra,condition,動作期間,,,,,,,
,,,,,,,,caption,自動維持手動阻擋狀態。,,,,,,,
,,,,,,-,extra,condition,動作期間,,,,,,,
,,,,,,,,caption,受到的所有傷害減輕${Math.floor(39+SLv*3+$shield_refining*SLv/5)}%。,,,,,,,
,,,,,,-,list,text,此技能造成的#[翻覆]抵抗時間，較其他同類型技能長，約為20秒。,,,,,,,
10,成雙之盾,預設/and,,盾牌,重量化,-,text,text,施展此技能後，進入雙盾狀態，雙盾狀態下將使普攻動作改變，無法與其他改變普攻動作類的技能並存。,,300 ,,瞬發,可以放入連擊,,
,,,,,,,,branch,雙盾,,,,,,,
,,,,,,,,is_mark,1,,,,,,,
,,,,,,-,stack,name,盾牌精鍊值,,,,,,,
,,,,,,,,min,0,,,,,,,
,,,,,,,,max,15,,,,,,,
,,,,,,,,default,15,,,,,,,
,,,,,,,,id,1,,,,,,,
,,,,,,,,postpone,1,,,,,,,
,,,,,,,,value,@C.shield.refining,,,,,,,
,,,,,,-,effect,name,雙盾,,,,,,,
,,,,,,,,action_frame,122~66,,,,,,,
,,,,,,,,duration,10+SLv*2+stack,,,,,,,
,,,,,,,,stack_id,1,,,,,,,
,,,,,,,,aspd,-150+10*SLv+2*stack,%,,,,,,
,,,,,,,,accuracy,10*SLv+extra[0],,,,,,,
,,,,,,,,,,,,,,,,
,,,,,,,,,,,,,,,,
,,,,,,-,extra,caption,使普通攻擊轉變為雙盾攻擊。,,,,,,,
,,,,,,-,extra,caption,狀態期間，始終維持#[手動阻擋][阻擋（玩家）]狀態。（須將阻檔操作方式設為手動）,,,,,,,
,,,,,,-,extra,caption,#[阻擋][阻擋（玩家）]時消耗的阻檔力減半。,,,,,,,
,,,,,,1,extra,condition,防具類型為重裝化時,,,,,,,
,,,,,,,,caption,普通攻擊的間隔時間變為0，並使#[阻擋][阻擋（玩家）]的有效範圍從僅限正面攻擊變為全範圍。,,,,,,,
,,,,,,-,formula_extra,texts,盾牌DEF,,,,,,,
,,,,,,,,value.0,@C.sub.atk,,,,,,,
,,,,,,-,list,text,此技能維持#[阻擋][阻擋（玩家）]狀態時，不會使阻檔力停止回復。,,,,,,,
,,,,,,,,,,,,,,,,
,,,,,,-,proration,damage,normal_attack,,,,,,,
,,,,,,-,damage,name,雙盾攻擊,,,,,,,
,,,,,,,,constant,0,,,,,,,
,,,,,,,,multiplier,100+SLv*10+$BVIT*0.2,,,,,,,
,,,,,,,,frequency,3,,,,,,,
,,,,,,,,action_frame,122~66,,,,,,,
,,,,,,,,range_damage,1,,,,,,,
,,,,,,-,list,text,雙盾攻擊期間，可使用部分技能(如:完善守備)來中斷攻擊動作。只要第一擊命中，便會正常造成慣性與攻回。,,,,,,,
,,,,,,,,mark,雙盾攻擊,,,,,,,
,,,,,,,,skill,完善守備,,,,,,,
,,,,,,-,list,text,雙盾攻擊的攻擊射程跟隨主武器，但射程最大不會超過3m。,,,,,,,
,,,,,,,,mark,雙盾攻擊,,,,,,,
,,,,,,-,tips,text,強射的發動距離不受影響。,,,,,,,
,,,,,,,,skill,強射,,,,,,,
,,,,,,-,list,text,阻擋不可用時（阻擋力變為0或進入#[降防]狀態時），雙盾狀態立刻失效。,,,,,,,
,,,,,,-,list,text,此技能與圍攻一同放入連擊，會使連擊失效，可能為BUG。,,,,,,,
,,,,,,,,skill,圍攻,,,,,,,
10,,非預設,,盾牌,,1,,,,,,,,,,
,,,,,,,,,,,,,,,,
11,護盾修復,預設,,盾牌,,-,text,text,施放此技能後，立即回復部分已消耗的#[阻檔力][阻擋（玩家）]，並回復少量MP。修復的阻檔力越多、回復MP越多。,,200 ,,須蓄力,可以放入連擊,,1
,,,,,,,,is_mark,1,,,,,,,
,,,,,,-,effect,name,護盾修復,,,,,,,
,,,,,,,,caption,回復${10+SLv*4}%當前已損失阻檔力。,,,,,,,
,,,,,,,,action_frame,111~66,,,,,,,
,,,,,,-,extra,caption,回復((20+實際回復的阻檔力數值×${5+SLv/2}))點的MP。,,,,,,,
,,,,,,-,list,text,此技能蓄力時間不受詠唱速度影響。,,,,,,,
,,,,,,-,tips,text,回復MP仍有錯誤，約為估計值。,,,,,,,
11,,歷史紀錄,0,2023/11/09,,139,basic,casting_time,2,,,,,,,
,,,,,,,,,,,,,,,,
12,圍攻,預設/and,,盾牌,重量化,-,text,text,僅在雙盾狀態下才可施放，以鎖定目標為中心進行兩次雙盾飛斬，並結束雙盾狀態。當目標處於無法行動狀態時，此技能傷害獲得強化。,,600 ,12 ,瞬發,可以放入連擊,,
,,,,,,,,is_mark,1,,,,,,,
,,,,,,,,mark,"雙盾飛斬,雙盾",,,,,,,
,,,,,,-,tips,text,此處的無法行動狀態，指#[昏厥]、#[翻覆]、#[膽怯]。,,,,,,,
,,,,,,-,stack,name,盾牌精鍊值,,,,,,,
,,,,,,,,min,0,,,,,,,
,,,,,,,,max,15,,,,,,,
,,,,,,,,default,15,,,,,,,
,,,,,,,,id,1,,,,,,,
,,,,,,,,postpone,1,,,,,,,
,,,,,,,,value,@C.shield.refining,,,,,,,
,,,,,,-,proration,damage,physical,,,,,,,
,,,,,,10,damage,name,雙盾飛斬,,,,,,,
,,,,,,,,constant,100+10*SLv,,,,,,,
,,,,,,,,multiplier,400+35*SLv,,,,,,,
,,,,,,,,frequency,2,,,,,,,
,,,,,,,,action_frame,61~37,,,,,,,
,,,,,,,,title,each,,,,,,,
,,,,,,,,judgment,separate,,,,,,,
,,,,,,,,range_damage,1,,,,,,,
,,,,,,,,type,AOE,,,,,,,
,,,,,,,,radius,4,,,,,,,
,,,,,,11,damage,name,雙盾飛斬（強化）,,,,,,,
,,,,,,,,constant,100+10*SLv+$BVIT*(1+Math.floor(stack/5)),,,,,,,
,,,,,,,,multiplier,600+52.5*SLv,,,,,,,
,,,,,,,,frequency,2,,,,,,,
,,,,,,,,action_frame,61~37,,,,,,,
,,,,,,,,title,each,,,,,,,
,,,,,,,,judgment,separate,,,,,,,
,,,,,,,,range_damage,1,,,,,,,
,,,,,,,,type,AOE,,,,,,,
,,,,,,,,radius,4,,,,,,,
,,,,,,,,stack_id,1,,,,,,,
,,,,,,3,list,text,裝備重裝化防具時，對範圍內目標附加減益（無須成功命中、且所有攻擊該目標的我方均可享受以下效果）：,,,,,,,
,,,,,,,,mark,重裝化防具,,,,,,,
,,,,,,1,effect,condition,裝備重裝化防具時,,,,,,,
,,,,,,,,duration,15,,,,,,,
,,,,,,,,caption,使被命中目標的暴擊抗性降低${SLv}。,,,,,,,
,,,,,,,,type,party,,,,,,,
,,,,,,2,extra,condition,目標處於無法行動狀態時,,,,,,,
,,,,,,,,attack_mp_recovery,2*SLv,,,,,,,
,,,,,,,,total_damage_B,SLv/2,,,,,,,
,,,,,,4,list,text,著重裝防具、且目標無法行動時，此技能第一段傷害即會對目標施加減益，第二段傷害即可享受到最終傷害加成效果（一層）。,,,,,,,
,,,,,,5,list,text,每下圍攻的傷害都會附加一次減益，且效果可疊加(最多二層)，故兩次傷害皆命中時效果會翻倍。,,,,,,,
,,,,,,,,,,,,,,,,
12,,非預設,,盾牌,,1,,,,,,,,,,
,,,,,,2,,,,,,,,,,
,,,,,,3,,,,,,,,,,
,,,,,,4,,,,,,,,,,
,,,,,,5,,,,,,,,,,
12,,歷史紀錄,0,2023/11/09,,-,,,,,,,,,,
,,,,,,10,,multiplier,400+10*SLv,,,,,,,
,,,,,,11,,multiplier,600+15*SLv,,,,,,,
,,,,,,1,,duration,10,,,,,,,
12,,歷史紀錄,0,2024/04/18,,10,,range_damage,0,,,,,,,
,,,,,,11,,range_damage,0,,,,,,,
2,1,刀術技能,,,,,,,,,,,,,,
0,飛刃,預設,,小刀,,-,proration,damage,physical,,100-Math.floor(SLv/10)*100,12 ,瞬發,不可放入連擊的第一招,快,
,,,,,,-,damage,constant,0,,,,,,,
,,,,,,,,multiplier,10+SLv*4,,,,,,,
,,,,,,,,extra_constant,extra[0],,,,,,,
,,,,,,,,range_damage,1,,,,,,,
,,,,,,,,action_frame,61~37,,,,,,,
,,,,,,-,formula_extra,texts,小刀ATK,,,,,,,
,,,,,,,,values.0,dagger_atk,,,,,,,
,,,,,,1,list,text,技能等級10時，此技能不消耗MP，且慣性類型改為一般攻擊。,,,,,,,
,,,,,,-,list,text,此技能傷害計算式中，小刀ATK的部分為固定傷害加成。,,,,,,,
,,,,,,-,tips,text,固定傷害加成：在敵人單次傷害上限結算之前、與保底傷害1結算之後，最終傷害再額外增加此值。,,,,,,,
0,,歷史紀錄,0,2019/06/24,,-,text,text,技能等級10時，更改慣性類型。,,,,,,,
,,,,,,1,,text,技能等級10時，此技能不消耗MP。,,,,,,,
1,定影針,預設,,小刀,,-,proration,damage,physical,,100 ,8 ,瞬發,可以放入連擊,稍快,
,,,,,,-,damage,constant,10+SLv+$dagger_atk*0.2,,,,,,,
,,,,,,,,multiplier,"[75,42,47,34,37,30,32,27,29,25][SLv-1]+$BDEX/(20-SLv)",,,,,,,
,,,,,,,,frequency,Math.floor(SLv/2)+1,,,,,,,
,,,,,,,,title,each,,,,,,,
,,,,,,,,ailment_name,遲緩,,,,,,,
,,,,,,,,ailment_chance,50+SLv*5,,,,,,,
,,,,,,,,range_damage,1,,,,,,,
,,,,,,,,action_frame,61~37,,,,,,,
,,,,,,-,list,text,若敵人在全部次數攻擊完前就死亡，剩餘次數的施展會取消。,,,,,,,
,,,,,,,,,,,,,,,,
,,,,,,,,,,,,,,,,
2,加特林機槍,預設,,小刀,,-,proration,damage,physical,,300 ,8 ,瞬發,可以放入連擊,極慢,
,,,,,,-,damage,constant,20+2*SLv+$dagger_atk,,,,,,,
,,,,,,,,multiplier,Math.floor(SLv*0.75-0.75)*10+40+$BSTR/30+$BDEX/30+$BAGI/30,,,,,,,
,,,,,,,,frequency,Math.floor((SLv+2)/4)+5,,,,,,,
,,,,,,,,duration,3,,,,,,,
,,,,,,,,title,each,,,,,,,
,,,,,,,,range_damage,1,,,,,,,
,,,,,,,,action_frame,215~48,,,,,,,
,,,,,,-,list,text,若敵人在全部次數攻擊完前就死亡，剩餘次數的施展會取消。,,,,,,,
3,神乎其技,預設,,小刀,,-,passive,caption,使用刀術技能或發動小刀的閃躲反擊時，有${3*SLv}%機率發動影襲。,,,,被動,,,
,,,,,,,,branch,影襲,,,,,,,
,,,,,,,,skill_tree,刀術技能,,,,,,,
,,,,,,,,is_mark,1,,,,,,,
,,,,,,-,tips,text,包括刀術技能中的所有主、被動技能。以外的其他技能或攻擊皆不會發動。,,,,,,,
,,,,,,-,effect,name,影襲,,,,,,,
,,,,,,,,caption,使該技能每一次傷害都追加一次等量傷害。,,,,,,,
,,,,,,,,condition,發動時,,,,,,,
,,,,,,-,tips,text,例如：6下變12下、8下變16下等。傷害次數會變成兩倍，等同於傷害變成兩倍。,,,,,,,
4,毒飛刃,預設,,小刀,,-,proration,damage,physical,,200 ,8 ,瞬發,可以放入連擊,稍快,
,,,,,,-,damage,constant,100+10*SLv+CLv+$DEX*0.5+$AGI*2,,,,,,,
,,,,,,,,multiplier,50+2.5*SLv+$BINT/(11-SLv),,,,,,,
,,,,,,,,ailment_name,猛毒,,,,,,,
,,,,,,,,ailment_chance,75+2.5*SLv,,,,,,,
,,,,,,,,range_damage,1,,,,,,,
,,,,,,-,tips,text,此技能數據與角色等級有關，注意調整下方選項內的角色等級以得到正確數值。,,,,,,,
,,,,,,-,list,text,#[猛毒]造成的傷害，每一跳為(([總DEX+(ATK+MATK)×係數A]×係數B))。,,,,,,,
,,,,,,-,list,text,係數A=(((目標DEF+目標MDEF)÷(目標LV×12)))，此係數值最大為0.5。,,,,,,,
,,,,,,-,list,text,係數B=(((200-目標物理抗性%-目標魔法抗性%)÷200))。,,,,,,,
,,,,,,-,damage,name,猛毒每跳傷害（係數A默認0.5）,,,,,,,
,,,,,,,,constant,$DEX,,,,,,,
,,,,,,,,multiplier,(200-extra[0]-extra[1])/2,,,,,,,
,,,,,,,,range_damage,0,,,,,,,
,,,,,,,,combo_rate,0,,,,,,,
,,,,,,,,invisible,1,,,,,,,
,,,,,,-,formula_extra,texts,"目標物理抗性,目標魔法抗性",,,,,,,
,,,,,,,,values.0,target_physical_resistance,,,,,,,
,,,,,,,,values.1,target_magic_resistance,,,,,,,
,,,,,,-,base,type,custom,,,,,,,
,,,,,,,,title,猛毒基礎傷害,,,,,,,
,,,,,,,,caption,(ATK+MATK)*[(目標DEF+目標MDEF)÷(目標LV×12)],,,,,,,
,,,,,,,,atk_rate,50,,,,,,,
,,,,,,,,matk_rate,50,,,,,,,
,,,,,,-,extra,critical_rate,-100,~,,,,,,
,,,,,,,,,,,,,,,,
,,,,,,,,,,,,,,,,
,,,,,,,,,,,,,,,,
,,,,,,-,text,text,猛毒傷害公式來源：<br>Insane23 (Formula provide).<br>Joji (Formula confirm).,,,,,,,
5,連環刃,預設,,小刀,,1,passive,caption,使用閃躲後，下一個刀術技能獲得連環投擲效果。,,,,被動,,,
,,,,,,,,is_mark,1,,,,,,,
,,,,,,,,mark,連環投擲,,,,,,,
,,,,,,-,next,total_damage_B,100,,,,,,,
,,,,,,,,name,連環投擲,,,,,,,
,,,,,,,,condition,下一招刀術技能,,,,,,,
,,,,,,2,extra,condition,效果消耗後,,,,,,,
,,,,,,,,caption,進入${30-SLv}秒的冷卻，期間無法再獲得此狀態。,,,,,,,
,,,,,,-,tips,text,狀態的持續時間為無限，直到效果被使用。,,,,,,,
,,,,,,-,list,text,未消耗MP的技能（包括因連擊效果而致）不會受到此狀態加成，也不會消耗掉狀態。,,,,,,,
,,,,,,-,list,text,神乎其技與無影刃造成的追加攻擊不受此效果加成。,,,,,,,
,,,,,,,,skill,"神乎其技, 無影刃",,,,,,,
,,,,,,-,list,text,飛刃技能的固定傷害加成部分，不受此效果影響。,,,,,,,
,,,,,,,,skill,飛刃,,,,,,,
,,,,,,,,mark,固定傷害加成,,,,,,,
5,,歷史紀錄,0,2020/04/16,,-,text,text,閃躲阻擋系統全面變更，移除閃躲反擊。,,,,,,,
,,,,,,1,,caption,發動小刀的閃躲反擊時，有${10*SLv}%機率追加一次等量傷害。,,,,,,,
5,,歷史紀錄,0,2020/06/25,,-,text,text,條件由需成功閃躲，變為只需按下閃躲按鈕即可發動，但冷卻時間也相應延長。,,,,,,,
,,,,,,1,,caption,成功閃躲敵人的攻擊後，下一個刀術技能獲得連環投擲效果。,,,,,,,
,,,,,,2,,caption,進入${20-SLv}秒的冷卻，期間無法再獲得此狀態。,,,,,,,
6,無影刃,預設,,小刀,,-,passive,caption,普通攻擊有${5*SLv}%機率附加無影追襲。,,,,被動,,,
,,,,,,,,branch,無影追襲,,,,,,,
,,,,,,,,is_mark,1,,,,,,,
,,,,,,-,tips,text,僅限於裝備小刀時的普通攻擊才有機率發動。,,,,,,,
,,,,,,-,damage,name,無影追襲,,,,,,,
,,,,,,,,multiplier,25,,,,,,,
,,,,,,,,extra_constant,$dagger_atk,,,,,,,
,,,,,,,,range_damage,0,,,,,,,
,,,,,,,,values_stat,dagger_atk,,,,,,,
,,,,,,-,extra,caption,不會發生暴擊。,,,,,,,
,,,,,,-,proration,damage,normal_attack,,,,,,,
,,,,,,,,proration,none,,,,,,,
,,,,,,-,list,text,此技能傷害計算式中，小刀ATK的部分為固定傷害加成。,,,,,,,
,,,,,,-,tips,text,固定傷害加成：在敵人單次傷害上限結算之前、與保底傷害1結算之後，最終傷害再額外增加此值。,,,,,,,
7,威力增幅,預設,,小刀,,-,passive,caption,使得「無影刃」的無影追襲發動機率提升${5*SLv}%。,,,,被動,,,
,,,,,,,,skill,無影刃,,,,,,,
,,,,,,-,passive,caption,使得「無影刃」的無影追襲傷害提升(有效Atk×25%)。,,,,,,,
,,,,,,,,skill,無影刃,,,,,,,
8,裝甲破壞,預設,,小刀,,-,passive,caption,使得無影刃的無影追襲在發動時獲得如下的額外效果：,,,,被動,,,
,,,,,,,,skill,無影刃,,,,,,,
,,,,,,,,mark,無影追襲,,,,,,,
,,,,,,-,list,text,無影追襲的傷害獲得額外${SLv*5}%的物理貫穿。,,,,,,,
,,,,,,,,mark,無影追襲,,,,,,,
,,,,,,-,list,text,無影追襲發動時，角色有${SLv}%的機率獲得強襲。強化下一次一般攻擊。,,,,,,,
,,,,,,,,mark,無影追襲,,,,,,,
,,,,,,,,branch,強襲,,,,,,,
,,,,,,-,effect,name,強襲,,,,,,,
,,,,,,,,condition,下一次一般攻擊,,,,,,,
,,,,,,,,attack_mp_recovery,100,%,,,,,,
,,,,,,,,critical_rate,75,,,,,,,
9,短兵相接,預設,,小刀,,-,text,text,對鎖定目標造成一次短劍出鞘傷害後，使自身進入短兵相接模式，狀態期間自身的一般攻擊將被短劍連擊取代。無法與其他改變普攻動作類的技能並存。,,0 ,4 ,瞬發,無法放入連擊,,
,,,,,,,,is_mark,1,,,,,,,
,,,,,,,,mark,"短兵相接,短劍連擊,短劍出鞘",,,,,,,
,,,,,,,,,,,,,,,,
,,,,,,-,damage,name,短劍出鞘,,,,,,,
,,,,,,,,multiplier,100,,,,,,,
,,,,,,,,range_damage,1,,,,,,,
,,,,,,,,action_frame,52~33,,,,,,,
,,,,,,-,extra,caption,此傷害#[必定暴擊]。,,,,,,,
,,,,,,-,proration,damage,physical,,,,,,,
,,,,,,1,effect,name,短兵相接,,,,,,,
,,,,,,,,end_condition,直到施展下一個技能前,,,,,,,
,,,,,,,,attack_mp_recovery,10*SLv,,,,,,,
,,,,,,,,critical_rate,25+5*SLv,,,,,,,
,,,,,,-,extra,caption,閃躲消耗減輕。,,,,,,,
,,,,,,-,proration,damage,normal_attack,,,,,,,
,,,,,,,,proration,none,,,,,,,
,,,,,,2,damage,name,短劍連擊,,,,,,,
,,,,,,,,range_damage,1,,,,,,,
,,,,,,,,multiplier,250+20*SLv+$dagger_atk,,,,,,,
,,,,,,,,frequency,6,,,,,,,
,,,,,,,,action_frame,160~83,,,,,,,
,,,,,,-,extra,caption,可在此攻擊動作中發動手動閃躲。,,,,,,,
,,,,,,-,list,text,短劍連擊的攻擊距離為4m，與武器種類無關。,,,,,,,
,,,,,,3,list,text,此攻擊可觸發無影刃，每一個傷害數字都會造成一次無影刃的追擊，觸發時每兩次傷害能額外獲得一次攻擊MP回復。,,,,,,,
,,,,,,,,skill,無影刃,,,,,,,
,,,,,,-,list,text,此技能無法觸發神乎其技。因此技能觸發的無影刃所觸發的神乎其技，傷害將在短劍連擊之前即造成，即使使用閃躲中斷短劍連擊也會造成完整6次神乎其技。,,,,,,,
,,,,,,,,skill,"無影刃,神乎其技",,,,,,,
,,,,,,,,mark,"短兵相接,短劍連擊,短劍出鞘",,,,,,,
9,,歷史紀錄,0,2024/04/18,,1,,attack_mp_recovery,2*SLv,,,,,,,
,,,,,,2,,multiplier,150+10*SLv,,,,,,,
,,,,,,3,,text,此攻擊可觸發無影刃，每一個傷害數字都會造成一次無影刃的追擊。,,,,,,,
10,畏懼之刃,預設,,小刀,,-,text,text,自身被敵人瞄準時，對目標進行一次畏懼之刃，此時技能附帶#[膽怯]；未被瞄準時，技能變更為搏鬥之刃、技能傷害獲得強化。不論發動何者，施放後都會使自身進入短兵相接狀態。,,300 ,4 ,瞬發,可以放入連擊,,
,,,,,,,,is_mark,1,,,,,,,
,,,,,,,,mark,"畏懼之刃,搏鬥之刃",,,,,,,
,,,,,,,,skill,短兵相接,,,,,,,
,,,,,,-,list,text,此技能傷害如果確實命中（#[Graze]不可），則會使連環刃的連續投擲的冷卻時間減少10秒。,,,,,,,
,,,,,,,,mark,"連續投擲,確實命中",,,,,,,
,,,,,,,,skill,連環刃,,,,,,,
,,,,,,-,proration,damage,physical,,,,,,,
,,,,,,1,damage,name,畏懼之刃,,,,,,,
,,,,,,,,constant,30*SLv,,,,,,,
,,,,,,,,multiplier,200+20*SLv+$dagger_atk*0.5,,,,,,,
,,,,,,,,ailment_chance,"Math.min(100,20*SLv)",,,,,,,
,,,,,,,,ailment_name,膽怯,,,,,,,
,,,,,,,,range_damage,1,,,,,,,
,,,,,,,,action_frame,53~33,,,,,,,
,,,,,,-,extra,caption,此傷害#[必定暴擊]。,,,,,,,
,,,,,,2,damage,name,搏鬥之刃,,,,,,,
,,,,,,,,constant,30*SLv,,,,,,,
,,,,,,,,multiplier,400+40*SLv+$dagger_atk,,,,,,,
,,,,,,,,range_damage,1,,,,,,,
,,,,,,,,,,,,,,,,
,,,,,,-,extra,caption,此傷害#[必定暴擊]。,,,,,,,
,,,,,,-,extra,physical_pierce,SLv*SLv,,,,,,,
,,,,,,-,list,text,此技能無法觸發連環刃與神乎其技的效果。,,,,,,,
,,,,,,,,skill,"連環刃,神乎其技",,,,,,,
10,,歷史紀錄,0,2024/04/18,,1,,multiplier,200+20*SLv,,,,,,,
,,,,,,2,,multiplier,400+40*SLv,,,,,,,
,,,,,,,,,,,,,,,,
3,1,騎士精神,,,,,,,,,,,,,,
0,突擊,預設,,盾牌,,4,text,text,衝刺至敵方身後1m處後造成傷害。,,100 ,6 ,瞬發,可以放入連擊,快,
,,,,,,,,is_mark,1,,,,,,,
,,,,,,1,damage,constant,50+5*SLv,,,,,,,
,,,,,,,,multiplier,50+10*SLv+stack*60*Math.floor(SLv/10),,,,,,,
,,,,,,,,multiplier.registlet,10*RLv,,,,,,,
,,,,,,,,ailment_name,遲緩,,,,,,,
,,,,,,,,ailment_chance,10*SLv,,,,,,,
,,,,,,,,ailment_chance.registlet,-10*SLv,,,,,,,
,,,,,,,,range_damage,1,,,,,,,
,,,,,,,,stack_id,1,,,,,,,
,,,,,,2,extra,ailment_name,逼退,,,,,,,
,,,,,,,,ailment_chance,"Math.min(100,50+10*SLv)",,,,,,,
,,,,,,,,ailment_chance.registlet,"-Math.min(100,50+10*SLv)",,,,,,,
,,,,,,,,constant,命中成功後,,,,,,,
,,,,,,-,list,text,#[逼退]距離為3m，對於BOSS敵人減半。,,,,,,,
,,,,,,-,text,text,學習騎士決意並滿足其效果發動條件時，此技能效果將強化。,,,,,,,
,,,,,,,,skill,騎士決意,,,,,,,
,,,,,,,,is_mark,1,,,,,,,
,,,,,,-,stack,name,騎士決意技能等級,,,,,,,
,,,,,,,,max,10,,,,,,,
,,,,,,,,min,0,,,,,,,
,,,,,,,,id,1,,,,,,,
,,,,,,,,value,getSkillLevel('1-3-7'),,,,,,,
,,,,,,,,,,,,,,,,
0,,非預設,,,,1,damage,constant,5*SLv,,,,,,,
,,,,,,,,multiplier,25+10*SLv+stack*30*Math.floor(SLv/10),,,,,,,
,,,,,,2,extra,ailment_chance,10*SLv,,,,,,,
,,,,,,3,,multiplier,25+10*SLv,,,,,,,
0,,歷史紀錄,0,2020/05/28,,1,,multiplier,50+10*SLv,,,,,,,
,,,,,,4,,text,衝刺至敵方面前1m處後造成傷害。,,,,,,,
,,,,,,,,,,,,,,,,
1,卸力,預設,,盾牌,,1,passive,caption,受到物理攻擊，有${SLv*5-Math.floor(SLv/6)*20+stack*2}%的機率減輕${10+Math.floor(SLv/6)*10}%傷害。,,,,被動,,,
,,,,,,,,mark,物理攻擊,,,,,,,
,,,,,,,,stack_id,1,,,,,,,
,,,,,,-,tips,text,與阻擋不會同時發生。,,,,,,,
,,,,,,-,list,text,學習騎士決意並滿足其效果發動條件時，將提高卸力的發動機率。,,,,,,,
,,,,,,,,skill,騎士決意,,,,,,,
,,,,,,,,is_mark,1,,,,,,,
,,,,,,-,stack,name,騎士決意技能等級,,,,,,,
,,,,,,,,max,10,,,,,,,
,,,,,,,,min,0,,,,,,,
,,,,,,,,id,1,,,,,,,
,,,,,,,,,,,,,,,,
,,,,,,,,value,getSkillLevel('1-3-7'),,,,,,,
1,,非預設,,,,1,passive,caption,受到物理攻擊，有${SLv*5-Math.floor(SLv/6)*20+stack*1}%的機率減輕${10+Math.floor(SLv/6)*10}%傷害。,,,,,,,
,,,,,,,,,,,,,,,,
2,完善守備,預設,,盾牌,,-,text,text,獲得絕對防禦狀態。,,100 ,,瞬發,可以放入連擊,快,
,,,,,,,,branch,絕對防禦,,,,,,,
,,,,,,-,effect,name,絕對防禦,,,,,,,
,,,,,,,,caption,期間內受到的所有傷害變為0。,,,,,,,
,,,,,,,,duration,1,,,,,,,
,,,,,,-,extra,condition,成功抵擋至少一次傷害時,,,,,,,
,,,,,,,,caption,發動傷害轉化，並對所有活躍目標產生${Math.floor(SLv*SLv/2)*10}的額外仇恨值，此額外仇恨不受恨意值增減效果影響。,,,,,,,
,,,,,,,,branch,傷害轉化,,,,,,,
,,,,,,-,heal,type,hp,,,,,,,
,,,,,,,,extra_text,自身最大HP,,,,,,,
,,,,,,,,extra_value,SLv*0.01,,,,,,,
,,,,,,,,name,傷害轉化,,,,,,,
,,,,,,-,list,text,"傷害轉化的恢復量上限為${100*SLv+stack*100*Math.floor(SLv/10)+150*Math.max(0,SLv-5)+250*Math.max(0,SLv-9)}。",,,,,,,
,,,,,,,,stack_id,1,,,,,,,
,,,,,,,,branch,傷害轉化,,,,,,,
,,,,,,-,list,text,此技能在判定上仍視為角色受到了傷害，因此會被傷害中斷的技能，諸如神速掌握、交叉火線等，仍會中斷。,,,,,,,
,,,,,,,,skill,"神速掌握, 交叉火線",,,,,,,
,,,,,,-,text,text,學習騎士決意並滿足其效果發動條件時，此技能效果將強化。,,,,,,,
,,,,,,,,skill,騎士決意,,,,,,,
,,,,,,,,is_mark,1,,,,,,,
,,,,,,-,stack,name,騎士決意技能等級,,,,,,,
,,,,,,,,max,10,,,,,,,
,,,,,,,,min,0,,,,,,,
,,,,,,,,id,1,,,,,,,
,,,,,,,,,,,,,,,,
,,,,,,,,value,getSkillLevel('1-3-7'),,,,,,,
,,,,,,-,tips,text,此技能產生的額外仇恨值不受仇恨值%影響。,,,,,,,
3,重騎覺醒,預設,,盾牌,,-,text,text,獲得堅守狀態。狀態期間內不移動時，效果會每![3]秒疊加一層，最多五層。但只要進行移動，層數便會立刻歸零，需再次等待疊加。,,500 ,,瞬發,可以放入連擊,快,
,,,,,,,,is_mark,1,,,,,,,
,,,,,,,,branch,堅守,,,,,,,
,,,,,,-,stack,name,狀態層數,,,,,,,
,,,,,,,,id,1,,,,,,,
,,,,,,,,min,0,,,,,,,
,,,,,,,,max,5,,,,,,,
,,,,,,,,default,5,,,,,,,
,,,,,,,,unit,層,,,,,,,
,,,,,,-,effect,name,堅守,,,,,,,
,,,,,,,,duration,240,,,,,,,
,,,,,,,,aspd,$BVIT*(SLv*stack*0.1),,,,,,,
,,,,,,,,physical_pierce,($BVIT/100)*stack,,,,,,,
,,,,,,,,stack_id,1,,,,,,,
,,,,,,,,action_frame,61~37,,,,,,,
,,,,,,-,extra,caption,受到傷害減輕${Math.floor(SLv*2/5*stack)}%。,,,,,,,
,,,,,,-,extra,caption,普通攻擊傷害提升${(5+Math.floor(1.5*SLv))*stack}%。,,,,,,,
,,,,,,-,list,text,物理貫穿提升的部分，先計算((角色基礎VIT÷100))並捨去小數後，才乘以狀態層數。,,,,,,,
,,,,,,,,mark,"角色VIT÷100, 狀態層數",,,,,,,
,,,,,,-,list,text,閃爍之劍與空舞斬，可以使此技能獲得少量移動能力同時不會失去層數，詳情請看各技能對應頁面。,,,,,,,
,,,,,,,,skill,"閃爍之劍,空舞斬",,,,,,,
4,挑釁,預設,,盾牌,,1,effect,caption,對目標造成${500+SLv*50+stack*50*Math.floor(SLv/10)}的固定仇恨值。,,400-100*Math.floor((SLv-1)/4.5),8 ,瞬發,無法放入連擊,稍慢,
,,,,,,,,type,target,,,,,,,
,,,,,,,,stack_id,1,,,,,,,
,,,,,,-,text,text,學習騎士決意並滿足其效果發動條件時，此技能效果將強化。,,,,,,,
,,,,,,,,skill,騎士決意,,,,,,,
,,,,,,,,is_mark,1,,,,,,,
,,,,,,-,stack,name,騎士決意技能等級,,,,,,,
,,,,,,,,max,10,,,,,,,
,,,,,,,,min,0,,,,,,,
,,,,,,,,id,1,,,,,,,
,,,,,,,,,,,,,,,,
,,,,,,,,value,getSkillLevel('1-3-7'),,,,,,,
,,,,,,-,tips,text,此技能的消耗MP不會造成仇恨值。,,,,,,,
,,,,,,-,tips,text,此技能造成的仇恨值不受仇恨值%影響。,,,,,,,
4,,非預設,,,,1,,caption,使目標產生${500+SLv*50+stack*25*Math.floor(SLv/10)}的仇恨值。,,,,,,,
,,,,,,,,,,,,,,,,
5,憤怒的一擊,預設/and,單手劍,盾牌,,-,proration,damage,physical,,200 ,main,瞬發,可以放入連擊,稍快,
,,,,,,1,damage,constant,150+5*SLv,,,,,,,
,,,,,,,,multiplier,180+10*SLv+stack*50*Math.floor(SLv/10)+$BVIT*0.5,,,,,,,
,,,,,,,,multiplier.registlet,10*RLv,,,,,,,
,,,,,,,,stack_id,1,,,,,,,
,,,,,,,,range_damage,1,,,,,,,
,,,,,,,,action_frame,61~37,,,,,,,
,,,,,,-,extra,caption,對目標產生${50+10*SLv+350*Math.floor(stack/10)*Math.floor(SLv/10)}的額外仇恨值。,,,,,,,
,,,,,,,,condition,命中目標時,,,,,,,
,,,,,,2,extra,caption,此技能#[必定暴擊],,,,,,,
,,,,,,,,condition,自身是仇恨目標時,,,,,,,
,,,,,,3,extra,caption,下一招技能#[MP消耗減半]。,,,,,,,
,,,,,,,,condition,自身是仇恨目標時,,,,,,,
,,,,,,-,list,text,消耗MP與額外仇恨皆受仇恨值增減效果影響。,,,,,,,
,,,,,,-,text,text,學習騎士決意並滿足其效果發動條件時，此技能效果將強化。,,,,,,,
,,,,,,,,skill,騎士決意,,,,,,,
,,,,,,,,is_mark,1,,,,,,,
,,,,,,-,stack,name,騎士決意技能等級,,,,,,,
,,,,,,,,max,10,,,,,,,
,,,,,,,,min,0,,,,,,,
,,,,,,,,id,1,,,,,,,
,,,,,,,,value,getSkillLevel('1-3-7'),,,,,,,
,,,,,,,,,,,,,,,,
5,,非預設,單手劍,,,1,damage,constant,50+5*SLv,,,,,,,
,,,,,,,,multiplier,150+10*SLv+stack*25*Math.floor(SLv/10),,,,,,,
5,,非預設,雙劍,,,1,damage,constant,50+5*SLv,,,,,,,
,,,,,,,,multiplier,150+10*SLv+stack*25*Math.floor(SLv/10),,,,,,,
5,,非預設,雙手劍,,,1,damage,constant,50+5*SLv,,,,,,,
,,,,,,,,multiplier,150+10*SLv+stack*25*Math.floor(SLv/10),,,,,,,
5,,歷史紀錄,0,2019/06/24,,-,text,text,提高倍率、增加#[必定暴擊]與下個技能MP減半的效果。,,,,,,,
,,,,,,1,,multiplier,200+10*SLv,,,,,,,
,,,,,,2,,,,,,,,,,
,,,,,,3,,,,,,,,,,
5,,歷史紀錄,1,2019/06/24,,-,text,text,增加#[必定暴擊]與下個技能MP減半的效果。,,,,,,,
,,,,,,2,,caption,無效果,,,,,,,
,,,,,,3,,,,,,,,,,
5,,歷史紀錄,2,2019/06/24,,-,text,text,增加#[必定暴擊]與下個技能MP減半的效果。,,,,,,,
,,,,,,2,,caption,無效果,,,,,,,
,,,,,,3,,,,,,,,,,
5,,歷史紀錄,3,2019/06/24,,-,text,text,增加#[必定暴擊]與下個技能MP減半的效果。,,,,,,,
,,,,,,2,,caption,無效果,,,,,,,
,,,,,,3,,,,,,,,,,
5,,歷史紀錄,0,2020/05/28,,1,,multiplier,180+10*SLv+$BVIT*0.5,,,,,,,
5,,歷史紀錄,1,2020/05/28,,1,,multiplier,150+10*SLv,,,,,,,
5,,歷史紀錄,2,2020/05/28,,1,,multiplier,150+10*SLv,,,,,,,
5,,歷史紀錄,3,2020/05/28,,1,,multiplier,150+10*SLv,,,,,,,
6,繫影強襲,預設/and,單手劍,盾牌,,-,proration,damage,physical,,300 ,main,瞬發,可以放入連擊,稍快,
,,,,,,1,damage,constant,200+10*SLv,,,,,,,
,,,,,,,,multiplier,600+5*SLv+stack*40*Math.floor(SLv/10)+$VIT*2,,,,,,,
,,,,,,,,type,AOE,,,,,,,
,,,,,,,,radius,"Math.max(Math.floor((SLv-2)/4),0)+3",,,,,,,
,,,,,,,,end_position,self,,,,,,,
,,,,,,,,ailment_name,停止,,,,,,,
,,,,,,,,ailment_chance,10*SLv,,,,,,,
,,,,,,,,stack_id,1,,,,,,,
,,,,,,,,range_damage,1,,,,,,,
,,,,,,,,action_frame,61~37,,,,,,,
,,,,,,-,extra,caption,產生${100+10*SLv}的額外仇恨值。,,,,,,,
,,,,,,,,condition,對命中的目標,,,,,,,
,,,,,,-,list,text,消耗MP與額外仇恨皆受仇恨值增減效果影響。,,,,,,,
,,,,,,-,list,text,此技能固定為無屬性。,,,,,,,
,,,,,,-,text,text,學習騎士決意並滿足其效果發動條件時，此技能效果將強化。,,,,,,,
,,,,,,,,skill,騎士決意,,,,,,,
,,,,,,,,is_mark,1,,,,,,,
,,,,,,-,stack,name,騎士決意技能等級,,,,,,,
,,,,,,,,max,10,,,,,,,
,,,,,,,,min,0,,,,,,,
,,,,,,,,id,1,,,,,,,
,,,,,,,,,,,,,,,,
,,,,,,,,value,getSkillLevel('1-3-7'),,,,,,,
6,,非預設,單手劍,,,1,damage,constant,50+10*SLv,,,,,,,
,,,,,,,,multiplier,450+5*SLv+stack*20*Math.floor(SLv/10),,,,,,,
6,,非預設,雙劍,,,1,damage,constant,50+10*SLv,,,,,,,
,,,,,,,,multiplier,450+5*SLv+stack*20*Math.floor(SLv/10),,,,,,,
6,,非預設,雙手劍,,,1,damage,constant,50+10*SLv,,,,,,,
,,,,,,,,multiplier,450+5*SLv+stack*20*Math.floor(SLv/10),,,,,,,
,,,,,,2,,,,,,,,,,
,,,,,,3,,multiplier,450+5*SLv,,,,,,,
6,,歷史紀錄,0,2019/06/24,,1,,multiplier,550+5*SLv,,,,,,,
,,,,,,,,,,,,,,,,
7,騎士決意,預設,,盾牌,,-,text,text,當自身為仇恨目標時，發動騎士決意效果。,,,,被動,,,
,,,,,,,,is_mark,1,,,,,,,
,,,,,,,,branch,騎士決意,,,,,,,
,,,,,,1,passive,name,騎士決意,,,,,,,
,,,,,,,,aggro,2*SLv,,,,,,,
,,,,,,-,extra,caption,被強化的技能等級為Lv10時，效果獲得強化。,,,,,,,
,,,,,,,,condition,特定的騎士技能,,,,,,,
,,,,,,-,list,text,被強化的技能包括突擊、卸力、完善守備、挑釁、憤怒的一擊、繫影強襲。強化效果請見各技能的對應頁面。,,,,,,,
,,,,,,,,skill,"突擊, 卸力, 完善守備, 挑釁, 憤怒的一擊, 繫影強襲",,,,,,,
7,,非預設,,,,1,,aggro,SLv,,,,,,,
8,音速擠壓,預設/and,單手劍,盾牌,,-,proration,damage,physical,,200 ,8 ,瞬發,可以放入連擊,快,
,,,,,,1,damage,constant,200,,,,,,,
,,,,,,,,multiplier,150+15*SLv+$DEX*1,,,,,,,
,,,,,,,,ailment_name,翻覆,,,,,,,
,,,,,,,,ailment_chance,SLv*10,,,,,,,
,,,,,,,,range_damage,0,,,,,,,
,,,,,,,,skill_long_range,1,,,,,,,
,,,,,,,,action_frame,45~45,,,,,,,
,,,,,,2,extra,condition,若目標處於對翻覆狀態的抗性時間,,,,,,,
,,,,,,,,caption,自身回復100MP。,,,,,,,
,,,,,,-,list,text,此技能行動時間固定，不受行動速度與#[冰凍]效果影響。,,,,,,,
,,,,,,,,mark,行動時間,,,,,,,
,,,,,,-,list,text,"此技能雖然不受距離威力影響，但技能""遠程狙擊""有效。",,,,,,,
,,,,,,,,skill,遠程狙擊,,,,,,,
,,,,,,-,list,text,此技能造成的#[翻覆]抵抗時間，較其他同類型技能長。,,,,,,,
,,,,,,-,tips,text,大多數情況，音速波動造成的翻覆抗性為8秒，此技能則為20秒。,,,,,,,
8,,非預設,單手劍,,,1,,multiplier,150+15*SLv,,,,,,,
,,,,,,2,,,,,,,,,,
9,歸來,預設/and,單手劍,盾牌,,1,text,text,對目標造成傷害，造成的傷害段數依據歸來層數而提升。,,400 ,main,瞬發,可以放入連擊,慢,
,,,,,,,,is_mark,1,,,,,,,
,,,,,,,,mark,歸來層數,,,,,,,
,,,,,,2,list,text,當完善守備減輕傷害成功時，歸來層數+1；<br>自身成功對目標造成#[膽怯]時，歸來層數+1；<br>自身成功對目標造成#[翻覆]時，歸來層數+3；<br>自身成功對目標造成#[昏厥]時，歸來層數+5。,,,,,,,
,,,,,,,,mark,"歸來層數, 完善守備",,,,,,,
,,,,,,3,list,text,歸來層數上限為${SLv}層，單次技能最多消耗2層。,,,,,,,
,,,,,,,,mark,歸來層數,,,,,,,
,,,,,,4,list,text,然而，若自身處於任意異常狀態，則歸來層數將無法使用，傷害段數恆定為1。,,,,,,,
,,,,,,,,mark,歸來層數,,,,,,,
,,,,,,8,tips,text,特別的是，#[無敵]狀態也被判定為異常狀態。,,,,,,,
,,,,,,5,stack,name,歸來層數,,,,,,,
,,,,,,,,id,1,,,,,,,
,,,,,,,,min,0,,,,,,,
,,,,,,,,max,2,,,,,,,
,,,,,,,,,,,,,,,,
,,,,,,-,proration,damage,physical,,,,,,,
,,,,,,,,proration,none,,,,,,,
,,,,,,6,damage,constant,40*SLv,,,,,,,
,,,,,,,,multiplier,500+10*SLv+$BDEX*2,,,,,,,
,,,,,,,,name,歸來,,,,,,,
,,,,,,,,frequency,1+stack,,,,,,,
,,,,,,,,stack_id,1,,,,,,,
,,,,,,,,title,each,,,,,,,
,,,,,,,,judgment,separate,,,,,,,
,,,,,,,,range_damage,1,,,,,,,
,,,,,,,,action_frame,122~66,,,,,,,
,,,,,,7,extra,condition,裝備盾牌時,,,,,,,
,,,,,,,,caption,此傷害#[必定暴擊]。,,,,,,,
9,,非預設,單手劍,,,1,text,text,對目標造成傷害。,,,,,,,
,,,,,,2,,,,,,,,,,
,,,,,,3,,,,,,,,,,
,,,,,,4,,,,,,,,,,
,,,,,,5,,,,,,,,,,
,,,,,,6,,frequency,1,,,,,,,
,,,,,,7,,,,,,,,,,
,,,,,,8,,,,,,,,,,
10,騎士勇姿,預設/and,單手劍,盾牌,,1,effect,name,騎士勇姿,,100 ,,瞬發,可以放入連擊,一般,
,,,,,,,,aggro,SLv*3,,,,,,,
,,,,,,,,vit,SLv,,,,,,,
,,,,,,,,duration,360,,,,,,,
,,,,,,,,action_frame,61~37,,,,,,,
,,,,,,2,extra,condition,處於戰吼狀態時,,,,,,,
,,,,,,,,caption,對#[畏懼]狀態增加${SLv*10}%抗性。,,,,,,,
,,,,,,3,extra,condition,與敵方互為恨意目標時,,,,,,,
,,,,,,,,caption,受到的百分比傷害減輕${Math.floor(SLv/2)*2}%。,,,,,,,
10,,非預設,單手劍,,,1,,aggro,SLv*2,,,,,,,
,,,,,,2,,,,,,,,,,
,,,,,,3,,caption,受到的百分比傷害減輕${Math.floor(SLv/2)}%。,,,,,,,
11,騎士治癒,預設/and,單手劍,盾牌,,-,passive,caption,使騎士勇姿追加效果：狀態期間內受到的傷害值將有一部份被儲存為累積HP回復量，當再次發動騎士勇姿時，消費累積回復量來回復HP。,,,,被動,,,
,,,,,,,,is_mark,1,,,,,,,
,,,,,,,,mark,"騎士勇姿, 累積HP回復量",,,,,,,
,,,,,,-,list,text,通常狀態下，受到傷害的${SLv}%，會被轉換為累積回復量。,,,,,,,
,,,,,,,,mark,"騎士勇姿, 累積HP回復量",,,,,,,
,,,,,,1,list,text,(僅盾牌)與敵人互為恨意目標時，變更為受到傷害的${SLv*3}%，轉換為累積回復量。,,,,,,,
,,,,,,,,mark,"騎士勇姿, 累積HP回復量",,,,,,,
11,,非預設,單手劍,,,1,,,,,,,,,,
,,,,,,,,,,,,,,,,
12,後防盾甲,預設,單手劍,,,-,passive,caption,使用完善守備後，獲得後防盾甲狀態。,,,,被動,,,
,,,,,,,,skill,完善守備,,,,,,,
,,,,,,,,mark,後防盾甲,,,,,,,
,,,,,,-,extra,neutral_resistance,SLv,,,,,,,
,,,,,,-,effect,name,後防盾甲,,,,,,,
,,,,,,,,caption,受到的傷害減輕((狀態剩餘秒數*5))%。,,,,,,,
,,,,,,,,condition,使用完善守備後,,,,,,,
,,,,,,,,duration,SLv,,,,,,,
,,,,,,-,extra,caption,狀態期間內受到超過角色最大HP的傷害時，該次傷害無效化，並使此技能進入20秒的冷卻。,,,,,,,
,,,,,,-,list,text,必須單次傷害超過角色最大HP，才能觸發免傷效果。,,,,,,,
,,,,,,,,,,,,,,,,
,,,,,,,,,,,,,,,,
13,閃爍之劍,預設,單手劍,,,-,text,text,投擲飛劍，並瞬間移動至目標跟前，一定機率使敵人#[膽怯]、#[膽怯]成功時技能效果增強。技能命中後獲得閃爍狀態。,,200 ,14 ,瞬發,可以放入連擊,,
,,,,,,,,mark,閃爍,,,,,,,
,,,,,,,,is_mark,1,,,,,,,
,,,,,,-,list,text,若傷害MISS，此技能將完全無效果，也不會進行瞬間移動。,,,,,,,
,,,,,,-,proration,damage,physical,,,,,,,
,,,,,,-,damage,constant,200,,,,,,,
,,,,,,,,multiplier,500+75*SLv,,,,,,,
,,,,,,,,ailment_name,膽怯,,,,,,,
,,,,,,,,ailment_chance,10*SLv,,,,,,,
,,,,,,,,range_damage,1,,,,,,,
,,,,,,-,extra,condition,賦予膽怯成功時，本次傷害,,,,,,,
,,,,,,,,caption,#[必定命中],,,,,,,
,,,,,,-,extra,condition,賦予膽怯成功時，本次傷害,,,,,,,
,,,,,,,,skill_multiplier_extra,$BVIT,,,,,,,
,,,,,,-,effect,name,閃爍,,,,,,,
,,,,,,,,duration,3,,,,,,,
,,,,,,,,caption,受到的百分比傷害減輕${3*SLv}%、且狀態期間內移動不會使重騎覺醒的層數重置。,,,,,,,
,,,,,,,,skill,重騎覺醒,,,,,,,
,,,,,,-,list,text,百分比傷害減輕額，與重騎覺醒、騎士勇姿、阿斯庇斯之靈的同類效果疊加。,,,,,,,
,,,,,,,,skill,"重騎覺醒,騎士勇姿,阿斯庇斯之靈",,,,,,,
14,騎士誓約,預設/and,單手劍,盾牌,,-,text,text,插入誓約之劍，生成守護區域。範圍內自身與隊友獲得騎士誓約狀態（效果略有不同）。,,500 ,,瞬發,可以放入連擊,,
,,,,,,,,is_mark,1,,,,,,,
,,,,,,,,mark,"守護區域,騎士誓約",,,,,,,
,,,,,,-,list,text,守護區域範圍為施放位置做半徑1m的圓、持續時間為無限，直到減傷次數耗盡或被逼退。,,,,,,,
,,,,,,-,stack,id,1,,,,,,,
,,,,,,,,name,範圍內玩家總數,,,,,,,
,,,,,,,,min,1,,,,,,,
,,,,,,,,max,4,,,,,,,
,,,,,,,,default,1,,,,,,,
,,,,,,,,,,,,,,,,
,,,,,,-,effect,name,騎士誓約,,,,,,,
,,,,,,,,condition,none,,,,,,,
,,,,,,,,caption,獲得${45+SLv*4.5}%的守護值，範圍內隊友受傷時，使該次傷害減輕((當前守護值÷${stack[0]}))%，並消耗10%守護值。<br>若受傷的是自身，則該次傷害僅會減輕((當前守護值÷10÷${stack[0]}))%。,,,,,,,
,,,,,,,,type,party,,,,,,,
,,,,,,,,stack_id,1,,,,,,,
,,,,,,,,is_place,1,,,,,,,
,,,,,,1,extra,total_damage_B,"Math.max($shield_refining,[1,1,1,1,2,2,2,2,3,3][SLv-1])/stack[0]",,,,,,,
,,,,,,,,condition,範圍內所有友方,,,,,,,
,,,,,,2,extra,condition,範圍內所有友方,,,,,,,
,,,,,,,,caption,逼退距離減少${30+4.5*SLv}%。,,,,,,,
,,,,,,-,list,text,觸發逼退距離減少效果時，守護區域將提前結束。,,,,,,,
,,,,,,,,mark,"守護區域,騎士誓約",,,,,,,
,,,,,,,,,,,,,,,,
,,,,,,,,,,,,,,,,
,,,,,,,,,,,,,,,,
,,,,,,,,,,,,,,,,
14,,非預設,單手劍,,,1,extra,total_damage_B,"([1,1,1,1,2,2,2,2,3,3][SLv-1])/stack[0]",,,,,,,
,,,,,,2,,caption,逼退距離減少${15+2.25*SLv}%。,,,,,,,
,,,,,,,,,,,,,,,,
,,,,,,,,,,,,,,,,
,,,,,,,,,,,,,,,,
,,,,,,,,,,,,,,,,
,,,,,,,,,,,,,,,,
4,1,狩獵技能,,,,,,,,,,,,,,
0,腿踢,預設,,,,-,proration,damage,physical,,100 ,3 ,瞬發,可以放入連擊,稍慢,
,,,,,,-,damage,constant,10*SLv,,,,,,,
,,,,,,,,multiplier,"10*SLv+Math.max(0,SLv-5)*10+$BSTR*0.5",,,,,,,
,,,,,,,,ailment_name,逼退,,,,,,,
,,,,,,,,ailment_chance,100,,,,,,,
,,,,,,,,range_damage,1,,,,,,,
,,,,,,-,list,text,逼退距離約為${Math.floor((SLv-1)/2)+3}m。,,,,,,,
1,旭日之箭,預設/and,弓,箭矢,,-,proration,damage,physical,,200 ,14 ,瞬發,可以放入連擊,快,
,,,,,,1,damage,constant,180+2*SLv,,,,,,,
,,,,,,,,multiplier,100+10*SLv+$DEX,,,,,,,
,,,,,,,,type,AOE,,,,,,,
,,,,,,,,radius,Math.floor(SLv/6)+2,,,,,,,
,,,,,,,,frequency,1,,,,,,,
,,,,,,,,effective_area,line,,,,,,,
,,,,,,,,move_distance,14,,,,,,,
,,,,,,,,element,light,,,,,,,
,,,,,,,,range_damage,1,,,,,,,
,,,,,,-,extra,condition,對處於#[睡眠]的目標,,,,,,,
,,,,,,,,caption,造成傷害變為2倍,,,,,,,
1,,非預設/and,弩,箭矢,,,,,,,,,,,,
1,,非預設,弓,,,1,,multiplier,100+10*SLv,,,,,,,
,,,,,,,,radius,Math.floor(SLv/6)+1,,,,,,,
1,,非預設,弩,,,1,,multiplier,100+10*SLv,,,,,,,
,,,,,,,,radius,Math.floor(SLv/6)+1,,,,,,,
1,,歷史紀錄,0,2019/06/24,,1,,multiplier,150+10*SLv,,,,,,,
1,,歷史紀錄,1,2019/06/24,,1,,multiplier,150+10*SLv,,,,,,,
2,力量之箭,預設/and,弓,箭矢,,1,text,text,使自身獲得箭矢附魔，使接下來的${SLv+2}次一般攻擊獲得強化。,,300 ,,瞬發,可以放入連擊,一般,
,,,,,,,,is_mark,1,,,,,,,
,,,,,,,,mark,箭矢附魔,,,,,,,
,,,,,,2,effect,name,箭矢附魔,,,,,,,
,,,,,,,,attack_mp_recovery,Math.floor(SLv/2)+1,,,,,,,
,,,,,,,,weapon_atk,Math.floor((SLv+1)/2),%,,,,,,
,,,,,,,,normal_attack_constant,CLv+extra[0]*1,,,,,,,
,,,,,,,,condition,下${SLv+2}次一般攻擊,,,,,,,
,,,,,,,,action_frame,171~97,,,,,,,
,,,,,,-,formula_extra,texts,MATK,,,,,,,
,,,,,,,,,,,,,,,,
,,,,,,4,list,text,持續時間為無限，進行${SLv+2}次一般攻擊後失效。,,,,,,,
,,,,,,-,list,text,分身射手的分身攻擊不消耗次數，但同樣享有攻擊mp回復提升效果。,,,,,,,
,,,,,,,,skill,分身射手,,,,,,,
,,,,,,,,mark,分身攻擊,,,,,,,
,,,,,,-,tips,text,此技能數據與角色等級有關，注意調整下方選項內的角色等級以得到正確數值。,,,,,,,
2,,非預設/and,弩,箭矢,,,,,,,,,,,,
2,,非預設,弓,,,1,,text,使自身獲得箭矢附魔，使接下來的${SLv}次一般攻擊獲得強化。,,,,,,,
,,,,,,2,,attack_mp_recovery,Math.floor(SLv/2),,,,,,,
,,,,,,,,normal_attack_constant,CLv+extra[0]*0.1,,,,,,,
,,,,,,,,condition,下${SLv}次一般攻擊,,,,,,,
,,,,,,4,,text,持續時間為無限，進行${SLv}次一般攻擊後失效。,,,,,,,
2,,非預設,弩,,,1,,text,使自身獲得箭矢附魔，使接下來的${SLv}次一般攻擊獲得強化。,,,,,,,
,,,,,,2,,attack_mp_recovery,Math.floor(SLv/2),,,,,,,
,,,,,,,,normal_attack_constant,CLv+extra[0]*0.1,,,,,,,
,,,,,,,,condition,下${SLv}次一般攻擊,,,,,,,
,,,,,,4,,text,持續時間為無限，進行${SLv}次一般攻擊後失效。,,,,,,,
3,星墜,預設/and,弓,箭矢,,-,text,text,向目標所在位置射出${1+Math.floor((SLv-1)/4)}發隕星箭，隕星箭在設置![4]秒後墜落，對範圍內敵人造成傷害。,,300 ,16 ,瞬發,可以放入連擊,慢,
,,,,,,,,is_mark,1,,,,,,,
,,,,,,,,branch,隕星箭,,,,,,,
,,,,,,-,proration,damage,physical,,,,,,,
,,,,,,1,damage,name,隕星箭,,,,,,,
,,,,,,,,constant,300,,,,,,,
,,,,,,,,multiplier,500+50*SLv+$DEX*1,,,,,,,
,,,,,,,,type,AOE,,,,,,,
,,,,,,,,radius,2.5,,,,,,,
,,,,,,,,duration,1+Math.floor((SLv-1)/4),,,,,,,
,,,,,,,,is_place,1,,,,,,,
,,,,,,,,frequency,1+Math.floor((SLv-1)/4),,,,,,,
,,,,,,,,cycle,1,,,,,,,
,,,,,,,,judgment,separate,,,,,,,
,,,,,,,,title,each,,,,,,,
,,,,,,,,range_damage,0,,,,,,,
,,,,,,,,skill_long_range,0,,,,,,,
,,,,,,,,action_frame,122~66,,,,,,,
,,,,,,-,extra,physical_pierce,50+SLv*5,,,,,,,
,,,,,,-,list,text,裝備弓使用時，兩次攻擊之間落下的間隔會慢3~4幀(輸出時間共約慢0.2秒)。,,,,,,,
,,,,,,,,mark,攻擊落下時間,,,,,,,
,,,,,,-,equipment,sub,getSkillLevel('1-4-12')>0,,,,,,,
3,,非預設/and,弩,箭矢,,,,,,,,,,,,
3,,非預設,弓,,,1,,multiplier,500+50*SLv,,,,,,,
,,,,,,,,radius,2,,,,,,,
3,,非預設,弩,,,1,,multiplier,500+50*SLv,,,,,,,
,,,,,,,,radius,2,,,,,,,
4,沉睡陷阱,預設,,箭矢,,-,text,text,放置一個#[陷阱]，對進入範圍的敵人造成傷害。,,100 ,-,瞬發,無法放入連擊,稍快,
,,,,,,,,is_mark,1,,,,,,,
,,,,,,-,proration,damage,magic,,,,,,,
,,,,,,1,damage,type,AOE,,,,,,,
,,,,,,,,damage_type,magic,,,,,,,
,,,,,,,,end_position,self,,,,,,,
,,,,,,,,radius,Math.floor(SLv/6)*0.5+1.5,,,,,,,
,,,,,,,,is_place,1,,,,,,,
,,,,,,,,constant,50+SLv*5,,,,,,,
,,,,,,,,multiplier,SLv+$DEX*0.5,,,,,,,
,,,,,,,,element,water,,,,,,,
,,,,,,,,ailment_name,睡眠,,,,,,,
,,,,,,,,ailment_chance,75+2.5*SLv,,,,,,,
,,,,,,,,range_damage,0,,,,,,,
,,,,,,,,action_frame,82~61,,,,,,,
,,,,,,2,extra,condition,觸發陷阱時,,,,,,,
,,,,,,,,caption,回復${100+SLv*10}MP。,,,,,,,
4,,非預設,,,,1,,multiplier,SLv,,,,,,,
,,,,,,,,radius,Math.floor(SLv/6)*0.5+0.5,,,,,,,
,,,,,,,,ailment_chance,55+2.5*SLv,,,,,,,
,,,,,,2,,caption,回復${SLv*10}MP。,,,,,,,
5,絆腳陷阱,預設,,箭矢,,-,text,text,放置一個#[陷阱]，對進入範圍的敵人造成傷害。,,200 ,-,瞬發,無法放入連擊,稍快,
,,,,,,,,is_mark,1,,,,,,,
,,,,,,-,proration,damage,magic,,,,,,,
,,,,,,1,damage,type,AOE,,,,,,,
,,,,,,,,damage_type,magic,,,,,,,
,,,,,,,,radius,Math.floor(SLv/6)*0.5+1.5,,,,,,,
,,,,,,,,end_position,self,,,,,,,
,,,,,,,,is_place,1,,,,,,,
,,,,,,,,constant,50+SLv*5,,,,,,,
,,,,,,,,multiplier,SLv+$DEX*0.5,,,,,,,
,,,,,,,,element,earth,,,,,,,
,,,,,,,,ailment_name,停止,,,,,,,
,,,,,,,,ailment_chance,75+2.5*SLv,,,,,,,
,,,,,,,,range_damage,0,,,,,,,
,,,,,,,,action_frame,82~61,,,,,,,
,,,,,,2,extra,condition,觸發陷阱時,,,,,,,
,,,,,,,,caption,回復${100+SLv*10}MP。,,,,,,,
5,,非預設,,,,1,,multiplier,SLv,,,,,,,
,,,,,,,,radius,Math.floor(SLv/6)*0.5+0.5,,,,,,,
,,,,,,,,ailment_chance,55+2.5*SLv,,,,,,,
,,,,,,2,,caption,回復${SLv*10}MP。,,,,,,,
6,猛爆地雷,預設,,箭矢,,-,text,text,放置一個#[陷阱]，對進入範圍的敵人造成傷害。,,400 ,-,瞬發,無法放入連擊,稍快,
,,,,,,,,is_mark,1,,,,,,,
,,,,,,-,proration,damage,magic,,,,,,,
,,,,,,1,damage,type,AOE,,,,,,,
,,,,,,,,damage_type,magic,,,,,,,
,,,,,,,,radius,Math.floor(SLv/6)*0.5+2.5,,,,,,,
,,,,,,,,end_position,self,,,,,,,
,,,,,,,,is_place,1,,,,,,,
,,,,,,,,constant,100+SLv*30,,,,,,,
,,,,,,,,multiplier,200+60*SLv+$BDEX*2+$TEC*2,,,,,,,
,,,,,,,,element,fire,,,,,,,
,,,,,,,,ailment_name,著火,,,,,,,
,,,,,,,,ailment_chance,"[85,90,90,90,90,90,95,95,95,100][SLv-1]",,,,,,,
,,,,,,,,range_damage,0,,,,,,,
,,,,,,,,action_frame,82~61,,,,,,,
,,,,,,2,extra,condition,觸發陷阱時,,,,,,,
,,,,,,,,caption,回復${100+SLv*10}MP。,,,,,,,
6,,非預設,,,,1,,multiplier,200+60*SLv,,,,,,,
,,,,,,,,radius,Math.floor(SLv/6)*0.5+1.5,,,,,,,
,,,,,,,,ailment_chance,"[5,10,10,10,10,10,15,15,15,20][SLv-1]",,,,,,,
,,,,,,2,,caption,回復${SLv*10}MP。,,,,,,,
7,乏力陷阱,預設,,箭矢,,-,text,text,放置一個#[陷阱]，對進入範圍的敵人造成傷害。,,300 ,-,瞬發,無法放入連擊,稍快,
,,,,,,,,is_mark,1,,,,,,,
,,,,,,-,proration,damage,magic,,,,,,,
,,,,,,1,damage,type,AOE,,,,,,,
,,,,,,,,damage_type,magic,,,,,,,
,,,,,,,,radius,Math.floor(SLv/6)*0.5+2.5,,,,,,,
,,,,,,,,end_position,self,,,,,,,
,,,,,,,,is_place,1,,,,,,,
,,,,,,,,constant,50+SLv*5,,,,,,,
,,,,,,,,multiplier,SLv+$DEX*0.5,,,,,,,
,,,,,,,,element,dark,,,,,,,
,,,,,,,,ailment_name,乏力,,,,,,,
,,,,,,,,ailment_chance,75+2.5*SLv,,,,,,,
,,,,,,,,range_damage,0,,,,,,,
,,,,,,,,action_frame,82~61,,,,,,,
,,,,,,2,extra,condition,觸發陷阱時,,,,,,,
,,,,,,,,caption,回復${100+SLv*10}MP。,,,,,,,
7,,非預設,,,,1,,radius,Math.floor(SLv/6)*0.5+2.5,,,,,,,
,,,,,,,,ailment_chance,55+2.5*SLv,,,,,,,
,,,,,,,,multiplier,SLv,,,,,,,
,,,,,,2,,caption,回復${SLv*10}MP。,,,,,,,
8,尋蹤射擊,預設/and,弓,箭矢,,-,proration,damage,normal_attack,,200 ,16 ,瞬發,可以放入連擊,,
,,,,,,1,damage,multiplier,SLv*10,,,,,,,
,,,,,,,,constant,200,,,,,,,
,,,,,,,,range_damage,0,,,,,,,
,,,,,,,,skill_long_range,0,,,,,,,
,,,,,,,,action_frame,122~66,,,,,,,
,,,,,,,,frequency,1+Math.floor(SLv/5),,,,,,,
,,,,,,,,judgment,separate,,,,,,,
,,,,,,,,title,each,,,,,,,
,,,,,,-,extra,absolute_accuracy,SLv*SLv,,,,,,,
,,,,,,3,extra,condition,裝備箭矢時,,,,,,,
,,,,,,,,caption,此傷害的閃躲貫穿+100%。,,,,,,,
,,,,,,2,extra,condition,成功命中時,,,,,,,
,,,,,,,,caption,回復((自身攻擊MP回復×${SLv/10}))的MP。,,,,,,,
,,,,,,-,list,text,閃躲貫穿屬性對部分目標的閃躲提升狀態不適用，如魔晶獸受#[控制類異常]後的必定閃躲。,,,,,,,
,,,,,,-,list,text,每段傷害命中都會回復一次MP。,,,,,,,
8,,非預設/and,弩,箭矢,,,,,,,,,,,,
8,,非預設,弓,,,1,,constant,0,,,,,,,
,,,,,,2,,caption,回復((自身攻擊MP回復×${SLv/20}))的MP。,,,,,,,
,,,,,,3,,,,,,,,,,
,,,,,,,,,,,,,,,,
8,,非預設,弩,,,1,,constant,0,,,,,,,
,,,,,,2,,caption,回復((自身攻擊MP回復×${SLv/20}))的MP。,,,,,,,
,,,,,,3,,,,,,,,,,
8,,歷史紀錄,0,2023/11/09,,-,text,text,依據技能等級提升攻擊次數。（仍然只造成一次慣性）,,,,,,,
,,,,,,1,,frequency,1,,,,,,,
8,,歷史紀錄,1,2023/11/09,,-,text,text,依據技能等級提升攻擊次數。（仍然只造成一次慣性）,,,,,,,
,,,,,,1,,frequency,1,,,,,,,
8,,歷史紀錄,2,2023/11/09,,-,text,text,依據技能等級提升攻擊次數。（仍然只造成一次慣性）,,,,,,,
,,,,,,1,,frequency,1,,,,,,,
8,,歷史紀錄,3,2023/11/09,,-,text,text,依據技能等級提升攻擊次數。（仍然只造成一次慣性）,,,,,,,
,,,,,,1,,frequency,1,,,,,,,
9,探知,預設,弓,,,-,text,text,給予自身探知狀態。若自身變為仇恨目標，解除探知狀態，並同時生成分身射手。,,300 ,,瞬發,可以放入連擊,,
,,,,,,,,skill,分身射手,,,,,,,
,,,,,,,,is_mark,1,,,,,,,
,,,,,,,,mark,探知,,,,,,,
,,,,,,1,effect,critical_rate,SLv,,,,,,,
,,,,,,,,aggro,-SLv-10,,,,,,,
,,,,,,,,name,探知,,,,,,,
,,,,,,,,duration,40,,,,,,,
,,,,,,,,end_condition,變成仇恨目標前,,,,,,,
,,,,,,,,action_frame,122~61,,,,,,,
,,,,,,-,list,text,未習得分身射手或沒有鎖定目標時，無法創造分身。,,,,,,,
,,,,,,,,mark,分身射手,,,,,,,
,,,,,,-,list,text,創造出的分身射手跟隨自身分身射手技能等級。,,,,,,,
,,,,,,,,mark,分身射手,,,,,,,
,,,,,,-,list,text,創造分身射手將於變成仇恨目標當下立即生成，無動作時間。,,,,,,,
,,,,,,,,mark,分身射手,,,,,,,
9,,非預設,弩,,,,,,,,,,,,,
10,氣旋箭,預設/and,弓,箭矢,,-,text,text,以目標為中心，創造單下氣旋，造成一段範圍傷害。,,100 ,14 ,瞬發,可以放入連擊,,
,,,,,,,,is_mark,1,,,,,,,
,,,,,,-,proration,damage,physical,,,,,,,
,,,,,,1,damage,name,氣旋,,,,,,,
,,,,,,,,constant,100,,,,,,,
,,,,,,,,multiplier,10*SLv+$DEX/2,,,,,,,
,,,,,,,,range_damage,1,,,,,,,
,,,,,,,,action_frame,61~37,,,,,,,
,,,,,,,,type,AOE,,,,,,,
,,,,,,,,radius,4+0.4*SLv,,,,,,,
,,,,,,,,end_position,target,,,,,,,
,,,,,,,,ailment_name,膽怯,,,,,,,
,,,,,,,,ailment_chance,SLv*SLv,,,,,,,
,,,,,,,,element,wind,,,,,,,
,,,,,,-,extra,caption,被命中的目標將被拉至技能中心。但BOSS級敵人免疫此效果。,,,,,,,
,,,,,,-,list,text,#[膽怯]只會對鎖定目標附加，AOE範圍內的其他敵人無膽怯效果。,,,,,,,
,,,,,,-,list,text,此技能的膽怯，抵抗時間為35秒。,,,,,,,
,,,,,,,,,,,,,,,,
10,,非預設,弓,,,1,damage,multiplier,10*SLv,,,,,,,
,,,,,,,,radius,2+0.4*Math.floor(SLv/2),,,,,,,
,,,,,,,,,,,,,,,,
11,垂直氣彈,預設/and,弓,箭矢,,-,text,text,依據當前與目標距離，決定攻擊次數。處於空中時進入#[無敵]狀態,,400 ,12 ,瞬發,可以放入連擊,,
,,,,,,,,is_mark,1,,,,,,,
,,,,,,-,proration,damage,physical,,,,,,,
,,,,,,-,damage,name,第一擊,,,,,,,
,,,,,,,,constant,250,,,,,,,
,,,,,,,,multiplier,300+45*SLv,,,,,,,
,,,,,,,,range_damage,1,,,,,,,
,,,,,,,,action_frame,92~52,,,,,,,
,,,,,,-,damage,name,第二擊,,,,,,,
,,,,,,,,constant,100,,,,,,,
,,,,,,,,multiplier,200+30*SLv,,,,,,,
,,,,,,,,range_damage,1,,,,,,,
,,,,,,1,extra,physical_pierce,50,,,,,,,
,,,,,,-,damage,name,第三擊,,,,,,,
,,,,,,,,constant,50,,,,,,,
,,,,,,,,multiplier,100+15*SLv,,,,,,,
,,,,,,,,range_damage,1,,,,,,,
,,,,,,2,extra,physical_pierce,100,,,,,,,
,,,,,,-,list,text,此攻擊依據施放時距離決定攻擊次數。,,,,,,,
,,,,,,-,list,text,遊戲內顯示0m~3m ：1下,,,,,,,
,,,,,,-,list,text,遊戲內顯示4m~7m ：2下,,,,,,,
,,,,,,-,list,text,遊戲內顯示8m~12m：3下,,,,,,,
,,,,,,-,list,text,不論攻擊段數是幾次，總動作時間與無敵時間都是相同的。,,,,,,,
11,,非預設,弓,,,1,extra,physical_pierce,25,,,,,,,
,,,,,,,,,,,,,,,,
11,,非預設,弓,,,2,extra,physical_pierce,50,,,,,,,
12,弩弓獵人,預設/and,弩,箭矢,,-,text,text,副手不是箭矢也不是無裝備時，提升武器攻擊力、並且在使用狩獵技能時的技能效果將與裝備箭矢時相同。,,,,被動,,,
,,,,,,,,is_mark,1,,,,,,,
,,,,,,1,passive,weapon_atk,0,%,,,,,,
,,,,,,,,,,,,,,,,
12,,非預設/and,弩,無裝備,,,,,,,,,,,,
12,,非預設,弩,,,1,passive,weapon_atk,2.5*SLv,%,,,,,,
13,多重狩獵,預設/and,弩,箭矢,,1,text,text,依據副手裝備的不同，賦予技能不同名稱與效果。當副手為無裝備、箭矢、拳套時，對鎖定目標發動鋒銳狙擊。,,200 ,16 ,須蓄力,可以放入連擊,,1.5
,,,,,,,,mark,"鋒銳狙擊,獵狼猛襲,捕獵狙擊,獵手防衛",,,,,,,
,,,,,,,,is_mark,1,,,,,,,
,,,,,,20,,,,,,,,,,
,,,,,,21,,,,,,,,,,
,,,,,,-,space,#,,,,,,,,
,,,,,,2,proration,damage,physical,,,,,,,
,,,,,,3,damage,name,鋒銳狙擊,,,,,,,
,,,,,,,,constant,200,,,,,,,
,,,,,,,,multiplier,700+SLv*30+$BDEX*0.5+stack[0]*25,,,,,,,
,,,,,,,,range_damage,1,,,,,,,
,,,,,,,,ailment_chance,extra[0]*2,,,,,,,
,,,,,,,,ailment_name,降防,,,,,,,
,,,,,,,,action_frame,67~45,,,,,,,
,,,,,,,,stack_id,1,,,,,,,
,,,,,,-,formula_extra,texts,角色的物理貫穿%,,,,,,,
,,,,,,,,values.0,@C.stat('physical_pierce'),,,,,,,
,,,,,,10,extra,critical_rate,-25,,,,,,,
,,,,,,11,,,,,,,,,,
,,,,,,4,list,text,此技能蓄力時間不受詠唱速度影響。,,,,,,,
,,,,,,5,list,text,若自身並非仇恨目標，則此技能不須蓄力即可發動。,,,,,,,
,,,,,,6,list,text,暴擊率降低的負面效果，僅有技能等級10的資料。,,,,,,,
,,,,,,-,text,text,習得狩獵知識後，此技能的倍率提升。,,,,,,,
,,,,,,,,skill,狩獵知識,,,,,,,
,,,,,,-,stack,name,狩獵知識技能等級,,,,,,,
,,,,,,,,max,10,,,,,,,
,,,,,,,,min,0,,,,,,,
,,,,,,,,default,10,,,,,,,
,,,,,,,,id,1,,,,,,,
13,,非預設/and,弩,拳套,,,,,,,,,,,,
13,,非預設/and,弩,無裝備,,,,,,,,,,,,
13,,非預設/and,弩,小刀,,3,damage,name,獵狼猛襲,,,12 ,瞬發,可以放入連擊,,0
,,,,,,,,multiplier,500+50*SLv+$AGI+stack[0]*25,,,,,,,
,,,,,,,,frequency,2,,,,,,,
,,,,,,,,ailment_chance,,,,,,,,
,,,,,,,,ailment_name,,,,,,,,
,,,,,,,,action_frame,61~31,,,,,,,
,,,,,,1,,text,副手為小刀發動時，瞬移到目標面前並發動獵狼猛襲。（瞬移時不受路徑上傷害影響）,,,,,,,
,,,,,,10,next,caption,#[MP消耗減半]。,,,,,,,
,,,,,,,,critical_rate,,,,,,,,
,,,,,,11,extra,short_range_damage,10,,,,,,,
,,,,,,4,,,,,,,,,,
,,,,,,5,,,,,,,,,,
,,,,,,6,,,,,,,,,,
13,,非預設/and,弩,魔導具,,1,,text,副手為魔導具發動時，對目標發動捕獵狙擊。該技能分為兩段：一段單體魔法傷害與一段範圍物理傷害。,,,12 ,瞬發,可以放入連擊,,0
,,,,,,20,proration,damage,magic,,,,,,,
,,,,,,21,damage,name,捕獵狙擊(第一段),,,,,,,
,,,,,,,,constant,200,,,,,,,
,,,,,,,,multiplier,75*SLv+stack[0]*12.5,,,,,,,
,,,,,,,,damage_type,magic,,,,,,,
,,,,,,,,ailment_name,停止,,,,,,,
,,,,,,,,ailment_chance,0,,,,,,,
,,,,,,,,action_frame,92~52,,,,,,,
,,,,,,,,range_damage,1,,,,,,,
,,,,,,,,stack_id,1,,,,,,,
,,,,,,3,damage,name,捕獵狙擊(第二段),,,,,,,
,,,,,,,,multiplier,500+25*SLv+stack[0]*12.5,,,,,,,
,,,,,,,,range_damage,1,,,,,,,
,,,,,,,,ailment_chance,,,,,,,,
,,,,,,,,ailment_name,,,,,,,,
,,,,,,,,type,AOE,,,,,,,
,,,,,,,,effective_area,line,,,,,,,
,,,,,,,,radius,2,,,,,,,
,,,,,,,,move_distance,12,,,,,,,
,,,,,,10,extra,caption,此傷害#[必定暴擊]。,,,,,,,
,,,,,,,,condition,當目標處於停止狀態時,,,,,,,
,,,,,,,,critical_rate,,,,,,,,
,,,,,,4,list,text,此技能僅會造成一次慣性，根據最初受到的傷害是第一段或第二段而定。,,,,,,,
,,,,,,5,,,,,,,,,,
,,,,,,6,,,,,,,,,,
13,,非預設/and,弩,盾牌,,1,,text,副手為盾牌發動時，對目標發動獵手防衛。,,,12 ,瞬發,可以放入連擊,,0
,,,,,,3,,name,獵手防衛,,,,,,,
,,,,,,,,multiplier,750+25*SLv+$VIT+stack[0]*25,,,,,,,
,,,,,,,,frequency,3,,,,,,,
,,,,,,,,ailment_chance,,,,,,,,
,,,,,,,,ailment_name,,,,,,,,
,,,,,,,,action_frame,61~37,,,,,,,
,,,,,,10,extra,condition,動作期間,,,,,,,
,,,,,,,,caption,"受到的物理/魔法傷害減輕${[10,13,17,22,28,34,45,57,72,90][SLv-1]}%。",,,,,,,
,,,,,,,,critical_rate,,,,,,,,
,,,,,,11,extra,condition,發動成功後,,,,,,,
,,,,,,,,caption,獲得防衛狀態。,,,,,,,
,,,,,,4,effect,physical_resistance,$shield_refining,,,,,,,
,,,,,,,,magic_resistance,$shield_refining,,,,,,,
,,,,,,,,duration,10,,,,,,,
,,,,,,,,name,防衛,,,,,,,
,,,,,,5,extra,caption,每次使用技能造成傷害時，都將回復((角色HP上限×${SLv*0.1}%))的HP。,,,,,,,
,,,,,,,,,,,,,,,,
,,,,,,6,list,text,（未確認）對於限傷時視為多段傷害類的技能，每段傷害都會回復一次HP；但那些視為單段傷害的技能則指會回復一次HP。,,,,,,,
13,,歷史紀錄,0,2023/11/09,,3,,multiplier,700+SLv*30,,,,,,,
13,,歷史紀錄,1,2023/11/09,,3,,multiplier,700+SLv*30,,,,,,,
13,,歷史紀錄,2,2023/11/09,,3,,multiplier,700+SLv*30,,,,,,,
13,,歷史紀錄,5,2023/11/09,,11,extra,condition,動作期間受到物理/魔法傷害,,,,,,,
14,聚焦,預設,弓,,,-,text,text,賦予目標「靶標」狀態，攻擊該目標時遠距離威力增加，此效果對全隊有效。,,600 ,16 ,瞬發,可以放入連擊,,
,,,,,,,,mark,"遠距離威力,靶標",,,,,,,
,,,,,,,,is_mark,1,,,,,,,
,,,,,,-,list,text,同一時間只能有一個目標有靶標狀態。,,,,,,,
,,,,,,-,effect,name,靶標,,,,,,,
,,,,,,,,type,party,,,,,,,
,,,,,,,,long_range_damage,Math.floor((SLv+1)/2),,,,,,,
,,,,,,,,end_condition,至目標死亡或賦予其他目標靶標時,,,,,,,
,,,,,,,,condition,對受影響的目標,,,,,,,
,,,,,,,,action_frame,92~52,,,,,,,
,,,,,,1,extra,condition,裝備弓時,,,,,,,
,,,,,,,,caption,"使用星墜攻擊目標時，從釋放技能到隕星箭落下的間隔時間縮短${2.5*SLv}%。（滿級時縮短1秒）<br>
此外，每發隕星箭都會重新鎖定目標位置。",,,,,,,
,,,,,,,,skill,星墜,,,,,,,
,,,,,,,,mark,隕星箭,,,,,,,
,,,,,,-,extra,condition,若自身裝備小刀或盾牌(隊友無法享受此效果)，攻擊此目標時,,,,,,,
,,,,,,,,short_range_damage,Math.floor(SLv/2),,,,,,,
14,,非預設,弩,,,1,,caption,使用星墜攻擊目標時，每發隕星箭落下的間隔時間縮短${5*SLv}%。（滿級時縮短0.5秒）,,,,,,,
,,,,,,,,condition,裝備弩時,,,,,,,
,,,,,,,,,,,,,,,,
,,,,,,,,,,,,,,,,
,,,,,,,,,,,,,,,,
,,,,,,,,,,,,,,,,
,,,,,,,,,,,,,,,,
,,,,,,,,,,,,,,,,
,,,,,,,,,,,,,,,,
15,偽裝術,預設,弓,,,1,effect,duration,180,,400 ,,瞬發,可以放入連擊,,
,,,,,,,,atk,CLv*SLv/10,,,,,,,
,,,,,,,,critical_rate,4*SLv,,,,,,,
,,,,,,-,extra,caption,來自技能基礎MP消耗產生的恨意值，減少${20+4*SLv}%，但單個技能最低僅能減至100恨意。,,,,,,,
,,,,,,-,list,text,需在自身未成為任意敵人的仇恨目標時，才能施展此技能。,,,,,,,
,,,,,,2,list,text,效果期間內，若自身變為仇恨目標，此技能效果結束並使自己陷入#[昏厥]2.5秒；但如果未組隊，則不會進入昏厥。,,,,,,,
,,,,,,-,tips,text,只要有組隊就會產生昏厥，即使隊伍成員不在場。,,,,,,,
,,,,,,3,text,text,主手弓時，上述效果中的「減少恨意值」將變為被動效果，但被動存在時效果減半。,,,,,,,
,,,,,,,,mark,被動效果,,,,,,,
,,,,,,-,tips,text,此技能數據與角色等級有關，注意調整下方選項內的角色等級以得到正確數值。,,,,,,,
,,,,,,4,,,,,,,,,,
15,,非預設,弩,,,1,,critical_rate,2*SLv,,,,,,,
,,,,,,,,critical_rate.display,4*SLv,,,,,,,
,,,,,,3,text,text,主手弩時，上述效果中的「暴擊率提升」將變為被動效果，但被動存在時效果減半。,,,,,,,
,,,,,,4,effect,critical_rate,2*SLv,,,,,,,
,,,,,,,,name,弩被動效果(為避免衝突，在角色模擬中主動效果的暴擊率加成量砍半),,,,,,,
,,,,,,,,invisible,1,,,,,,,
15,,非預設,,,,1,,atk,CLv/2*(SLv/10),,,,,,,
,,,,,,2,list,text,效果期間內，若自身變為仇恨目標，此技能效果結束並使自己陷入#[昏厥]5秒；但如果未組隊，則不會進入昏厥。,,,,,,,
,,,,,,3,,,,,,,,,,
,,,,,,,,,,,,,,,,
16,狩獵知識,預設,弩,,,-,passive,caption,使多重狩獵的技能倍率提升${25*SLv}。,,,,被動,,,
,,,,,,,,skill,多重狩獵,,,,,,,
,,,,,,,,is_mark,1,,,,,,,
,,,,,,-,tips,text,不論副手裝甚麼，效果都一樣。,,,,,,,
,,,,,,,,,,,,,,,,
,,,,,,,,,,,,,,,,
5,1,祭司技能,,,,,,,,,,,,,,
0,祝福,預設/and,法杖,盾牌,,-,effect,caption,使自身及所有隊伍成員獲得祝福。,,100 ,,瞬發,可以放入連擊,慢,
,,,,,,,,branch,祝福,,,,,,,
,,,,,,,,type,party,,,,,,,
,,,,,,1,heal,name,祝福,,,,,,,
,,,,,,,,type,hp,,,,,,,
,,,,,,,,cycle,5,,,,,,,
,,,,,,,,duration,"Math.floor((SLv+2)/3)*5+Math.floor((stack-1)/2)*5*Math.min(1,stack)+Math.min(1,stack)*Math.floor(SLv/10)*5",,,,,,,
,,,,,,,,frequency,"Math.floor((SLv+5)/3)+Math.max(0,Math.floor((stack-1)/2))+Math.floor(SLv/10)*Math.min(1,stack)",,,,,,,
,,,,,,,,cycle,5,,,,,,,
,,,,,,,,constant,"10+SLv*5+(10+Math.floor(SLv/10)*30)*Math.min(1,stack)+2*stack",,,,,,,
,,,,,,,,extra_text,"自身MATK, 自身INT",,,,,,,
,,,,,,,,extra_value,"Math.floor((SLv+6)/4)*0.01+(Math.min(1,stack)*Math.floor((stack+2)/4)+Math.floor(stack/10))*0.01+0.05+Math.min(1,stack)*Math.floor(SLv/10)*0.05",,,,,,,
,,,,,,,,stack_id,1,,,,,,,
,,,,,,,,action_frame,122~66,,,,,,,
,,,,,,-,tips,text,施放完畢時即恢復一次，隨後每5秒恢復一次。,,,,,,,
,,,,,,-,text,text,學習強化祝福後，將增加此技能回復量與次數。,,,,,,,
,,,,,,,,skill,強化祝福,,,,,,,
,,,,,,-,stack,name,強化祝福等級,,,,,,,
,,,,,,,,id,1,,,,,,,
,,,,,,,,min,0,,,,,,,
,,,,,,,,max,10,,,,,,,
,,,,,,,,,,,,,,,,
,,,,,,,,value,getSkillLevel('1-5-2'),,,,,,,
0,,非預設,法杖,,,,,,,,,,,,,
0,,非預設,魔導具,魔導具,,1,heal,extra_text,自身MATK,,,,,,,
,,,,,,,,extra_value,"Math.floor((SLv+2)/4)*0.01+Math.min(1,stack)*Math.floor((stack+2)/4)*0.01",,,,,,,
0,,非預設,,,,1,heal,extra_text,自身MATK,,,,,,,
,,,,,,,,extra_value,"Math.floor((SLv+2)/4)*0.01+Math.min(1,stack)*Math.floor((stack+2)/4)*0.01",,,,,,,
1,榮耀頌歌,預設,法杖,,,-,effect,type,party,,100 ,,須詠唱,可以放入連擊,慢,1
,,,,,,,,def,50+Math.floor(SLv*SLv*1.5),%,,,,,,
,,,,,,,,mdef,50+Math.floor(SLv*SLv*1.5),%,,,,,,
,,,,,,,,duration,30,,,,,,,
,,,,,,,,action_frame,171~97,,,,,,,
,,,,,,1,extra,condition,隊伍中裝備盾牌的成員,,,,,,,
,,,,,,,,guard_regenerate,10+Math.floor(SLv/2),,,,,,,
1,,非預設,,,,1,extra,guard_regenerate,5+Math.floor(SLv/2),,,,,,,
2,強化祝福,預設,法杖,,,1,passive,caption,使祝福的恢復量增加((${40+2*SLv}+Matk×${Math.floor((SLv+2)/4)+Math.floor(SLv/10)}%+INT×5%))。<br />使祝福的持續時間增加${Math.floor((SLv+1)/2)*5}秒。<br />使祝福的恢復次數增加${Math.floor((SLv+1)/2)}次。,,,,被動,,,
,,,,,,,,skill,祝福,,,,,,,
,,,,,,-,list,text,此處顯示之加成量為祝福的技能等級10時的數據。,,,,,,,
,,,,,,,,skill,祝福,,,,,,,
,,,,,,2,list,text,祝福技能等級不為10時，增加的回復次數${-1}；回復量的部分，常數項降低30，MATK加成降低![1%]、且INT的加成部分不生效。,,,,,,,
,,,,,,,,skill,祝福,,,,,,,
2,,非預設,,,,1,,caption,使祝福的恢復量增加((${40+2*SLv}+Matk×${Math.floor((SLv+2)/4)}%))。<br />使祝福的持續時間增加${Math.floor((SLv+1)/2)*5}秒。<br />使祝福的恢復次數增加${Math.floor((SLv+1)/2)}次。,,,,,,,
,,,,,,2,list,text,祝福技能等級不為10時，增加的回復次數${-1}；回復量的部分，常數項降低30。,,,,,,,
3,高貴治癒,預設,,,,-,text,text,恢復一次自己與${7+0.3*SLv}米內，所有己方的HP。,,400 ,,須詠唱,無法放入連擊,稍慢,3
,,,,,,,,is_mark,1,,,,,,,
,,,,,,-,heal,type,hp,,,,,,,
,,,,,,,,target,party,,,,,,,
,,,,,,,,constant,500*SLv,,,,,,,
,,,,,,,,extra_text,目標的最大HP,,,,,,,
,,,,,,,,extra_value,0.1+0.02*SLv,,,,,,,
,,,,,,,,radius,7+0.3*SLv,,,,,,,
,,,,,,,,radius.registlet,RLv,,,,,,,
,,,,,,,,action_frame,171~97,,,,,,,
,,,,,,-,list,text,與治癒術、癒合不同，無法縮短復活剩餘時間。,,,,,,,
,,,,,,,,skill,"癒合, 治癒術",,,,,,,
4,聖拳之裁,預設,法杖,,,-,text,text,對目標造成一次複合傷害，該傷害分為物理部分與魔法部分，兩部分傷害會相加。,,100 ,1 ,瞬發,可以放入連擊,稍快,
,,,,,,,,branch,"物理部分, 魔法部分",,,,,,,
,,,,,,,,is_mark,1,,,,,,,
,,,,,,-,proration,damage,physical,,,,,,,
,,,,,,1,damage,name,物理部分,,,,,,,
,,,,,,,,constant,50+5*SLv,,,,,,,
,,,,,,,,multiplier,50+5*SLv,,,,,,,
,,,,,,,,element,light,,,,,,,
,,,,,,,,range_damage,1,,,,,,,
,,,,,,,,action_frame,61~37,,,,,,,
,,,,,,-,space,,,,,,,,,
,,,,,,-,proration,damage,magic,,,,,,,
,,,,,,,,proration,none,,,,,,,
,,,,,,3,damage,name,魔法部分,,,,,,,
,,,,,,,,constant,50+5*SLv,,,,,,,
,,,,,,,,multiplier,100+10*SLv+$INT*1,,,,,,,
,,,,,,,,damage_type,magic,,,,,,,
,,,,,,,,element,light,,,,,,,
,,,,,,,,range_damage,1,,,,,,,
,,,,,,,,,,,,,,,,
,,,,,,-,list,text,本技能造成一次物理慣性、技能屬性為光。,,,,,,,
,,,,,,-,list,text,物理部分使用物理暴擊、物理穩定、DEF、物理抗性...等等，且會被閃躲、MISS；魔法部分則使用魔法暴擊、魔法穩定、MDEF、魔法抗性等，必定命中。,,,,,,,
,,,,,,-,list,text,兩部分傷害獨立判定後再相加，為最終傷害。,,,,,,,
,,,,,,,,,,,,,,,,
4,,非預設,拳套,,,1,damage,multiplier,100+10*SLv+$STR*1,,,,,,,
,,,,,,3,damage,multiplier,50+5*SLv,,,,,,,
4,,非預設,,,,1,damage,multiplier,50+5*SLv,,,,,,,
,,,,,,3,damage,multiplier,50+5*SLv,,,,,,,
4,,歷史紀錄,0,2019/06/24,,1,,multiplier,15+2.5*SLv,,,,,,,
,,,,,,3,,multiplier,60+10*SLv,,,,,,,
4,,歷史紀錄,1,2019/06/24,,1,,multiplier,60+10*SLv,,,,,,,
,,,,,,3,,multiplier,15+2.5*SLv,,,,,,,
4,,歷史紀錄,2,2019/06/24,,1,,multiplier,30+5*SLv,,,,,,,
,,,,,,3,,multiplier,30+5*SLv,,,,,,,
,,,,,,,,,,,,,,,,
,,,,,,,,,,,,,,,,
,,,,,,,,,,,,,,,,
5,神聖光輝,預設,法杖,,,-,text,text,射出一道聖光攻擊敵人，聖光命中同時會回復自身HP。,,200 ,12 ,須詠唱,可以放入連擊,稍快,2
,,,,,,,,is_mark,1,,,,,,,
,,,,,,-,proration,damage,magic,,,,,,,
,,,,,,1,damage,constant,200,,,,,,,
,,,,,,,,multiplier,200+15*SLv+$BINT*2,,,,,,,
,,,,,,,,damage_type,magic,,,,,,,
,,,,,,,,element,light,,,,,,,
,,,,,,,,name,聖光,,,,,,,
,,,,,,,,range_damage,1,,,,,,,
,,,,,,,,action_frame,171~97,,,,,,,
,,,,,,2,extra,magic_pierce,SLv,,,,,,,
,,,,,,-,heal,type,hp,,,,,,,
,,,,,,,,extra_text,自身最大HP,,,,,,,
,,,,,,,,extra_value,0.25,,,,,,,
,,,,,,3,list,text,HP恢復上限為${100*SLv}。,,,,,,,
,,,,,,,,,,,,,,,,
,,,,,,-,damage,name,(托環效果)法術/終結 第一段傷害,,,,,,,
,,,,,,,,constant,SLv*300,,,,,,,
,,,,,,,,multiplier,3750+$BINT,,,,,,,
,,,,,,,,damage_type,magic,,,,,,,
,,,,,,,,type,AOE,,,,,,,
,,,,,,,,radius,0.5,,,,,,,
,,,,,,,,range_damage,1,,,,,,,
,,,,,,,,element,light,,,,,,,
,,,,,,,,invisible,1,,,,,,,
,,,,,,,,action_frame,~178,,,,,,,
,,,,,,-,damage,name,(托環效果)法術/終結 第二段傷害,,,,,,,
,,,,,,,,constant,SLv*30,,,,,,,
,,,,,,,,multiplier,2000,,,,,,,
,,,,,,,,damage_type,magic,,,,,,,
,,,,,,,,type,AOE,,,,,,,
,,,,,,,,radius,4,,,,,,,
,,,,,,,,range_damage,1,,,,,,,
,,,,,,,,element,light,,,,,,,
,,,,,,,,invisible,1,,,,,,,
,,,,,,-,damage,name,(托環效果)法術/終結 第三段傷害,,,,,,,
,,,,,,,,constant,SLv*3,,,,,,,
,,,,,,,,multiplier,1000,,,,,,,
,,,,,,,,damage_type,magic,,,,,,,
,,,,,,,,radius,10,,,,,,,
,,,,,,,,type,AOE,,,,,,,
,,,,,,,,range_damage,1,,,,,,,
,,,,,,,,element,light,,,,,,,
,,,,,,,,invisible,1,,,,,,,
5,,非預設,魔導具,魔導具,,1,damage,multiplier,100+15*SLv,,,,,,,
,,,,,,2,extra,magic_pierce,SLv+30,,,,,,,
,,,,,,3,list,text,HP恢復上限為${100*SLv+$BINT*10}。,,,,,,,
5,,非預設,,,,1,damage,multiplier,100+15*SLv,,,,,,,
5,,歷史紀錄,0,2019/06/24,,1,,multiplier,200+15*SLv+$BINT,,,,,,,
5,,歷史紀錄,1,2019/06/24,,3,,text,HP恢復上限為${100*SLv}。,,,,,,,
,,,,,,1,,multiplier,100+15*SLv+$BINT*1,,,,,,,
5,,歷史紀錄,2,2019/06/24,,1,,multiplier,100+15*SLv+$BINT*1,,,,,,,
,,,,,,,,,,,,,,,,
6,空靈障壁,預設,,,,-,effect,caption,增加對#[膽怯]的抗性${50+SLv*5}%。,,300 ,,須蓄力,可以放入連擊,快,4
,,,,,,,,duration,5,,,,,,,
,,,,,,,,type,party,,,,,,,
,,,,,,,,action_frame,110~66,,,,,,,
,,,,,,-,extra,condition,副作用,,,,,,,
,,,,,,,,matk,-8+Math.floor(0.3*SLv),%,,,,,,
,,,,,,-,list,text,#[膽怯]分為通常膽怯與詠唱膽怯，此效果增加的對膽怯抗性可對兩者同時生效，但在通常膽怯的部分將無視異常抗性的計算。,,,,,,,
,,,,,,,,mark,"通常膽怯, 詠唱膽怯, 對膽怯抗性",,,,,,,
7,祈禱,預設/and,法杖,盾牌,,1,effect,matk,SLv,%,500 ,,須詠唱,可以放入連擊,稍慢,1
,,,,,,,,duration,65+SLv,,,,,,,
,,,,,,,,type,party,,,,,,,
,,,,,,,,action_frame,171~97,,,,,,,
,,,,,,2,extra,condition,獲得狀態時,,,,,,,
,,,,,,,,caption,有100%機率解除#[衰弱]狀態。,,,,,,,
,,,,,,,,,,,,,,,,
7,,非預設,法杖,,,2,,caption,有75%機率解除#[衰弱]狀態。,,,,,,,
7,,非預設,魔導具,魔導具,,1,,matk,5+SLv,%,,,,,,
,,,,,,,,duration,15+SLv,,,,,,,
,,,,,,2,,caption,有75%機率解除#[衰弱]狀態。,,,,,,,
7,,非預設,,盾牌,,1,,duration,15+SLv,,,,,,,
7,,非預設,,,,1,,duration,15+SLv,,,,,,,
,,,,,,2,,caption,有75%機率解除#[衰弱]狀態。,,,,,,,
8,杖擊,預設/and,法杖,盾牌,,-,proration,damage,physical,,100 ,7 ,瞬發,可以放入連擊,稍快,
,,,,,,1,damage,constant,100,,,,,,,
,,,,,,,,multiplier,190+SLv+$STR*1,,,,,,,
,,,,,,,,ailment_name,膽怯,,,,,,,
,,,,,,,,ailment_chance,"Math.min(100,50+5*SLv)",,,,,,,
,,,,,,,,element,neutral,,,,,,,
,,,,,,,,range_damage,1,,,,,,,
,,,,,,,,action_frame,61~37,,,,,,,
,,,,,,-,extra,physical_pierce,25+$BSTR*0.1,,,,,,,
8,,非預設,法杖,,,1,,ailment_chance,"Math.min(100,25+5*SLv)",,,,,,,
,,,,,,,,,,,,,,,,
,,,,,,,,,,,,,,,,
9,驅魔,預設,法杖,盾牌,,-,proration,damage,magic,,200 ,-,瞬發,可以放入連擊,稍慢,
,,,,,,-,damage,name,驅魔,,,,,,,
,,,,,,,,constant,10*SLv,,,,,,,
,,,,,,,,multiplier,SLv*20+45,,,,,,,
,,,,,,,,element,light,,,,,,,
,,,,,,,,type,AOE,,,,,,,
,,,,,,,,damage_type,magic,,,,,,,
,,,,,,,,radius,4,,,,,,,
,,,,,,,,end_position,self,,,,,,,
,,,,,,,,range_damage,1,,,,,,,
,,,,,,,,action_frame,122~66,,,,,,,
,,,,,,-,next,caption,#[MP消耗減半]。,,,,,,,
,,,,,,-,text,text,目標為暗屬性時，造成傷害獲得強化。,,,,,,,
,,,,,,-,damage,name,驅魔（對暗屬性敵人）,,,,,,,
,,,,,,,,constant,100+10*SLv,,,,,,,
,,,,,,,,multiplier,395+SLv*25,,,,,,,
,,,,,,,,element,light,,,,,,,
,,,,,,,,type,AOE,,,,,,,
,,,,,,,,damage_type,magic,,,,,,,
,,,,,,,,radius,4,,,,,,,
,,,,,,,,end_position,self,,,,,,,
,,,,,,,,range_damage,1,,,,,,,
,,,,,,,,,,,,,,,,
,,,,,,-,extra,condition,目標為暗屬性時,,,,,,,
,,,,,,,,ailment_name,眩暈、閃光、畏懼其中之一,,,,,,,
,,,,,,,,ailment_chance,33,,,,,,,
,,,,,,-,list,text,復仇女神的審判狀態有效時，此技能對所有屬性均可獲得如同暗屬性目標的傷害強化，並使技能附帶#[雙重屬性](魔導具)。,,,,,,,
,,,,,,,,mark,"審判, 暗屬性",,,,,,,
,,,,,,,,skill,復仇女神,,,,,,,
,,,,,,-,reference,url,https://www.youtube.com/watch?v=PTWXgrNxsoA,,,,,,,
,,,,,,,,url_text,對暗屬性目標的傷害公式測試,,,,,,,
10,神聖之書,預設/and,法杖,盾牌,,-,text,text,給予自身10分鐘的聖書效果，在魔法技能結束後自動對鎖定目標發動一次神聖光輝技能，但目標為光屬性時不會造成追加傷害。,,100 ,,瞬發,可以放入連擊,快,
,,,,,,,,is_mark,1,,,,,,,
,,,,,,,,skill,神聖光輝,,,,,,,
,,,,,,,,branch,聖書,,,,,,,
,,,,,,-,effect,name,聖書,,,,,,,
,,,,,,,,dark_resistance,5,,,,,,,
,,,,,,,,duration,600,,,,,,,
,,,,,,,,action_frame,61~37,,,,,,,
,,,,,,2,extra,caption,在魔法技能命中後，有${50+5*SLv}%機率對目標追加神聖光輝，冷卻時間為${20-SLv}秒。,,,,,,,
,,,,,,,,skill,神聖光輝,,,,,,,
,,,,,,,,condition,對光屬性以外目標,,,,,,,
,,,,,,1,extra,skill,神聖光輝,,,,,,,
,,,,,,-,extra,condition,持有復仇女神的審判狀態時,,,,,,,
,,,,,,,,caption,神聖光輝亦可追擊光屬性目標，並使其傷害附帶#[雙重屬性](魔導具)。,,,,,,,
,,,,,,,,mark,"審判, 光屬性, 神聖光輝",,,,,,,
,,,,,,,,skill,復仇女神,,,,,,,
,,,,,,-,list,text,對於多段式傷害的技能，每下傷害皆有機率觸發效果。,,,,,,,
,,,,,,-,list,text,自動發動的神聖光輝無須詠唱與動作時間、無須消費MP，會直接造成傷害，傷害依隨神聖光輝的技能等級。,,,,,,,
,,,,,,,,skill,神聖光輝,,,,,,,
,,,,,,-,list,text,自動發動的神聖光輝會正常造成慣性。,,,,,,,
,,,,,,,,skill,神聖光輝,,,,,,,
,,,,,,3,,,,,,,,,,
,,,,,,-,list,text,技能說明中「光屬性對象也會有魔法傷害」為翻譯失誤，原文為「並非所有魔法傷害皆可觸發神聖光輝」。,,,,,,,
,,,,,,-,list,text,承上，已確認魔法、魔劍、巫師、祭司技能樹，與忍術中的魔法技能，皆可觸發此技能效果。,,,,,,,
,,,,,,-,tips,text,發動機率與冷卻時間皆為估測值，可能有所誤差。,,,,,,,
10,,非預設/and,單手劍,盾牌,,1,,condition,裝備單手劍時,,,,,,,
,,,,,,,,caption,追加的神聖光輝的技能威力，視同使用法杖施展。,,,,,,,
10,,非預設/and,拳套,盾牌,,,,,,,,,,,,
10,,非預設/and,法杖,魔導具,,2,,caption,在魔法技能命中後，有${25+2.5*SLv}%機率對目標追加神聖光輝，冷卻時間為${10-SLv/2}秒。,,,,,,,
10,,非預設/and,單手劍,魔導具,,2,,caption,在魔法技能命中後，有${25+2.5*SLv}%機率對目標追加神聖光輝，冷卻時間為${10-SLv/2}秒。,,,,,,,
,,,,,,1,,condition,裝備單手劍時,,,,,,,
,,,,,,,,caption,追加的神聖光輝的技能威力，視同使用法杖施展。,,,,,,,
10,,非預設/and,拳套,魔導具,,2,,caption,在魔法技能命中後，有${25+2.5*SLv}%機率對目標追加神聖光輝，冷卻時間為${10-SLv/2}秒。,,,,,,,
10,,非預設,法杖,,,2,,caption,在魔法技能命中後，有${25+2.5*SLv}%機率對目標追加神聖光輝，冷卻時間為${20-SLv}秒。,,,,,,,
10,,非預設,拳套,拳套,,2,,caption,在魔法技能命中後，有${25+2.5*SLv}%機率對目標追加神聖光輝，冷卻時間為${20-SLv}秒。,,,,,,,
10,,非預設,單手劍,,,2,,caption,在魔法技能命中後，有${25+2.5*SLv}%機率對目標追加神聖光輝，冷卻時間為${20-SLv}秒。,,,,,,,
,,,,,,1,,condition,裝備單手劍時,,,,,,,
,,,,,,,,caption,追加的神聖光輝的技能威力，視同使用法杖施展。,,,,,,,
10,,歷史紀錄,0,2022/02/24,,3,list,text,聖書狀態持續期間，無法重複施展此技能。,,,,,,,
,,,,,,,,mark,聖書,,,,,,,
11,復仇女神,預設/and,法杖,盾牌,,-,text,text,對目標發動神罰。若傷害並未miss且自身未持有審判狀態，給予自身審判；若自身持有審判狀態，消耗狀態並在目標位置留下神罰領域，造成持續傷害，傷害次數隨審判層數提升。,,200 ,8 ,瞬發,可以放入連擊,快,
,,,,,,,,is_mark,1,,,,,,,
,,,,,,,,branch,"審判, 神罰領域, 神罰",,,,,,,
,,,,,,,,mark,審判層數,,,,,,,
,,,,,,-,tips,text,僅在傷害被Miss時無法獲得審判狀態，被閃躲時不會影響。,,,,,,,
,,,,,,1,effect,name,審判,,,,,,,
,,,,,,,,duration,20*SLv,,,,,,,
,,,,,,,,condition,自身未持有審判狀態時,,,,,,,
,,,,,,,,end_condition,再次使用本技能前,,,,,,,
,,,,,,,,caption,自身對受審判對象造成傷害、或被其傷害時，狀態層數+1，最大為20層。,,,,,,,
,,,,,,-,extra,caption,令驅魔與神聖之書的效果中，所有限制屬性的部分改為不限屬性，並使其追加雙重屬性(魔導具)效果。,,,,,,,
,,,,,,,,skill,"驅魔, 神聖之書",,,,,,,
,,,,,,2,extra,,,,,,,,,
,,,,,,,,,,,,,,,,
,,,,,,-,stack,name,審判層數,,,,,,,
,,,,,,,,id,1,,,,,,,
,,,,,,,,min,1,,,,,,,
,,,,,,,,max,20,,,,,,,
,,,,,,,,default,20,,,,,,,
,,,,,,-,proration,damage,physical,,,,,,,
,,,,,,3,damage,name,神罰,,,,,,,
,,,,,,,,constant,60*SLv,,,,,,,
,,,,,,,,multiplier.display,1000+$STR,,,,,,,
,,,,,,,,multiplier,1000+Math.floor($STR/5)*5,,,,,,,
,,,,,,,,element,light,,,,,,,
,,,,,,,,range_damage,0,,,,,,,
,,,,,,,,action_frame,61~37,,,,,,,
,,,,,,-,extra,caption,技能屬性追加#[雙重屬性](魔導具),,,,,,,
,,,,,,,,condition,持有審判狀態時,,,,,,,
,,,,,,,,dual_element,magic_device,,,,,,,
,,,,,,4,extra,,,,,,,,,
,,,,,,-,tips,text,照STR提升倍率的部分，需先將總STR除以5捨去小數後，再乘以5，亦即每5點STR增加5倍率。,,,,,,,
,,,,,,-,proration,damage,magic,,,,,,,
,,,,,,,,proration,magic,,,,,,,
,,,,,,5,damage,name,神罰領域,,,,,,,
,,,,,,,,constant,30*SLv,,,,,,,
,,,,,,,,multiplier,500+$INT/2,,,,,,,
,,,,,,,,type,AOE,,,,,,,
,,,,,,,,damage_type,magic,,,,,,,
,,,,,,,,radius,2,,,,,,,
,,,,,,,,end_position,target,,,,,,,
,,,,,,,,title,each,,,,,,,
,,,,,,,,frequency,stack,,,,,,,
,,,,,,,,stack_id,1,,,,,,,
,,,,,,,,judgment,separate,,,,,,,
,,,,,,,,element,light,,,,,,,
,,,,,,,,range_damage,0,,,,,,,
,,,,,,,,is_place,1,,,,,,,
,,,,,,,,duration,Math.floor(stack/2+1),,,,,,,
,,,,,,,,cycle,0.5,,,,,,,
,,,,,,,,dual_element,magic_device,,,,,,,
,,,,,,,,action_frame,61~37,,,,,,,
,,,,,,6,extra,condition,副手為魔導具時,,,,,,,
,,,,,,,,caption,領域半徑+2.5m。,,,,,,,
,,,,,,-,list,text,僅有發動審判時鎖定的目標才可進行疊層，更換目標後將不計數。,,,,,,,
,,,,,,,,mark,"審判, 多段式傷害",,,,,,,
,,,,,,-,tips,text,審判所鎖定的目標，與角色間會有線連接作為標示。,,,,,,,
,,,,,,,,mark,審判,,,,,,,
,,,,,,-,list,text,物理/魔法追擊也會提高審判層數、對於多段式傷害的技能（諸如法術/飛箭、分身射手、猛力追擊等），審判層數僅計算一次。,,,,,,,
,,,,,,,,mark,"審判層數, 多段式傷害",,,,,,,
,,,,,,,,skill,"法術/飛箭, 分身射手, 猛力追擊",,,,,,,
,,,,,,-,list,text,一旦與目標距離超過16m，審判狀態會停止疊層，就算再次進入範圍也無法重啟；若受到#[沉默]狀態，會使審判提早結束，不產生效果。,,,,,,,
,,,,,,,,mark,審判,,,,,,,
,,,,,,-,tips,text,受到帶有沉默狀態的攻擊時，即使用異常抗性避免了沉默效果，審判仍然會中斷。,,,,,,,
,,,,,,,,mark,審判,,,,,,,
,,,,,,-,list,text,神罰領域會被審判狀態給取消，這意味著最好在神罰領域消失後才能再次施放此技能。,,,,,,,
,,,,,,,,mark,"審判, 神罰領域",,,,,,,
,,,,,,-,list,text,由於單次技能只能造成一次慣性變動的規則，對於已先受到神罰傷害的目標，神罰領域不造成慣性，但其他被範圍傷害波及到的目標則造成魔法慣性。,,,,,,,
,,,,,,,,mark,"神罰領域, 神罰",,,,,,,
11,,非預設/and,單手劍,盾牌,,,,,,,,,,,,
11,,非預設/and,拳套,盾牌,,,,,,,,,,,,
11,,非預設/and,法杖,魔導具,,1,,duration,SLv*10,,,,,,,
,,,,,,2,,condition,副手持盾時,,,,,,,
,,,,,,,,caption,持續時間加倍。,,,,,,,
,,,,,,3,,multiplier,1000,,,,,,,
,,,,,,4,,condition,副手持盾時,,,,,,,
,,,,,,,,caption,技能倍率+((總STR))%。,,,,,,,
,,,,,,5,,radius,4.5,,,,,,,
,,,,,,6,,condition,,,,,,,,
,,,,,,,,caption,,,,,,,,
11,,非預設/and,單手劍,魔導具,,1,,duration,SLv*10,,,,,,,
,,,,,,2,,condition,副手持盾時,,,,,,,
,,,,,,,,caption,持續時間加倍。,,,,,,,
,,,,,,3,,multiplier,1000,,,,,,,
,,,,,,4,,condition,副手持盾時,,,,,,,
,,,,,,,,caption,技能倍率+((總STR))%。,,,,,,,
,,,,,,5,,radius,4.5,,,,,,,
,,,,,,6,,condition,,,,,,,,
,,,,,,,,caption,,,,,,,,
11,,非預設/and,拳套,魔導具,,1,,duration,SLv*10,,,,,,,
,,,,,,2,,condition,副手持盾時,,,,,,,
,,,,,,,,caption,持續時間加倍。,,,,,,,
,,,,,,3,,multiplier,1000,,,,,,,
,,,,,,4,,condition,副手持盾時,,,,,,,
,,,,,,,,caption,技能倍率+((總STR))%。,,,,,,,
,,,,,,5,,radius,4.5,,,,,,,
,,,,,,6,,condition,,,,,,,,
,,,,,,,,caption,,,,,,,,
11,,非預設,法杖,,,1,,duration,SLv*10,,,,,,,
,,,,,,2,,condition,副手持盾時,,,,,,,
,,,,,,,,caption,持續時間加倍。,,,,,,,
,,,,,,3,,multiplier,1000,,,,,,,
,,,,,,4,,condition,副手持盾時,,,,,,,
,,,,,,,,caption,技能倍率+((總STR))%。,,,,,,,
11,,非預設,拳套,拳套,,1,,duration,SLv*10,,,,,,,
,,,,,,2,,condition,副手持盾時,,,,,,,
,,,,,,,,caption,持續時間加倍。,,,,,,,
,,,,,,3,,multiplier,1000,,,,,,,
,,,,,,4,,condition,副手持盾時,,,,,,,
,,,,,,,,caption,技能倍率+((總STR))%。,,,,,,,
11,,非預設,單手劍,,,1,,duration,SLv*10,,,,,,,
,,,,,,2,,condition,副手持盾時,,,,,,,
,,,,,,,,caption,持續時間加倍。,,,,,,,
,,,,,,3,,multiplier,1000,,,,,,,
,,,,,,4,,condition,副手持盾時,,,,,,,
,,,,,,,,caption,技能倍率+((總STR))%。,,,,,,,
12,神聖教導,預設,,,,-,text,text,自身受到以下治療技能時，回復量超過HP上限的部分將變為臨時HP、且ATK與MATK會隨當前臨時HP百分比而提升。,,,,被動,,,
,,,,,,,,is_mark,1,,,,,,,
,,,,,,,,mark,臨時HP,,,,,,,
,,,,,,-,list,text,已確認能觸發此技能的有：治癒術、癒合、高貴治癒、守望相助、騎士治癒的附加效果。,,,,,,,
,,,,,,,,skill,"治癒術,癒合,高貴治癒,守望相助,騎士治癒",,,,,,,
,,,,,,-,effect,atk,SLv*20*extra[0]/100,,,,,,,
,,,,,,,,matk,SLv*20*extra[0]/100,,,,,,,
,,,,,,-,extra,caption,臨時HP的上限值為${SLv*1000},,,,,,,
,,,,,,-,formula_extra,texts,臨時HP%,,,,,,,
,,,,,,-,list,text,臨時HP會以狀態BUFF顯示，顯示的百分比為當前臨時HP佔最大值的比例。,,,,,,,
,,,,,,,,mark,臨時HP,,,,,,,
,,,,,,-,tips,text,例如，顯示50%時，表示臨時HP為${500*SLv}點。,,,,,,,
,,,,,,,,mark,臨時HP,,,,,,,
,,,,,,-,list,text,每次治療超出HP上限都會累加臨時HP，而非重置。,,,,,,,
,,,,,,,,mark,臨時HP,,,,,,,
,,,,,,-,list,text,臨時HP的持續時間無限，臨時HP能用以抵銷傷害、支付破風之勢的HP消費、抵抗中毒傷害等幾乎一切扣減HP的事件。,,,,,,,
,,,,,,,,mark,臨時HP,,,,,,,
,,,,,,-,list,text,HP上限與臨時HP總和超過![99999]的部分將無效。,,,,,,,
,,,,,,,,mark,臨時HP,,,,,,,
,,,,,,-,tips,text,例如，若角色HP上限為94999，則臨時HP僅有5000有效，但上限值仍是10000，故臨時HP的百分比僅能達到50%。,,,,,,,
,,,,,,-,list,text,受到以HP最大值計算的百分比傷害時，臨時HP不會導致受傷害增加；但受到以當前HP值計算的百分比傷害時，則臨時HP會納入當前HP總值計算。,,,,,,,
,,,,,,,,mark,"臨時HP,百分比傷害,當前HP",,,,,,,
13,阿斯庇斯之靈,預設,,,,-,passive,caption,自身受到的百分比傷害減輕${(Math.floor((SLv+1)/2)+SLv)*stack}%，此外會在特定時刻獲得預防效果。,,,,被動,,,
,,,,,,,,stack_id,1,,,,,,,
,,,,,,,,is_mark,1,,,,,,,
,,,,,,,,condition,受到百分比傷害時,,,,,,,
,,,,,,-,stack,name,自身以外存活的隊伍人數,,,,,,,
,,,,,,,,min,0,,,,,,,
,,,,,,,,max,3,,,,,,,
,,,,,,,,default,3,,,,,,,
,,,,,,,,id,1,,,,,,,
,,,,,,-,list,text,此技能對鎖定自身、及隨機鎖定目標的攻擊有效。,,,,,,,
,,,,,,-,list,text,組隊時，依據自身以外存活的隊伍人數(含傭兵、寵物)，百分比傷害耐性進一步增強。,,,,,,,
,,,,,,-,list,text,預防效果與技能異常抗體的相同，可前往該頁面查看進一步說明。,,,,,,,
,,,,,,,,skill,異常抗體,,,,,,,
,,,,,,,,mark,預防,,,,,,,
,,,,,,-,list,text,預防效果獲得時機：BOSS戰開始時（效果時間${Math.floor((SLv+1)/2)*3}秒）、及從異常狀態自然回復時（效果時間${Math.floor((SLv+1)/2)}秒）。,,,,,,,
14,神聖恩惠,預設,法杖,,,-,effect,caption,賦予友方全員「即使倒地不起也不會失去道具效果」的效果 (僅限一次)。,,500 ,,瞬發,可以放入連擊,,
,,,,,,,,duration,SLv*10,,,,,,,
,,,,,,,,is_mark,1,,,,,,,
,,,,,,-,effect,condition,施術者自身,,,,,,,
,,,,,,,,caption,下一招技能的#[MP消耗減半],,,,,,,
,,,,,,-,list,text,此技能能賦予至隊伍連結成員，甚至是公會戰中場上所有玩家。,,,,,,,
,,,,,,1,list,text,法杖/主魔導具：#[MP消耗減半]效果若使用在特定技能上，自身將對戰鬥中所有怪物發出魔法傷害，該傷害將造成一般攻擊慣性。,,,,,,,
,,,,,,2,list,text,特定技能：詠唱類以外的自身增益類技能，如神聖之書、破風之勢等。特別注意諸如魔力充填也能觸發，因為他是蓄力類技能而非詠唱類。,,,,,,,
,,,,,,,,mark,"詠唱類,蓄力類",,,,,,,
,,,,,,,,skill,魔力充填,,,,,,,
,,,,,,3,proration,damage,magic,,,,,,,
,,,,,,,,proration,normal_attack,,,,,,,
,,,,,,4,damage,name,神聖恩惠（追擊）,,,,,,,
,,,,,,,,constant,"300+Math.max(0,300*(SLv-5))+$DEX",,,,,,,
,,,,,,,,multiplier,50*SLv+$BINT,,,,,,,
,,,,,,,,element,light,,,,,,,
,,,,,,,,damage_type,magic,,,,,,,
,,,,,,,,range_damage,1,,,,,,,
,,,,,,,,combo_rate,0,,,,,,,
14,,非預設,魔導具,,,,,,,,,,,,,
14,,非預設,,,,1,,,,,,,,,,
,,,,,,2,,,,,,,,,,
,,,,,,3,,,,,,,,,,
,,,,,,4,,,,,,,,,,
,,,,,,,,,,,,,,,,
6,1,暗殺技能,,,,,,,,,,,,,,
0,暗殺突刺,預設,,小刀,,-,text,text,對目標進行突刺，依據自身與目標間的相對位置，此技能的名稱與傷害也有所變化。,,300 ,4 ,瞬發,可以放入連擊,快,
,,,,,,,,is_mark,1,,,,,,,
,,,,,,-,proration,damage,physical,,,,,,,
,,,,,,1,damage,name,正面突刺,,,,,,,
,,,,,,,,constant,SLv*30,,,,,,,
,,,,,,,,multiplier,"150+SLv+150*Math.min(stack[0],1)+stack[0]*10",,,,,,,
,,,,,,,,multiplier.registlet,RLv,,,,,,,
,,,,,,,,range_damage,1,,,,,,,
,,,,,,,,stack_id,2,,,,,,,
,,,,,,,,action_frame,92~52,,,,,,,
,,,,,,2,damage,name,側面突擊,,,,,,,
,,,,,,,,constant,SLv*30,,,,,,,
,,,,,,,,multiplier,"205+SLv*3+150*Math.min(stack[0],1)+stack[0]*10",,,,,,,
,,,,,,,,multiplier.registlet,RLv,,,,,,,
,,,,,,,,range_damage,1,,,,,,,
,,,,,,,,stack_id,2,,,,,,,
,,,,,,,,action_frame,92~52,,,,,,,
,,,,,,3,damage,name,背刺,,,,,,,
,,,,,,,,constant,SLv*30,,,,,,,
,,,,,,,,multiplier,"410+SLv*9+100*Math.min(stack[0],1)+stack[0]*15+150*Math.min(stack[1],1)+stack[1]*10",,,,,,,
,,,,,,,,multiplier.registlet,RLv,,,,,,,
,,,,,,,,range_damage,1,,,,,,,
,,,,,,,,stack_id,"1,2",,,,,,,
,,,,,,,,action_frame,92~52,,,,,,,
,,,,,,-,list,text,"急速後閃與看破的效果將加成此技能傷害，當兩者皆滿級時，背刺的技能倍率最高可達${(410+SLv*9+100*Math.min(stack[0],1)+stack[0]*15+150*Math.min(stack[1],1)+stack[1]*10)*3}%。",,,,,,,
,,,,,,,,stack_id,"1,2",,,,,,,
,,,,,,,,skill,"急速後閃, 看破",,,,,,,
,,,,,,-,list,text,若按下技能或連擊中，當前距離可直接發動技能，會少固定4幀。,,,,,,,
,,,,,,-,text,text,學習刺客殺著後，將提高背刺的技能倍率。,,,,,,,
,,,,,,,,skill,刺客殺著,,,,,,,
,,,,,,,,mark,背刺,,,,,,,
,,,,,,-,stack,name,刺客殺著技能等級,,,,,,,
,,,,,,,,max,10,,,,,,,
,,,,,,,,min,0,,,,,,,
,,,,,,,,id,1,,,,,,,
,,,,,,,,value,getSkillLevel('1-6-3'),,,,,,,
,,,,,,,,default,10,,,,,,,
,,,,,,-,text,text,學習暗殺之真髓後，將提高背刺的技能倍率。,,,,,,,
,,,,,,,,skill,暗殺之真髓,,,,,,,
,,,,,,,,mark,背刺,,,,,,,
,,,,,,-,stack,name,暗殺之真髓技能等級,,,,,,,
,,,,,,,,max,10,,,,,,,
,,,,,,,,min,0,,,,,,,
,,,,,,,,id,2,,,,,,,
,,,,,,,,value,getSkillLevel('1-6-12'),,,,,,,
,,,,,,,,default,10,,,,,,,
,,,,,,,,,,,,,,,,
0,,非預設,,忍術卷軸,,,,,,,,,,,,
0,,非預設,,,,1,damage,multiplier,100+SLv+stack[0]*10,,,,,,,
,,,,,,2,damage,multiplier,105+SLv*3+stack[0]*10,,,,,,,
,,,,,,3,damage,multiplier,110+SLv*9+stack[0]*15+stack[1]*10,,,,,,,
,,,,,,4,,multiplier,"(110+SLv*9+extra[0]*15+extra[3]*10)*(extra[1]*5+extra[2]*5+100*(Math.min(1,extra[1])+Math.min(1,extra[2])))/100",,,,,,,
0,,歷史紀錄,0,2020/06/25,,3,,multiplier,410+SLv*9,,,,,,,
0,,歷史紀錄,1,2021/08/26,,-,text,text,令裝備忍術卷軸時可獲得技能加成。,,,,,,,
0,,歷史紀錄,2,2020/06/25,,3,,multiplier,110+SLv*9,,,,,,,
1,急速後閃,預設,,小刀,,1,effect,caption,發動後角色將迅速朝反方向移動5m。實際移動距離在3m以上時給自己出其不意效果。如果配合敵人的攻擊警告使用，則額外觸發喘息效果。,,100 ,-,瞬發,可以放入連擊,極快,
,,,,,,,,branch,"出其不意, 喘息",,,,,,,
,,,,,,,,is_mark,1,,,,,,,
,,,,,,,,condition,none,,,,,,,
,,,,,,,,action_frame,33~33,,,,,,,
,,,,,,-,tips,text,攻擊警告，是指在角色頭上出現驚嘆號的時候。,,,,,,,
,,,,,,-,effect,total_skill_multiplier.displayTitle,暗殺突刺的總技能倍率,,,,,,,
,,,,,,,,total_skill_multiplier,"SLv*5+100*Math.min(1,extra[0])",,,,,,,
,,,,,,,,total_skill_multiplier.display,SLv*5,,,,,,,
,,,,,,,,total_skill_multiplier.conditionValue,$skill.id.startsWith('1-6-0'),,,,,,,
,,,,,,,,skill,暗殺突刺,,,,,,,
,,,,,,,,condition,none,,,,,,,
,,,,,,,,name,出其不意,,,,,,,
,,,,,,-,formula_extra,texts,看破技能等級,,,,,,,
,,,,,,,,values.0,getSkillLevel('1-6-6'),,,,,,,
,,,,,,2,heal,type,mp,,,,,,,
,,,,,,,,constant,10*SLv,,,,,,,
,,,,,,,,name,喘息,,,,,,,
,,,,,,-,list,text,「出其不意」與看破對暗殺突刺的總技能倍率乘數為疊加，同時持有兩者的效果時，再給予額外100%的加成量。,,,,,,,
,,,,,,,,skill,"看破, 暗殺突刺",,,,,,,
,,,,,,,,mark,疊加,,,,,,,
1,,非預設,,忍術卷軸,,,,,,,,,,,,
1,,非預設,,,,2,heal,constant,5*SLv,,,,,,,
1,,歷史紀錄,0,2019/06/24,,-,text,text,出其不意效果與攻擊警告無關，變為必定發生。,,,,,,,
,,,,,,1,,caption,發動後角色將迅速朝反方向移動5m。如果配合敵人的攻擊警告使用，則給予自己出其不意與喘息效果。,,,,,,,
1,,歷史紀錄,0,2020/07/16,,-,text,text,出其不意效果需要有足夠的實際移動距離才會獲得。,,,,,,,
,,,,,,1,,caption,發動後角色將迅速朝反方向移動5m，並給自己出其不意。如果配合敵人的攻擊警告使用，則額外觸發喘息效果。,,,,,,,
1,,歷史紀錄,2,2019/06/24,,-,text,text,出其不意效果與攻擊警告無關，變為必定發生。,,,,,,,
,,,,,,1,,caption,發動後角色將迅速朝反方向移動5m。如果配合敵人的攻擊警告使用，則給予自己出其不意與喘息效果。,,,,,,,
1,,歷史紀錄,2,2020/07/16,,-,text,text,出其不意效果需要有足夠的實際移動距離才會獲得。,,,,,,,
,,,,,,1,,caption,發動後角色將迅速朝反方向移動5m，並給自己出其不意。如果配合敵人的攻擊警告使用，則額外觸發喘息效果。,,,,,,,
1,,歷史紀錄,1,2021/08/26,,-,text,text,令裝備忍術卷軸時可獲得技能加成。,,,,,,,
2,死亡綻放,預設,,小刀,,-,text,text,消耗自身當前的全部MP，對敵人造成一次傷害。MP消耗越高，此技能的傷害也越高。,,100 ,3 ,瞬發,可以放入連擊,慢,
,,,,,,,,is_mark,1,,,,,,,
,,,,,,-,tips,text,消耗MP的詳細說明,,,,,,,
,,,,,,,,icon,potum,,,,,,,
,,,,,,-,group,size,1,,,,,,,
,,,,,,-,list,text,要釋放此技能，當前MP值至少要高於![100]。,,,,,,,
,,,,,,-,list,text,消耗MP指實際消耗，因此若使用補位使消耗為0，此技能將沒有傷害，但仍然有增加攻回的效果。,,,,,,,
,,,,,,,,mark,實際消耗,,,,,,,
,,,,,,-,list,text,消耗MP上限為![2000]，但可通過連擊效果「增幅」的增加消耗MP效果，來突破此上限。,,,,,,,
,,,,,,-,list,text,上一條的詳細說明：若使用魔力劑超出2000MP的上限，並將該技能置於連擊結尾，連擊效果選擇「增幅」時，消耗MP會是2000*2。因此這種設置下，只有達到4000MP時，或利用其他連擊效果降低消耗，才可成功施展該技能。,,,,,,,
,,,,,,-,stack,id,1,,,,,,,
,,,,,,,,min,1,,,,,,,
,,,,,,,,max,40,,,,,,,
,,,,,,,,name,消耗MP（格數）,,,,,,,
,,,,,,-,proration,damage,physical,,,,,,,
,,,,,,-,damage,constant,500+SLv*50,,,,,,,
,,,,,,,,multiplier,SLv*10+(60+4*SLv+Math.floor(stack[1]*2.5))*stack[0],,,,,,,
,,,,,,,,stack_id,"1,2",,,,,,,
,,,,,,,,range_damage,1,,,,,,,
,,,,,,,,action_frame,122~66,,,,,,,
,,,,,,-,extra,caption,此技能產生的恨意值將大幅減少。,,,,,,,
,,,,,,,,condition,若自身不是仇恨目標,,,,,,,
,,,,,,-,effect,attack_mp_recovery,10+Math.floor(SLv/6)*10,,,,,,,
,,,,,,,,condition,施放下一個技能前,,,,,,,
,,,,,,-,list,text,此技能施放完畢後，會迅速穿過目標，移動至目標背後。,,,,,,,
,,,,,,-,text,text,學習暗殺之真髓後，將提高此技能的技能倍率。,,,,,,,
,,,,,,,,skill,暗殺之真髓,,,,,,,
,,,,,,,,mark,背刺,,,,,,,
,,,,,,-,stack,name,暗殺之真髓技能等級,,,,,,,
,,,,,,,,max,10,,,,,,,
,,,,,,,,min,0,,,,,,,
,,,,,,,,id,2,,,,,,,
,,,,,,,,value,getSkillLevel('1-6-12'),,,,,,,
,,,,,,,,default,10,,,,,,,
2,,非預設,,忍術卷軸,,,,,,,,,,,,
2,,歷史紀錄,1,2021/08/26,,-,text,text,令裝備忍術卷軸時可獲得技能加成。,,,,,,,
3,刺客殺著,預設,,小刀,,1,passive,caption,提高暗殺突刺中，背刺的基礎技能倍率${100+15*SLv}。,,,,被動,,,
,,,,,,,,is_mark,1,,,,,,,
,,,,,,,,skill,暗殺突刺,,,,,,,
,,,,,,,,mark,背刺,,,,,,,
,,,,,,-,extra,condition,成功發動背刺後,,,,,,,
,,,,,,,,caption,自身獲得刺客極意狀態。,,,,,,,
,,,,,,,,mark,刺客極意,,,,,,,
,,,,,,2,effect,name,刺客極意,,,,,,,
,,,,,,,,duration,30,,,,,,,
,,,,,,,,atk,10*SLv,,,,,,,
,,,,,,,,physical_pierce,15+SLv,,,,,,,
,,,,,,3,extra,condition,受到傷害時,,,,,,,
,,,,,,,,caption,該次傷害減輕((${10+SLv}+${0.5+0.05*SLv}×看破技能等級))%，並使此狀態結束。,,,,,,,
,,,,,,,,skill,看破,,,,,,,
,,,,,,-,list,text,暗殺突刺的基礎技能倍率，是在計算急速後閃、看破的加成之前的部分。,,,,,,,
,,,,,,,,mark,"暗殺突刺, 死亡綻放",,,,,,,
3,,非預設,,忍術卷軸,,,,,,,,,,,,
3,,非預設,,,,1,,caption,提高暗殺突刺中，背刺的技能倍率${15*SLv}。,,,,,,,
,,,,,,2,,atk,5*SLv,,,,,,,
,,,,,,,,physical_pierce,SLv,,,,,,,
3,,歷史紀錄,1,2021/08/26,,-,text,text,令裝備忍術卷軸時可獲得技能加成。,,,,,,,
,,,,,,,,,,,,,,,,
,,,,,,,,,,,,,,,,
4,迅影迴避,預設,,小刀,,1,effect,dodge,10+SLv,,200 ,,瞬發,可以放入連擊,稍慢,
,,,,,,,,dodge,SLv,%,,,,,,
,,,,,,,,duration,(20+SLv)*2,,,,,,,
,,,,,,,,type,party,,,,,,,
,,,,,,-,text,text,施放成功後，立即解除當前友方受到的#[遲緩]效果。,,,,,,,
4,,非預設,,忍術卷軸,,,,,,,,,,,,
4,,非預設,,,,1,effect,duration,20+SLv,,,,,,,
,,,,,,,,dodge,SLv,,,,,,,
,,,,,,,,dodge,SLv,%,,,,,,
4,,歷史紀錄,1,2021/08/26,,-,text,text,令裝備忍術卷軸時可獲得技能加成。,,,,,,,
5,血清注射,預設,,小刀,,1,effect,caption,持續時間內，每次受到的#[著火]傷害減少${(10+2*SLv)}%、#[猛毒]傷害減少${Math.floor(25+2.5*SLv)}%。,,300 ,,瞬發,可以放入連擊,慢,
,,,,,,,,duration,(10+SLv)*3,,,,,,,
,,,,,,,,type,party,,,,,,,
5,,非預設,,忍術卷軸,,,,,,,,,,,,
5,,非預設,,,,1,effect,duration,10+SLv,,,,,,,
5,,歷史紀錄,1,2021/08/26,,-,text,text,令裝備忍術卷軸時可獲得技能加成。,,,,,,,
6,看破,預設,,,,-,passive,total_skill_multiplier.displayTitle,暗殺突刺的總技能倍率,,,,被動,,,
,,,,,,,,total_skill_multiplier,SLv*5,,,,,,,
,,,,,,,,total_skill_multiplier.conditionValue,$skill.id.startsWith('1-6-0'),,,,,,,
,,,,,,,,is_mark,1,,,,,,,
,,,,,,,,,,,,,,,,
,,,,,,-,extra,caption,降低怪物的保障命中率${SLv}%。,,,,,,,
,,,,,,-,list,text,急速後閃的「出其不意」與看破對暗殺突刺的總技能倍率乘數為疊加。同時持有兩者的效果時，再給予額外100%的加成量。,,,,,,,
,,,,,,,,skill,"急速後閃, 暗殺突刺",,,,,,,
,,,,,,,,mark,疊加,,,,,,,
,,,,,,-,tips,text,保障命中率，是指公式計算後的命中率低於此值時，改以此值作為最終命中率。,,,,,,,
,,,,,,-,tips,text,怪物的原始保障命中率為![25%]。,,,,,,,
7,暗影步伐,預設,,小刀,,-,text,text,施放成功後，自身獲得${SLv}層暗影步伐狀態。此狀態可疊層，上限${10+SLv}層，疊層方法如下所述：,,100 ,,瞬發,可以放入連擊,快,
,,,,,,,,branch,暗影步伐,,,,,,,
,,,,,,,,is_mark,1,,,,,,,
,,,,,,-,tips,text,當身上已有暗影步伐狀態時，無法再次使用本技能。,,,,,,,
,,,,,,,,mark,暗影步伐,,,,,,,
,,,,,,-,effect,name,暗影步伐,,,,,,,
,,,,,,,,caption,若自身未被瞄準，進行閃躲時將發動暗影奇襲。暗影奇襲的傷害隨此狀態層數而上升。,,,,,,,
,,,,,,,,duration,180,,,,,,,
,,,,,,,,branch,暗影奇襲,,,,,,,
,,,,,,,,action_frame,61~37,,,,,,,
,,,,,,-,extra,condition,自身未被瞄準時,,,,,,,
,,,,,,,,caption,使用閃躲，暗殺突刺、與發動背刺後，此技能層數+1；使用急速後閃後，層數+3。,,,,,,,
,,,,,,,,mark,"閃躲, 背刺",,,,,,,
,,,,,,,,skill,"暗殺突刺, 急速後閃",,,,,,,
,,,,,,-,tips,text,發動暗殺突刺與背刺的增加狀態層數效果，會同時作用，即發動背刺後層數+2。,,,,,,,
,,,,,,,,mark,"暗殺突刺, 背刺",,,,,,,
,,,,,,-,stack,name,暗影步伐層數,,,,,,,
,,,,,,,,id,1,,,,,,,
,,,,,,,,min,0,,,,,,,
,,,,,,,,max,10+SLv,,,,,,,
,,,,,,,,default,10,,,,,,,
,,,,,,-,proration,damage,physical,,,,,,,
,,,,,,1,damage,name,暗影奇襲,,,,,,,
,,,,,,,,constant,100,,,,,,,
,,,,,,,,multiplier,$dagger_atk*(1+0.1*SLv)*(1+Math.floor((stack-1)/4)*0.25),,,,,,,
,,,,,,,,frequency,"Math.max(1,Math.floor((stack+3)/4))",,,,,,,
,,,,,,,,stack_id,1,,,,,,,
,,,,,,,,range_damage,1,,,,,,,
,,,,,,,,unsheathe_damage,0,,,,,,,
,,,,,,2,,,,,,,,,,
,,,,,,-,text,text,若暗影步伐之層數≧10，閃躲期間將獲得無敵幀。使用閃躲將傷害無效化時，改為發動暗影奇襲(強化)、暗影步伐層數-![10]。,,,,,,,
,,,,,,,,is_mark,1,,,,,,,
,,,,,,,,mark,"暗影奇襲, 暗影步伐",,,,,,,
,,,,,,-,tips,text,平時閃躲只能使怪物的普通攻擊MISS，上述效果可將所有類型傷害無效化。,,,,,,,
,,,,,,-,damage,name,暗影奇襲(強化),,,,,,,
,,,,,,,,constant,100,,,,,,,
,,,,,,,,multiplier,1000+200*SLv,,,,,,,
,,,,,,,,frequency,10,,,,,,,
,,,,,,,,range_damage,1,,,,,,,
,,,,,,,,unsheathe_damage,0,,,,,,,
,,,,,,-,list,text,進行閃躲的瞬間，與目標的距離在武器之普通攻擊距離內時，才會發動暗影奇襲。,,,,,,,
,,,,,,,,mark,"暗影奇襲, 暗影步伐",,,,,,,
,,,,,,-,list,text,若自身受到傷害且為仇恨目標時，暗影步伐層數將歸0。,,,,,,,
,,,,,,,,mark,"暗影奇襲, 暗影步伐",,,,,,,
,,,,,,-,list,text,暗影奇襲的施展不受#[出血]影響。,,,,,,,
,,,,,,,,mark,"暗影奇襲, 暗影步伐",,,,,,,
,,,,,,-,list,text,本技能造成的傷害，在未暴擊時發生的MISS與#[Graze]，將會改判定為HIT，然而暴擊時的Graze不會被改為Critical。,,,,,,,
,,,,,,,,mark,"MISS,HIT,Critical",,,,,,,
,,,,,,-,reference,url,https://youtu.be/uNn22G-vRXY,,,,,,,
,,,,,,,,url_text,暗影步伐的命中判定測試,,,,,,,
7,,非預設,,忍術卷軸,,1,,multiplier,extra[0]*(1+0.1*SLv)*(1+Math.floor((stack-1)/4)*0.25),,,,,,,
,,,,,,2,formula_extra,texts,卷軸ATK,,,,,,,
,,,,,,,,values.0,@C.sub.atk,,,,,,,
7,,歷史紀錄,1,2021/08/26,,-,text,text,令裝備忍術卷軸時可獲得技能加成。,,,,,,,
8,毒液注入,預設/and,單手劍,小刀,,-,text,text,消費![5%]HP，獲得毒液注入狀態，狀態期間一般攻擊有機率給目標附加#[猛毒]，總共可賦予${SLv}次。,,100 ,,瞬發,可以放入連擊,快,
,,,,,,,,is_mark,1,,,,,,,
,,,,,,,,mark,毒液注入,,,,,,,
,,,,,,-,list,text,僅當成功賦予#[猛毒]後才會扣減狀態次數。重複使用此技能，毒液注入的剩餘次數可疊加，最多疊至${SLv*2}層。,,,,,,,
,,,,,,,,mark,毒液注入,,,,,,,
,,,,,,1,list,text,#[猛毒]的附加機率為((副手小刀ATK*${0.02*SLv}))%，暴擊時機率為2倍，#[擦傷][Graze]時機率為0.5倍。,,,,,,,
,,,,,,,,mark,小刀,,,,,,,
,,,,,,2,tips,text,故小刀攻擊力為250以上、技能等級10且暴擊時，附加率為100%。,,,,,,,
,,,,,,-,list,text,習得腐蝕性猛毒後，此技能可附加強化猛毒，強化猛毒的附加機率與腐蝕性猛毒技能等級有關，技能等級10時，猛毒+1的賦予率×0.75，猛毒+2的賦予率×0.5。,,,,,,,
,,,,,,,,skill,腐蝕性猛毒,,,,,,,
,,,,,,,,mark,"猛毒+1,猛毒+2,強化猛毒",,,,,,,
,,,,,,-,list,text,附加的猛毒時長為5秒，當賦予猛毒+1時，狀態剩餘時間延長10秒，賦予猛毒+2成功時再延長10秒。,,,,,,,
,,,,,,,,mark,"猛毒+1,猛毒+2,強化猛毒",,,,,,,
,,,,,,-,reference,url_text,Phantom Library測試,,,,,,,
,,,,,,,,url,https://docs.google.com/document/d/12NxC3bVWFotQh7XZgtqBRFo87SQzNtE--UvyQxMJoLc,,,,,,,
8,,非預設/and,旋風槍,小刀,,,,,,,,,,,,
8,,非預設/and,空手,小刀,,,,,,,,,,,,
8,,非預設/and,單手劍,忍術卷軸,,1,,text,#[猛毒]的附加機率為((副手卷軸ATK*0.8*${0.02*SLv}))%，暴擊時機率為2倍，#[擦傷][Graze]時機率為0.5倍。,,,,,,,
,,,,,,2,,text,故卷軸攻擊力為313以上、技能等級10且暴擊時，附加率為100%。,,,,,,,
,,,,,,,,,,,,,,,,
,,,,,,,,,,,,,,,,
8,,非預設/and,空手,忍術卷軸,,1,,text,#[猛毒]的附加機率為((副手卷軸ATK*0.8*${0.02*SLv}))%，暴擊時機率為2倍，#[擦傷][Graze]時機率為0.5倍。,,,,,,,
,,,,,,2,,text,故卷軸攻擊力為313以上、技能等級10且暴擊時，附加率為100%。,,,,,,,
8,,非預設,,小刀,,1,list,text,（主手非單手劍、旋風槍、空手時）#[猛毒]的附加機率為((副手小刀ATK*0.02))%。暴擊時機率為2倍，#[擦傷]時機率為0.5倍。,,,,,,,
,,,,,,2,,,,,,,,,,
8,,非預設,,忍術卷軸,,1,list,text,（主手非單手劍、旋風槍、空手時）#[猛毒]的附加機率為((副手卷軸ATK*0.8*0.02))%。暴擊時機率為2倍，#[擦傷]時機率為0.5倍。,,,,,,,
,,,,,,2,,,,,,,,,,
8,,非預設/and,空手,無裝備,,1,,text,（徒手限定）#[猛毒]的附加機率為${10*SLv}%，暴擊時機率為2倍，#[擦傷][Graze]時機率為0.5倍。,,,,,,,
,,,,,,2,,text,故技能等級10且暴擊時，附加率為200%，這意味著猛毒+1、猛毒+2也是100%附加。,,,,,,,
,,,,,,,,,,,,,,,,
9,腐蝕性猛毒,預設,,小刀,,-,passive,caption,使毒液注入賦予的#[猛毒]狀態可疊加，疊加後稱為強化猛毒。,,,,被動,,,
,,,,,,,,condition,持有毒液注入狀態時,,,,,,,
,,,,,,,,skill,毒液注入,,,,,,,
,,,,,,,,mark,強化猛毒,,,,,,,
,,,,,,-,list,text,強化猛毒可疊加兩層，分別稱之為猛毒+1、猛毒+2，必須使用毒液注入BUFF下的普攻附加(其他可賦予猛毒的技能不行)。,,,,,,,
,,,,,,,,mark,"猛毒+1,猛毒+2,強化猛毒",,,,,,,
,,,,,,-,list,text,強化猛毒的傷害為一般#[猛毒]的傷害公式中，(ATK+MATK)的部分再乘以額外倍率，猛毒+1乘以2倍、猛毒+2乘以3倍。猛毒的傷害公式請見毒飛刃頁面。,,,,,,,
,,,,,,,,mark,"猛毒+1,猛毒+2,強化猛毒",,,,,,,
,,,,,,,,skill,毒飛刃,,,,,,,
,,,,,,-,list,text,強化猛毒造成傷害的時機不只在目標行動時，我方對其造成傷害亦會觸發強化猛毒扣血。但是包含行動扣血，每秒最多只能造成1次猛毒傷害。,,,,,,,
,,,,,,,,mark,"強化猛毒,猛毒",,,,,,,
,,,,,,-,list,text,提升此技能等級會提高強化猛毒的附加機率，猛毒+1的賦予率×${0.25+0.05*SLv}，猛毒2的賦予率×${0.05*SLv}。,,,,,,,
,,,,,,,,mark,"猛毒+1,猛毒+2,強化猛毒",,,,,,,
,,,,,,-,reference,url_text,Phantom Library測試,,,,,,,
,,,,,,,,url,https://docs.google.com/document/d/12NxC3bVWFotQh7XZgtqBRFo87SQzNtE--UvyQxMJoLc,,,,,,,
9,,非預設,,忍術卷軸,,,,,,,,,,,,
9,,非預設/and,空手,無裝備,,,,,,,,,,,,
10,毒液搶奪,預設,,小刀,,-,text,text,目標處於#[猛毒]狀態時，解除目標與自身的猛毒並回復自身HP。若目標處於強化猛毒狀態，追加MP回復效果，且若自身未有可解除的猛毒，則獲得預防狀態。,,200 ,12 ,瞬發,可以放入連擊,稍快,
,,,,,,,,is_mark,1,,,,,,,
,,,,,,,,mark,"預防,強化猛毒,猛毒",,,,,,,
,,,,,,-,tips,text,目標沒有猛毒或強化猛毒狀態時，此技能無法施放。,,,,,,,
,,,,,,,,,,,,,,,,
,,,,,,-,stack,name,目標猛毒層數(0是猛毒，1是猛毒+1，2是猛毒+2),,,,,,,
,,,,,,,,id,1,,,,,,,
,,,,,,,,min,0,,,,,,,
,,,,,,,,max,2,,,,,,,
,,,,,,,,default,2,,,,,,,
,,,,,,-,heal,type,hp,,,,,,,
,,,,,,,,constant,"[100,200,400][stack]*SLv",,,,,,,
,,,,,,,,stack_id,1,,,,,,,
,,,,,,,,extra_text,角色基礎DEX,,,,,,,
,,,,,,,,extra_value,"[0.1,0.2,0.4][stack]*SLv",,,,,,,
,,,,,,-,heal,type,mp,,,,,,,
,,,,,,,,constant,"[0,10,20][stack]*SLv",,,,,,,
,,,,,,,,stack_id,1,,,,,,,
,,,,,,-,list,text,"預防效果持續時間：${[0,10,30][stack]}秒。",,,,,,,
,,,,,,,,stack_id,1,,,,,,,
,,,,,,,,mark,預防,,,,,,,
,,,,,,-,list,text,與技能異常抗體的預防效果相同。,,,,,,,
,,,,,,,,skill,異常抗體,,,,,,,
10,,非預設,,忍術卷軸,,,,,,,,,,,,
10,,非預設/and,空手,無裝備,,,,,,,,,,,,
11,死亡歡宴,預設/and,單手劍,小刀,,-,text,text,僅能在毒液搶奪之後使用，發動後以目標為中心造成範圍傷害、並賦予鎖定目標死毒，根據毒液搶奪所消除的猛毒種類，強化技能效果與死毒傷害。,,300 ,7 ,瞬發,可以放入連擊,一般,
,,,,,,,,is_mark,1,,,,,,,
,,,,,,,,skill,毒液搶奪,,,,,,,
,,,,,,,,mark,死毒,,,,,,,
,,,,,,-,stack,name,消除的猛毒層數(0是猛毒，1是猛毒+1，2是猛毒+2),,,,,,,
,,,,,,,,id,1,,,,,,,
,,,,,,,,min,0,,,,,,,
,,,,,,,,max,2,,,,,,,
,,,,,,,,default,2,,,,,,,
,,,,,,-,proration,damage,physical,,,,,,,
,,,,,,1,damage,name,主傷害（對於鎖定目標）,,,,,,,
,,,,,,,,constant,30*SLv,,,,,,,
,,,,,,,,multiplier,250+SLv*25+extra[0]+$BDEX,,,,,,,
,,,,,,,,type,AOE,,,,,,,
,,,,,,,,radius,8,,,,,,,
,,,,,,,,range_damage,1,,,,,,,
,,,,,,,,stack_id,1,,,,,,,
,,,,,,2,formula_extra,texts,副手小刀ATK,,,,,,,
,,,,,,,,values.0,@C.sub.atk,,,,,,,
,,,,,,3,extra,physical_pierce,stack*25+25,,,,,,,
,,,,,,-,extra,condition,對鎖定目標,,,,,,,
,,,,,,,,caption,有![100%]機率附加死毒。,,,,,,,
,,,,,,-,extra,condition,對鎖定目標以外的目標,,,,,,,
,,,,,,,,caption,技能常數變為0、技能倍率變為一半。,,,,,,,
,,,,,,-,extra,condition,對鎖定目標以外的目標,,,,,,,
,,,,,,,,caption,有![100%]機率附加猛毒+${stack}效果。,,,,,,,
,,,,,,,,,,,,,,,,
,,,,,,-,list,text,此技能的主傷害對非鎖定目標，無法造成擊殺(至少會餘下1HP)。,,,,,,,
,,,,,,,,,,,,,,,,
,,,,,,,,,,,,,,,,
,,,,,,-,text,text,死毒效果：每1秒對受狀態的目標造成一次固定傷害，傷害會隨時間經過越來越高。,,,,,,,
,,,,,,,,is_mark,1,,,,,,,
,,,,,,,,mark,死毒,,,,,,,
,,,,,,-,list,text,死毒第一跳傷害=((死亡歡宴主傷害×1%))，第二跳傷害=((死亡歡宴主傷害×2%))，以此類推，總共會造成10跳傷害。,,,,,,,
,,,,,,,,stack_id,1,,,,,,,
,,,,,,,,mark,死毒,,,,,,,
,,,,,,-,list,text,猛毒+1時，死毒傷害2倍，猛毒+2時，死毒傷害3倍,,,,,,,
,,,,,,-,list,text,故死毒可造成的傷害總量為：((死亡歡宴主傷害×${55*(stack+1)}%))。,,,,,,,
,,,,,,,,mark,死毒,,,,,,,
,,,,,,-,text,text,若對處於死毒的目標釋放死亡綻放，造成額外一次死毒傷害後結束死毒效果。該次死亡綻放的消費MP變為原先的${100-50*stack}%，此效果不改變死亡綻放傷害公式中的實際消費MP，故不會造成傷害降低。,,,,,,,
,,,,,,,,is_mark,1,,,,,,,
,,,,,,,,skill,死亡綻放,,,,,,,
,,,,,,,,mark,實際消費MP,,,,,,,
,,,,,,,,stack_id,1,,,,,,,
,,,,,,-,list,text,該次額外死毒的傷害量為:((死亡歡宴的主傷害×${20*(stack+1)}%))。,,,,,,,
,,,,,,,,stack_id,1,,,,,,,
,,,,,,,,mark,死毒,,,,,,,
11,,非預設/and,旋風槍,小刀,,1,,multiplier,250+SLv*25+extra[0]+$BAGI,,,,,,,
11,,非預設/and,空手,小刀,,1,,multiplier,250+SLv*25+CLv*1.25,,,,,,,
11,,非預設/and,單手劍,忍術卷軸,,1,,multiplier,250+SLv*25+extra[0]*0.8+$BDEX,,,,,,,
,,,,,,2,formula_extra,texts,副手卷軸ATK,,,,,,,
11,,非預設/and,旋風槍,忍術卷軸,,1,,multiplier,250+SLv*25+extra[0]*0.8+$BAGI,,,,,,,
,,,,,,2,formula_extra,texts,副手卷軸ATK,,,,,,,
11,,非預設/and,空手,忍術卷軸,,1,,multiplier,250+SLv*25+CLv*1.25,,,,,,,
,,,,,,2,formula_extra,texts,副手卷軸ATK,,,,,,,
11,,非預設/and,空手,無裝備,,1,,multiplier,250+SLv*25+extra[0]+CLv*1.25,,,,,,,
,,,,,,2,formula_extra,texts,施放前氣功層數,,,,,,,
,,,,,,,,values.0,,,,,,,,
11,,非預設,,小刀,,3,,physical_pierce,stack*25,,,,,,,
,,,,,,1,,multiplier,250+SLv*25+extra[0],,,,,,,
11,,非預設,,忍術卷軸,,3,,physical_pierce,stack*25,,,,,,,
,,,,,,1,,multiplier,250+SLv*25+extra[0]*0.8,,,,,,,
,,,,,,2,formula_extra,texts,副手卷軸ATK,,,,,,,
12,暗殺之真髓,預設,,小刀,,1,passive,caption,技能暗殺突刺的基礎技能倍率+${150+SLv*10}。<br>技能死亡綻放的基礎技能倍率+${Math.floor(2.5*SLv)}。,,,,被動,,,
,,,,,,,,skill,"暗殺突刺, 死亡綻放",,,,,,,
,,,,,,-,list,text,暗殺突刺的基礎技能倍率，是在計算急速後閃、看破的加成之前的部分。,,,,,,,
,,,,,,,,mark,"暗殺突刺, 死亡綻放",,,,,,,
,,,,,,-,list,text,死亡綻放的基礎技能倍率，是指隨MP消耗而增長的那部分(未點此技能前倍率最高100)。,,,,,,,
,,,,,,,,mark,"暗殺突刺, 死亡綻放",,,,,,,
,,,,,,-,list,text,目前主手旋風槍的暗殺突刺強化，效果量僅有五分之一，可能是BUG。,,,,,,,
,,,,,,,,mark,"暗殺突刺, 死亡綻放",,,,,,,
12,,非預設,,忍術卷軸,,,,,,,,,,,,
12,,非預設,,,,1,passive,caption,技能暗殺突刺的基礎技能倍率+${SLv*10}。<br>技能死亡綻放的基礎技能倍率+${Math.floor(2.5*SLv)}。,,,,,,,
,,,,,,,,,,,,,,,,
,,,,,,,,,,,,,,,,
,,,,,,,,,,,,,,,,
13,猛襲追擊,預設,,小刀,,1,effect,caption,當面對攻擊目標(或在其周圍7m內)時，閃躲次數消耗-${5*SLv}%。,,800 ,,瞬發,可以放入連擊,,
,,,,,,,,duration,180,,,,,,,
,,,,,,,,,,,,,,,,
,,,,,,-,extra,condition,施放前未處於此狀態時,,,,,,,
,,,,,,,,caption,閃躲剩餘次數回復((最大值的50%))。,,,,,,,
,,,,,,2,extra,condition,閃躲成功(將傷害無效化)後,,,,,,,
,,,,,,,,short_range_damage,"Math.min(20,2*extra[0])",,,,,,,
,,,,,,,,short_range_damage.display,2*extra[0],,,,,,,
,,,,,,-,formula_extra,texts,閃躲成功總次數,,,,,,,
,,,,,,-,extra,condition,技能等級10時,,,,,,,
,,,,,,,,caption,此技能動作時間內附帶閃躲判定,,,,,,,
,,,,,,3,list,text,每閃躲成功一次近距離威力就+2%，上限20%。,,,,,,,
,,,,,,,,,,,,,,,,
,,,,,,,,,,,,,,,,
,,,,,,-,list,text,若閃躲剩餘次數為0，此狀態將提前結束。,,,,,,,
13,,非預設,,忍術卷軸,,,,,,,,,,,,
13,,非預設,,,,1,,caption,當面對攻擊目標(或在其周圍7m內)時，閃躲次數消耗-${2.5*SLv}%。,,,,,,,
,,,,,,2,,short_range_damage,"Math.min(20,extra[0])",,,,,,,
,,,,,,,,short_range_damage.display,extra[0],,,,,,,
,,,,,,3,list,text,每閃躲成功一次近距離威力就+1%，上限20%。,,,,,,,
,,,,,,,,,,,,,,,,
,,,,,,,,,,,,,,,,
,,,,,,,,,,,,,,,,
,,,,,,,,,,,,,,,,
14,毒藥師,預設,,小刀,,-,passive,caption,附加#[猛毒]時，效果時長+${SLv}秒。,,,,被動,,,
,,,,,,-,extra,caption,死亡歡宴的技能倍率+${50*SLv}。,,,,,,,
,,,,,,,,skill,死亡歡宴,,,,,,,
,,,,,,-,extra,caption,死亡歡宴的死毒傷害，也能附加#[猛毒]狀態，機率不明。,,,,,,,
,,,,,,,,skill,死亡歡宴,,,,,,,
,,,,,,-,list,text,猛毒+1、猛毒+2的時長一樣會增加，也就是附加猛毒+1、+2時，效果剩餘時間延長20秒。,,,,,,,
,,,,,,,,,,,,,,,,
,,,,,,,,,,,,,,,,
14,,非預設,,忍術卷軸,,,,,,,,,,,,
,,,,,,,,,,,,,,,,
14,,非預設/and,空手,無裝備,,,,,,,,,,,,
,,,,,,,,,,,,,,,,
7,1,巫師技能,,,,,,,,,,,,,,
0,使魔,預設,法杖,,,-,text,text,召喚一隻使魔，召喚期間內自身獲得使魔守護狀態。,,300 ,,瞬發,無法放入連擊,快,
,,,,,,,,is_mark,1,,,,,,,
,,,,,,,,branch,使魔守護,,,,,,,
,,,,,,-,effect,name,使魔守護,,,,,,,
,,,,,,,,duration,30*SLv,,,,,,,
,,,,,,,,max_mp,100+SLv*10,,,,,,,
,,,,,,,,matk,Math.floor(CLv/(10-SLv*0.6)),,,,,,,
,,,,,,,,additional_magic,5*SLv,,,,,,,
,,,,,,-,list,text,使魔不會進行普通攻擊，需使用其他技能命令其行動。同一時間只能詠唱一種技能，詠唱期間施展下一個技能時前一個會被取消。,,,,,,,
,,,,,,,,mark,使魔,,,,,,,
,,,,,,-,list,text,使魔受到範圍攻擊時會中斷目前行動，並可能會逃跑（解除技能效果）。,,,,,,,
,,,,,,,,mark,使魔,,,,,,,
,,,,,,-,list,text,逃跑機率在技能等級10時降低至約為1%。,,,,,,,
,,,,,,,,mark,使魔,,,,,,,
,,,,,,-,list,text,使魔的外觀可於EX技能中做選擇。,,,,,,,
0,,非預設,魔導具,魔導具,,,,,,,,,,,,
1,閃電術,預設,法杖,,,-,text,text,命令使魔發動閃電魔法，需有使魔存在方可使用。,,0 ,12 ,瞬發,不可放入連擊的第一招,快,
,,,,,,,,branch,閃電魔法,,,,,,,
,,,,,,,,is_mark,1,,,,,,,
,,,,,,1,list,text,習得技能高階使魔後，此技能傷害獲得強化。（無論是否由高階使魔發動）,,,,,,,
,,,,,,,,skill,高階使魔,,,,,,,
,,,,,,-,stack,name,高階使魔技能等級,,,,,,,
,,,,,,,,min,0,,,,,,,
,,,,,,,,max,10,,,,,,,
,,,,,,,,default,0,,,,,,,
,,,,,,,,id,1,,,,,,,
,,,,,,-,proration,damage,magic,,,,,,,
,,,,,,2,damage,name,閃電魔法,,,,,,,
,,,,,,,,damage_type,magic,,,,,,,
,,,,,,,,constant,80,,,,,,,
,,,,,,,,multiplier,400+30*SLv+45*stack,,,,,,,
,,,,,,,,stack_id,1,,,,,,,
,,,,,,,,element,wind,,,,,,,
,,,,,,,,range_damage,long,,,,,,,
,,,,,,,,ailment_name,麻痺,,,,,,,
,,,,,,,,ailment_chance,20+SLv,,,,,,,
,,,,,,-,base,type,custom,,,,,,,
,,,,,,,,title,有效巫師ATK,,,,,,,
,,,,,,,,caption,[(角色MATK×75%)+(角色ATK×25%)+等級差]×(100-目標魔法抗性)%-目標MDEF。其中MATK與ATK乘以各自倍率後，先分別捨去小數部分再相加。,,,,,,,
,,,,,,,,atk_rate,25,,,,,,,
,,,,,,,,matk_rate,75,,,,,,,
,,,,,,-,list,text,使魔需先進行詠唱，詠唱時長為${8-0.4*SLv}秒，不受詠唱速度影響。,,,,,,,
,,,,,,,,,,,,,,,,
,,,,,,-,text,text,感謝巫師技能資料提供者：<br>First test by BLCY from Toram neko (discord).<br>Wizard atk simplified by Joji.,,,,,,,
,,,,,,,,,,,,,,,,
1,,非預設,魔導具,魔導具,,,,,,,,,,,,
1,,歷史紀錄,0,2023/11/09,,1,list,text,無此效果。,,,,,,,
1,,歷史紀錄,1,2023/11/09,,1,list,text,無此效果。,,,,,,,
1,,歷史紀錄,0,2024/04/18,,2,,range_damage,0,,,,,,,
1,,歷史紀錄,1,2024/04/18,,2,,range_damage,0,,,,,,,
2,暴風雪,預設,法杖,,,-,text,text,命令使魔發動暴風雪，需有使魔存在方可使用。,,100 ,12 ,瞬發,可以放入連擊,快,
,,,,,,,,is_mark,1,,,,,,,
,,,,,,,,branch,暴風雪,,,,,,,
,,,,,,1,list,text,習得技能高階使魔後，此技能傷害獲得強化。（無論是否由高階使魔發動）,,,,,,,
,,,,,,,,skill,高階使魔,,,,,,,
,,,,,,-,stack,name,高階使魔技能等級,,,,,,,
,,,,,,,,min,0,,,,,,,
,,,,,,,,max,10,,,,,,,
,,,,,,,,default,0,,,,,,,
,,,,,,,,id,1,,,,,,,
,,,,,,-,proration,damage,magic,,,,,,,
,,,,,,-,damage,name,暴風雪,,,,,,,
,,,,,,,,constant,100,,,,,,,
,,,,,,,,multiplier,100+5*SLv+7.5*stack,,,,,,,
,,,,,,,,stack_id,1,,,,,,,
,,,,,,,,type,AOE,,,,,,,
,,,,,,,,damage_type,magic,,,,,,,
,,,,,,,,title,each,,,,,,,
,,,,,,,,judgment,separate,,,,,,,
,,,,,,,,range_damage,0,,,,,,,
,,,,,,,,frequency,2+Math.floor((SLv-1)/2),,,,,,,
,,,,,,,,duration,3+Math.floor((SLv-1)/2)*1.5,,,,,,,
,,,,,,,,is_place,1,,,,,,,
,,,,,,,,cycle,1.5,,,,,,,
,,,,,,,,radius,8,,,,,,,
,,,,,,,,ailment_name,冰凍,,,,,,,
,,,,,,,,ailment_chance,2*SLv,,,,,,,
,,,,,,,,element,water,,,,,,,
,,,,,,-,base,type,custom,,,,,,,
,,,,,,,,title,有效巫師ATK,,,,,,,
,,,,,,,,caption,[(角色MATK×75%)+(角色ATK×25%)+等級差]×(100-目標魔法抗性)%-目標MDEF。其中MATK與ATK乘以各自倍率後，先分別捨去小數部分再相加。,,,,,,,
,,,,,,,,atk_rate,25,,,,,,,
,,,,,,,,matk_rate,75,,,,,,,
,,,,,,-,list,text,使魔需先進行詠唱，詠唱時長約![3]秒。,,,,,,,
,,,,,,-,list,text,攻擊的中心位置為使用該技能時目標的位置，而非使魔詠唱完畢時的目標位置。,,,,,,,
,,,,,,-,text,text,感謝巫師技能資料提供者：<br>First test by BLCY from Toram neko (discord).<br>Wizard atk simplified by Joji.,,,,,,,
2,,非預設,魔導具,魔導具,,,,,,,,,,,,
2,,歷史紀錄,0,2023/11/09,,1,list,text,無此效果。,,,,,,,
2,,歷史紀錄,1,2023/11/09,,1,list,text,無此效果。,,,,,,,
3,流星轟炸,預設,法杖,,,-,text,text,命令使魔發動流星轟炸，需有使魔存在方可使用。,,300 ,12 ,瞬發,可以放入連擊,快,
,,,,,,,,is_mark,1,,,,,,,
,,,,,,,,branch,流星轟炸,,,,,,,
,,,,,,1,list,text,習得技能高階使魔後，此技能傷害獲得強化。（無論是否由高階使魔發動）,,,,,,,
,,,,,,,,skill,高階使魔,,,,,,,
,,,,,,-,stack,name,高階使魔技能等級,,,,,,,
,,,,,,,,min,0,,,,,,,
,,,,,,,,max,10,,,,,,,
,,,,,,,,default,0,,,,,,,
,,,,,,,,id,1,,,,,,,
,,,,,,-,proration,damage,magic,,,,,,,
,,,,,,2,damage,name,流星轟炸,,,,,,,
,,,,,,,,constant,300,,,,,,,
,,,,,,,,multiplier,500+100*SLv+75*stack,,,,,,,
,,,,,,,,stack_id,1,,,,,,,
,,,,,,,,type,AOE,,,,,,,
,,,,,,,,damage_type,magic,,,,,,,
,,,,,,,,title,each,,,,,,,
,,,,,,,,judgment,separate,,,,,,,
,,,,,,,,range_damage,both,,,,,,,
,,,,,,,,frequency,3,,,,,,,
,,,,,,,,,,,,,,,,
,,,,,,,,radius,4,,,,,,,
,,,,,,,,element,fire,,,,,,,
,,,,,,,,ailment_name,著火,,,,,,,
,,,,,,,,ailment_chance,100,,,,,,,
,,,,,,-,extra,ailment_name,眩暈,,,,,,,
,,,,,,,,ailment_chance,SLv*4,,,,,,,
,,,,,,,,condition,命中成功後,,,,,,,
,,,,,,-,base,type,custom,,,,,,,
,,,,,,,,title,有效巫師ATK,,,,,,,
,,,,,,,,caption,[(角色MATK×75%)+(角色ATK×25%)+等級差]×(100-目標魔法抗性)%-目標MDEF。其中MATK與ATK乘以各自倍率後，先分別捨去小數部分再相加。,,,,,,,
,,,,,,,,atk_rate,25,,,,,,,
,,,,,,,,matk_rate,75,,,,,,,
,,,,,,-,list,text,技能發動後，會以目標位置為中心，半徑約24米的圓內隨機區域進行流星轟炸，重複3次，流星的傷害半徑約4米。,,,,,,,
,,,,,,-,list,text,使魔需先進行詠唱，詠唱時長約3秒，不受詠唱速度影響。,,,,,,,
,,,,,,-,list,text,據參考資料測試，角色能力點「LUK」會影響隨機落下區域的半徑，255L可使半徑縮為一半，面積縮為四分之一。,,,,,,,
,,,,,,-,reference,url,https://www.taptap.com/topic/18663241,,,,,,,
,,,,,,,,url_text,幸运对流星轰炸的影响,,,,,,,
,,,,,,-,text,text,感謝巫師技能資料提供者：<br>First test by BLCY from Toram neko (discord).<br>Wizard atk simplified by Joji.,,,,,,,
3,,非預設,魔導具,魔導具,,,,,,,,,,,,
3,,歷史紀錄,0,2023/11/09,,1,list,text,無此效果。,,,,,,,
3,,歷史紀錄,1,2023/11/09,,1,list,text,無此效果。,,,,,,,
3,,歷史紀錄,0,2024/04/18,,2,,range_damage,0,,,,,,,
3,,歷史紀錄,1,2024/04/18,,2,,range_damage,0,,,,,,,
4,帝王之光,預設,法杖,,,4,text,text,詠唱結束後，對目標發動帝王之光。若自身未持有魔力凝聚，則獲得魔力凝聚效果。,,400 ,12 ,須詠唱,可以放入連擊,稍快,2
,,,,,,,,is_mark,1,,,,,,,
,,,,,,,,branch,"魔力凝聚, 帝王之光",,,,,,,
,,,,,,,,mark,魔力凝聚,,,,,,,
,,,,,,1,proration,damage,magic,,,,,,,
,,,,,,,,proration,none,,,,,,,
,,,,,,-,damage,name,帝王之光,,,,,,,
,,,,,,,,constant,200+20*SLv,,,,,,,
,,,,,,,,multiplier,500+50*SLv,,,,,,,
,,,,,,,,damage_type,magic,,,,,,,
,,,,,,,,range_damage,1,,,,,,,
,,,,,,,,combo_rate,0,,,,,,,
,,,,,,,,is_place,1,,,,,,,
,,,,,,,,element,neutral,,,,,,,
,,,,,,-,base,type,custom,,,,,,,
,,,,,,,,title,有效巫師ATK,,,,,,,
,,,,,,,,caption,[(角色MATK×75%)+(角色ATK×25%)+等級差]×(100-目標魔法抗性)%-目標MDEF。其中MATK與ATK乘以各自倍率後，先分別捨去小數部分再相加。,,,,,,,
,,,,,,,,atk_rate,25,,,,,,,
,,,,,,,,matk_rate,75,,,,,,,
,,,,,,-,effect,name,魔力凝聚,,,,,,,
,,,,,,,,caption,下次魔法傷害命中同一目標後，對目標進行帝王爆裂攻擊。,,,,,,,
,,,,,,,,mark,同一目標,,,,,,,
,,,,,,,,branch,帝王爆裂,,,,,,,
,,,,,,,,condition,未持有魔力凝聚時,,,,,,,
,,,,,,,,end_condition,下次魔法攻擊前,,,,,,,
,,,,,,-,list,text,目前已知魔法、巫師、魔劍技能樹皆可觸發追加傷害。,,,,,,,
,,,,,,,,mark,帝王之光,,,,,,,
,,,,,,-,list,text,在當前目標死亡之前，狀態會一直存在直到被消耗。當前目標死亡後狀態會在約5秒後消失。,,,,,,,
,,,,,,-,proration,damage,magic,,,,,,,
,,,,,,,,proration,none,,,,,,,
,,,,,,-,damage,name,帝王爆裂,,,,,,,
,,,,,,,,constant,300+10*SLv,,,,,,,
,,,,,,,,multiplier,500+150*SLv,,,,,,,
,,,,,,,,damage_type,magic,,,,,,,
,,,,,,,,range_damage,1,,,,,,,
,,,,,,,,,,,,,,,,
,,,,,,,,,,,,,,,,
,,,,,,2,extra,condition,額外效果,,,,,,,
,,,,,,,,caption,此傷害#[必定暴擊]。,,,,,,,
,,,,,,3,extra,condition,對目標造成弱點屬性傷害時,,,,,,,
,,,,,,,,caption,造成#[衰弱]。,,,,,,,
,,,,,,-,base,type,custom,,,,,,,
,,,,,,,,title,有效巫師ATK,,,,,,,
,,,,,,,,caption,[(角色MATK×75%)+(角色ATK×25%)+等級差]×(100-目標魔法抗性)%-目標MDEF。其中MATK與ATK乘以各自倍率後，先分別捨去小數部分再相加。,,,,,,,
,,,,,,,,atk_rate,25,,,,,,,
,,,,,,,,matk_rate,75,,,,,,,
,,,,,,-,list,text,此技能在無使魔，或使魔在進行其他行動時也可施展，但會失去上述的必暴效果。,,,,,,,
,,,,,,,,mark,"帝王爆裂, 使魔",,,,,,,
,,,,,,-,list,text,帝王之光固定為無屬性；帝王爆裂的元素屬性則與觸發追擊的魔法攻擊為相同屬性，顯示之技能名稱也會因此改變。,,,,,,,
,,,,,,,,mark,"帝王爆裂, 使魔, 帝王之光",,,,,,,
,,,,,,-,list,text,帝王爆裂不受連擊效果影響、總傷害提升效果亦對其無效。,,,,,,,
,,,,,,,,mark,"帝王爆裂, 使魔",,,,,,,
,,,,,,,,skill,勇氣泉源,,,,,,,
,,,,,,,,,,,,,,,,
,,,,,,-,tips,text,各屬性下的技能名稱,,,,,,,
,,,,,,-,group,size,1,,,,,,,
,,,,,,-,list,text,無屬性｜帝王爆裂,,,,,,,
,,,,,,-,list,text,火屬性｜帝王烈焰,,,,,,,
,,,,,,-,list,text,水屬性｜帝王寒冰,,,,,,,
,,,,,,-,list,text,地屬性｜帝王巨岩,,,,,,,
,,,,,,-,list,text,風屬性｜帝王雷霆,,,,,,,
,,,,,,-,list,text,光屬性｜帝王聖光,,,,,,,
,,,,,,-,list,text,暗屬性｜帝王暗境,,,,,,,
,,,,,,-,text,text,感謝巫師技能資料提供者：<br>Imperial Ray test by らんな.<br>Base damage test by BLCY from Toram neko (discord).<br>Wizard atk simplified by Joji.,,,,,,,
,,,,,,-,reference,url,https://ameblo.jp/ranran735/entry-12607968632.html?frm=theme,,,,,,,
,,,,,,,,url_text,帝王之光公式來源,,,,,,,
4,,非預設,魔導具,魔導具,,,,,,,,,,,,
4,,歷史紀錄,0,2025/04/24,,1,,proration,magic,,,,,,,
,,,,,,2,extra,condition,發動時，與使魔共同進行詠唱,,,,,,,
,,,,,,3,,,,,,,,,,
,,,,,,139,basic,casting_time,3,,,,,,,
4,,歷史紀錄,1,2025/04/24,,1,,proration,,,,,,,,
,,,,,,2,extra,condition,,,,,,,,
,,,,,,3,extra,condition,,,,,,,,
,,,,,,,,caption,,,,,,,,
,,,,,,139,basic,casting_time,2,,,,,,,
5,魔力水晶,預設,法杖,,,-,text,text,需有使魔存在方可使用。詠唱完畢後，會生成一顆魔力水晶，友方成員靠近後可回復一次MP。,,0 ,,須詠唱,不可放入連擊的第一招,快,4
,,,,,,,,is_mark,1,,,,,,,
,,,,,,,,mark,魔力水晶,,,,,,,
,,,,,,-,heal,name,魔力水晶,,,,,,,
,,,,,,,,type,mp,,,,,,,
,,,,,,,,target,target,,,,,,,
,,,,,,,,constant,100+20*SLv,,,,,,,
,,,,,,-,list,text,水晶的生成位置為自身與使魔位置的中心點。,,,,,,,
,,,,,,-,list,text,水晶同時只能存在1顆，放置第二顆時前一顆會消失。,,,,,,,
,,,,,,-,list,text,施展該技能時角色與使魔需同時詠唱，若使魔已正在詠唱其他技能，剩餘的詠唱時間會加到本技能上。,,,,,,,
5,,非預設,魔導具,魔導具,,,,,,,,,,,,
6,石膚術,預設,法杖,,,-,text,text,命令使魔給全隊隊友施展石壁屏障，需有使魔存在方可使用。,,200 ,,瞬發,可以放入連擊,快,
,,,,,,,,is_mark,1,,,,,,,
,,,,,,,,mark,石壁屏障,,,,,,,
,,,,,,-,effect,name,石壁屏障,,,,,,,
,,,,,,,,duration,30+SLv*3,,,,,,,
,,,,,,,,caption,創造可承受${500+SLv*200+$VIT*2}傷害量的護盾，當受傷小於護盾的剩餘量時，傷害變為1。,,,,,,,
,,,,,,,,target,party,,,,,,,
,,,,,,-,extra,caption,受到#[猛毒]與#[著火]的傷害+![100%]。,,,,,,,
,,,,,,,,condition,副作用,,,,,,,
,,,,,,-,list,text,使魔需先進行詠唱，詠唱時長約${6-0.2*SLv}秒，不受詠唱速度影響。,,,,,,,
,,,,,,-,list,text,當受到的傷害超過護盾剩餘量時，該次傷害在扣除護盾餘額後，受到的最終傷害會再減半。,,,,,,,
,,,,,,-,tips,text,例如，護盾剩餘1000時受到了1600的傷害，則護盾消失的同時，該次傷害減輕至300。,,,,,,,
,,,,,,-,list,text,已有此狀態時無法再施展此技能；作為隊友時也同樣無法再接受來自他人的此效果。,,,,,,,
,,,,,,,,,,,,,,,,
6,,非預設,魔導具,魔導具,,,,,,,,,,,,
7,高階使魔,預設,法杖,,,1,text,text,可召喚一隻能自由行動的使魔，每隔${25-SLv*1.5}秒便會自動對目標施展閃電術、暴風雪或流星轟炸的其中一招。此外，習得此技能時可獲得對上述三個技能的被動強化效果。,,300 ,,瞬發,無法放入連擊,快,
,,,,,,,,is_mark,1,,,,,,,
,,,,,,,,skill,"閃電術, 暴風雪, 流星轟炸",,,,,,,
,,,,,,-,tips,text,自動施展間隔會在技能被詠唱完之後才進入倒數。,,,,,,,
,,,,,,-,list,text,此技能與技能「使魔」相同，會獲得使魔守護狀態，使魔之能力與使魔守護效果可參照「使魔」頁面。,,,,,,,
,,,,,,,,skill,使魔,,,,,,,
,,,,,,,,mark,使魔守護,,,,,,,
,,,,,,-,list,text,使魔之能力與使魔守護效果僅受「使魔」技能等級影響，與本技能等級無關。,,,,,,,
,,,,,,,,skill,使魔,,,,,,,
,,,,,,-,list,text,使魔自動施展的法術無須消費MP。,,,,,,,
,,,,,,2,list,text,自動施展的技能等級，與原技能等級相同。,,,,,,,
,,,,,,-,list,text,不會發動自身未習得的技能。,,,,,,,
,,,,,,-,reference,url,https://ameblo.jp/ranran735/entry-12607157495.html?frm=theme,,,,,,,
,,,,,,,,url_text,自動施展間隔來源,,,,,,,
7,,非預設,魔導具,魔導具,,,,,,,,,,,,
7,,歷史紀錄,0,2023/11/09,,1,text,text,可召喚一隻能自由行動的使魔，每隔${35-SLv}秒便會自動對目標施展閃電術、暴風雪或流星轟炸的其中一招。,,,,,,,
,,,,,,2,list,text,自動施展的技能威力，受被施放的技能的技能等級影響，與本技能等級無關。,,,,,,,
7,,歷史紀錄,1,2023/11/09,,1,text,text,可召喚一隻能自由行動的使魔，每隔${35-SLv}秒便會自動對目標施展閃電術、暴風雪或流星轟炸的其中一招。,,,,,,,
,,,,,,2,list,text,自動施展的技能威力，受被施放的技能的技能等級影響，與本技能等級無關。,,,,,,,
8,詠唱要領,預設,法杖,,,-,stack,name,除本技能外，學習的巫師技能種類,,,,被動,,,
,,,,,,,,min,0,,,,,,,
,,,,,,,,max,14,,,,,,,
,,,,,,,,default,4,,,,,,,
,,,,,,,,id,1,,,,,,,
,,,,,,,,value,"Math.min(1,getSkillLevel('1-7-0'))+Math.min(1,getSkillLevel('1-7-1'))+Math.min(1,getSkillLevel('1-7-2'))+Math.min(1,getSkillLevel('1-7-3'))+Math.min(1,getSkillLevel('1-7-4'))+Math.min(1,getSkillLevel('1-7-5'))+Math.min(1,getSkillLevel('1-7-6'))+Math.min(1,getSkillLevel('1-7-7'))+Math.min(1,getSkillLevel('1-7-9'))+Math.min(1,getSkillLevel('1-7-10'))+Math.min(1,getSkillLevel('1-7-11'))+Math.min(1,getSkillLevel('1-7-12'))+Math.min(1,getSkillLevel('1-7-13'))+Math.min(1,getSkillLevel('1-7-14'))",,,,,,,
,,,,,,-,stack,name,包含本技能，巫師技能等級合計,,,,,,,
,,,,,,,,min,1,,,,,,,
,,,,,,,,max,150,,,,,,,
,,,,,,,,default,50,,,,,,,
,,,,,,,,id,2,,,,,,,
,,,,,,,,value,getSkillLevel('1-7-0')+getSkillLevel('1-7-1')+getSkillLevel('1-7-2')+getSkillLevel('1-7-3')+getSkillLevel('1-7-4')+getSkillLevel('1-7-5')+getSkillLevel('1-7-6')+getSkillLevel('1-7-7')+getSkillLevel('1-7-8')+getSkillLevel('1-7-9')+getSkillLevel('1-7-10')+getSkillLevel('1-7-11')+getSkillLevel('1-7-12')+getSkillLevel('1-7-13')+getSkillLevel('1-7-14'),,,,,,,
,,,,,,-,passive,cspd,Math.floor(SLv*1.5)+stack[0]*Math.floor(SLv/2),%,,,,,,
,,,,,,,,cspd,stack[1]*SLv,,,,,,,
,,,,,,,,atk,-50+2.5*SLv,%,,,,,,
,,,,,,,,stack_id,"1,2",,,,,,,
,,,,,,-,list,text,此技能導致的ATK降低，不會導致有效巫師ATK算式中的ATK降低，仍按無此技能時的計算。,,,,,,,
,,,,,,,,mark,有效巫師ATK,,,,,,,
,,,,,,,,,,,,,,,,
8,,非預設,魔導具,,,,,,,,,,,,,
9,水晶雷射,預設,法杖,,,-,text,text,當場上存在自己的使魔時方可使用，命令使魔使用魔力水晶，向鎖定目標的方向發射水晶雷射。水晶雷射除了造成範圍傷害，還會回復雷射範圍內我方成員MP。,,200 ,12 ,瞬發,可以放入連擊,快,
,,,,,,,,is_mark,1,,,,,,,
,,,,,,,,skill,魔力水晶,,,,,,,
,,,,,,,,mark,"水晶雷射,魔力水晶",,,,,,,
,,,,,,-,tips,text,使用此技能後，魔力水晶會消失。,,,,,,,
,,,,,,-,proration,damage,magic,,,,,,,
,,,,,,1,damage,name,水晶雷射,,,,,,,
,,,,,,,,constant,200,,,,,,,
,,,,,,,,multiplier,700+30*SLv,,,,,,,
,,,,,,,,type,AOE,,,,,,,
,,,,,,,,damage_type,magic,,,,,,,
,,,,,,,,effective_area,line,,,,,,,
,,,,,,,,move_distance,12,,,,,,,
,,,,,,,,radius,2,,,,,,,
,,,,,,,,range_damage,1,,,,,,,
,,,,,,,,element,neutral,,,,,,,
,,,,,,-,base,type,custom,,,,,,,
,,,,,,,,title,有效巫師ATK,,,,,,,
,,,,,,,,caption,[(角色MATK×75%)+(角色ATK×25%)+等級差]×(100-目標魔法抗性)%-目標MDEF。其中MATK與ATK乘以各自倍率後，先分別捨去小數部分再相加。,,,,,,,
,,,,,,,,atk_rate,25,,,,,,,
,,,,,,,,matk_rate,75,,,,,,,
,,,,,,-,stack,name,魔力水晶技能等級,,,,,,,
,,,,,,,,min,1,,,,,,,
,,,,,,,,max,10,,,,,,,
,,,,,,,,default,10,,,,,,,
,,,,,,,,id,1,,,,,,,
,,,,,,,,value,getSkillLevel('1-7-5'),,,,,,,
,,,,,,-,heal,type,mp,,,,,,,
,,,,,,,,target,target,,,,,,,
,,,,,,,,constant,(5+stack)*SLv,,,,,,,
,,,,,,,,stack_id,1,,,,,,,
,,,,,,-,list,text,水晶雷射的攻擊範圍，起始點是魔力水晶所在位置，並非自身中心。,,,,,,,
,,,,,,,,mark,"水晶雷射,魔力水晶",,,,,,,
,,,,,,,,,,,,,,,,
,,,,,,-,list,text,若場上沒有魔力水晶，使用此技能會白白浪費MP。,,,,,,,
,,,,,,,,mark,"水晶雷射,魔力水晶",,,,,,,
9,,非預設,魔導具,,,,,,,,,,,,,
9,,歷史紀錄,0,2024/04/18,,1,,range_damage,0,,,,,,,
9,,歷史紀錄,1,2024/04/18,,1,,range_damage,0,,,,,,,
10,超限,預設,法杖,,,-,text,text,狀態期間內，使用無屬性以外的魔法傷害技能時，提升對所有屬性的對屬傷害。降低CSPD，且每次使用需詠唱的技能時，損失相當於1%最大HP的HP。,,100 ,,瞬發,可以放入連擊,快,
,,,,,,,,is_mark,1,,,,,,,
,,,,,,,,mark,"無屬性以外,魔法傷害",,,,,,,
,,,,,,-,list,text,習得魔術嚮導時，強化此技能效果。,,,,,,,
,,,,,,,,mark,魔術嚮導,,,,,,,
,,,,,,-,stack,name,魔術嚮導技能等級,,,,,,,
,,,,,,,,min,0,,,,,,,
,,,,,,,,max,10,,,,,,,
,,,,,,,,default,10,,,,,,,
,,,,,,,,id,1,,,,,,,
,,,,,,,,value,getSkillLevel('1-7-11'),,,,,,,
,,,,,,-,effect,magic_stronger_against_element,SLv+stack,,,,,,,
,,,,,,,,cspd,-1000+stack*50,,,,,,,
,,,,,,,,stack_id,1,,,,,,,
,,,,,,,,duration,90,,,,,,,
,,,,,,-,list,text,與#[法術額外屬性傷害][法術額外屬性傷害/剋屬傷害]相同，只要攻擊帶有無屬性以外的#[元素屬性][元素屬性判定]，便會提升所有屬性的對屬傷害，包括對無傷害。,,,,,,,
,,,,,,-,list,text,此技能導致的HP減損，不會提升獵魂的靈魂能量層數。,,,,,,,
,,,,,,,,skill,獵魂,,,,,,,
,,,,,,-,list,text,若角色陷入#[衰弱]狀態，此技能BUFF會遭解除。,,,,,,,
10,,非預設,魔導具,,,,,,,,,,,,,
11,魔術嚮導,預設,法杖,,,-,passive,caption,提升超限的對屬強化效果${SLv}%、減輕CSPD懲罰量${SLv*50}。,,,,被動,,,
,,,,,,,,is_mark,1,,,,,,,
,,,,,,,,skill,超限,,,,,,,
11,,非預設,魔導具,,,,,,,,,,,,,
12,魔術研究,預設,法杖,,,-,passive,caption,增加帝王之光的技能倍率、並縮短使魔施展魔法的詠唱時間。,,,,被動,,,
,,,,,,,,is_mark,1,,,,,,,
,,,,,,,,skill,"帝王之光,使魔",,,,,,,
,,,,,,-,list,text,帝王之光(第一段傷害)的倍率+${20*SLv}；帝王爆裂(第二段傷害)的倍率+${40*SLv}。,,,,,,,
,,,,,,-,list,text,所有由使魔(含高階使魔)詠唱的技能，詠唱時間減少約1秒(技能等級10時)。,,,,,,,
12,,非預設,魔導具,魔導具,,,,,,,,,,,,
13,貓咪的掉落物,預設,法杖,,,-,passive,caption,使魔詠唱成功時，有${SLv*SLv}%概率產出一顆魔力水晶。,,,,被動,,,
,,,,,,,,is_mark,1,,,,,,,
,,,,,,,,skill,魔力水晶,,,,,,,
,,,,,,-,list,text,僅作用於使魔單獨進行詠唱的技能。,,,,,,,
13,,非預設,魔導具,,,,,,,,,,,,,
14,次元挪移,預設,法杖,,,-,effect,caption,自身保持#[無敵]狀態，狀態期間自身無法進行除移動外的行動，且每秒消耗200MP。,,200 ,,瞬發,可以放入連擊,,
,,,,,,,,is_mark,1,,,,,,,
,,,,,,,,end_condition,直到再次使用或MP不足,,,,,,,
,,,,,,-,extra,caption,清除自身累積的所有恨意值。,,,,,,,
,,,,,,-,extra,caption,每秒消耗的MP量+100。,,,,,,,
,,,,,,,,condition,發動超過10秒後,,,,,,,
,,,,,,-,list,text,若被敵人鎖定，此技能將無法施展。,,,,,,,
,,,,,,-,list,text,雖然無法主動攻擊，但被動攻擊仍可進行(如:反擊勢力、分身射手的普攻),,,,,,,
,,,,,,-,list,text,"技能效果期間若躲避傷害，在技能結束後給予自身「行動速度+5%」效果，每躲避一次，效果時間+${[10,11,12,13,15,17,20,23,26,30][SLv-1]}秒(最多60秒)。",,,,,,,
14,,非預設,魔導具,,,,,,,,,,,,,
2,0,輔助技能,,,,,,,,,,,,,,
0,1,輔助技能,,,,,,,,,,,,,,
0,急救,預設,,,,-,passive,caption,急救時的時間減少比率提升至${30+SLv*2}%。,,,,被動,,,
,,,,,,-,tips,text,每次進行急救，復活的剩餘時間會減少(當前時間*時間減少比率)。,,,,,,,
,,,,,,-,tips,text,沒點此技能的話，基礎的時間減少率為30%。,,,,,,,
1,治癒術,預設,,,,-,heal,type,hp,,100 ,24 ,須詠唱,無法放入連擊,稍慢,1
,,,,,,,,target,target,,,,,,,
,,,,,,,,constant,30*SLv,,,,,,,
,,,,,,,,extra_text,目標最大HP,,,,,,,
,,,,,,,,extra_value,0.01*SLv,,,,,,,
,,,,,,,,action_frame,171~97,,,,,,,
,,,,,,-,text,text,對不支倒地的目標施放此技能，可使其剩餘復活時間減少${SLv}秒。,,,,,,,
2,異常抗體,預設,,,,-,effect,caption,解除目標身上一個異常狀態，成功解除異常狀態時回復施術者${SLv*SLv}MP。<br />若無可解除的異常狀態，將令目標獲得預防效果。,,100 ,24 ,瞬發,無法放入連擊,稍慢,
,,,,,,,,type,target,,,,,,,
,,,,,,,,branch,預防,,,,,,,
,,,,,,,,is_mark,1,,,,,,,
,,,,,,,,action_frame,92~52,,,,,,,
,,,,,,-,effect,name,預防,,,,,,,
,,,,,,,,condition,none,,,,,,,
,,,,,,,,type,self,,,,,,,
,,,,,,,,caption,效果時間內，受到異常狀態時將解除異常狀態，同時結束效果。但無法解除控制類異常。,,,,,,,
,,,,,,,,mark,控制類異常,,,,,,,
,,,,,,,,duration,10+2*SLv,,,,,,,
3,聖域,預設,,,,-,text,text,施放成功後，於原地設置一個守護聖域，在範圍內的所有友方若受到的傷害小於一定量時，獲得高額減傷。,,400 ,,瞬發,可以放入連擊,慢,
,,,,,,,,is_mark,1,,,,,,,
,,,,,,,,mark,守護聖域,,,,,,,
,,,,,,,,,,,,,,,,
,,,,,,-,effect,name,守護聖域,,,,,,,
,,,,,,,,condition,none,,,,,,,
,,,,,,,,caption,區域內的所有友方在受到傷害時，若該傷害未超過該友軍HP上限的${5+0.5*SLv}%，該傷害將減少${30+Math.floor((SLv-1)/3)*20}%。,,,,,,,
,,,,,,,,duration,5+SLv,,,,,,,
,,,,,,,,type,circle,,,,,,,
,,,,,,,,is_place,1,,,,,,,
,,,,,,,,radius,1+SLv/3,,,,,,,
,,,,,,,,action_frame,171~97,,,,,,,
,,,,,,-,list,text,聖域判定「傷害小於HP${5+0.5*SLv}%」的時機，在角色屬性（物魔抗、物魔防、精鍊、屬性減傷等）的計算之後，但在絕大多數主被動技能的減傷之前進行。,,,,,,,
,,,,,,,,,,,,,,,,
4,癒合,預設,,,,-,heal,type,hp,,300 ,24 ,須詠唱,無法放入連擊,稍慢,1
,,,,,,,,target,target,,,,,,,
,,,,,,,,constant,300*SLv,,,,,,,
,,,,,,,,extra_text,目標HP上限,,,,,,,
,,,,,,,,extra_value,0.1+SLv*0.01,,,,,,,
,,,,,,,,action_frame,171~97,,,,,,,
,,,,,,-,text,text,對不支倒地的目標施放此技能，可使該目標的剩餘復活時間減少${10+2*SLv}秒。,,,,,,,
5,生命能源,預設,,,,-,effect,type,aura,,300 ,,瞬發,無法放入連擊,慢,
,,,,,,,,radius,5+0.5*SLv,,,,,,,
,,,,,,,,duration,900,,,,,,,
,,,,,,,,caption,每3秒恢復${10+SLv*4+$VIT}HP。,,,,,,,
,,,,,,,,action_frame,171~97,,,,,,,
,,,,,,-,extra,condition,施術者自身,,,,,,,
,,,,,,,,caption,所受傷害增加${400-20*SLv}%。,,,,,,,
,,,,,,-,list,text,光環範圍內的所有友方均可享受其正面效果（含施術者自身）。,,,,,,,
,,,,,,-,list,text,施放者受到傷害時，光環立刻中斷，使用#[無敵]、閃躲、部分技能的免傷效果可避免中斷。,,,,,,,
6,勇氣泉源,預設,,,,-,effect,type,aura,,400 ,,須蓄力,無法放入連擊,慢,1
,,,,,,,,radius,5+0.5*SLv,,,,,,,
,,,,,,,,weapon_atk,10+2*SLv,%,,,,,,
,,,,,,,,duration,900,,,,,,,
,,,,,,,,action_frame,171~97,,,,,,,
,,,,,,-,extra,total_damage_B,2*SLv,,,,,,,
,,,,,,,,condition,受此效果影響的友方,,,,,,,
,,,,,,-,extra,condition,施術者自身,,,,,,,
,,,,,,,,accuracy,-75+2.5*SLv,%,,,,,,
,,,,,,-,list,text,光環範圍內的所有友方均可享受其正面效果（含施術者自身）。,,,,,,,
,,,,,,-,list,text,施放者受到傷害時，光環立刻中斷，使用#[無敵]、閃躲、部分技能的免傷效果可避免中斷。,,,,,,,
7,高速詠唱,預設,,,,-,effect,type,aura,,500 ,,須蓄力,無法放入連擊,慢,2
,,,,,,,,radius,5+0.5*SLv,,,,,,,
,,,,,,,,cspd,25*SLv,%,,,,,,
,,,,,,,,cspd,50+50*SLv,,,,,,,
,,,,,,,,duration,900,,,,,,,
,,,,,,,,action_frame,171~97,,,,,,,
,,,,,,-,extra,condition,施術者自身,,,,,,,
,,,,,,,,natural_mp_regen,-50.5+2.5*SLv,%,,,,,,
,,,,,,,,attack_mp_recovery,-90.5+1.5*SLv,%,,,,,,
,,,,,,-,list,text,光環範圍內的所有友方均可享受其正面效果（含施術者自身）。,,,,,,,
,,,,,,-,list,text,施放者受到傷害時，光環立刻中斷，使用#[無敵]、閃躲、部分技能的免傷效果可避免中斷。,,,,,,,
8,高速行動,預設,,,,-,effect,type,aura,,600 ,,須蓄力,無法放入連擊,慢,3
,,,,,,,,radius,5+0.5*SLv,,,,,,,
,,,,,,,,duration,900,,,,,,,
,,,,,,,,aspd,25*SLv,%,,,,,,
,,,,,,,,aspd,100+100*SLv,,,,,,,
,,,,,,,,action_frame,171~97,,,,,,,
,,,,,,-,extra,condition,施術者自身,,,,,,,
,,,,,,,,attack_mp_recovery,-100+3*SLv,%,,,,,,
,,,,,,-,list,text,光環範圍內的所有友方均可享受其正面效果（含施術者自身）。,,,,,,,
,,,,,,-,list,text,施放者受到傷害時，光環立刻中斷，使用#[無敵]、閃躲、部分技能的免傷效果可避免中斷。,,,,,,,
9,魔力能源,預設,,,,-,effect,type,aura,,300 ,,瞬發,無法放入連擊,慢,
,,,,,,,,radius,5+0.5*SLv,,,,,,,
,,,,,,,,duration,900,,,,,,,
,,,,,,,,caption,每3秒恢復${10+Math.floor(SLv*1.5)+$INT*0.1}MP。,,,,,,,
,,,,,,,,action_frame,171~97,,,,,,,
,,,,,,-,extra,condition,施術者自身,,,,,,,
,,,,,,,,total_damage_B,-50+2.5*SLv,,,,,,,
,,,,,,-,list,text,光環範圍內的所有友方均可享受其正面效果（含施術者自身）。,,,,,,,
,,,,,,-,list,text,施放者受到傷害時，光環立刻中斷，使用#[無敵]、閃躲、部分技能的免傷效果可避免中斷。,,,,,,,
10,魔法防護,預設,,,,-,effect,type,aura,,400 ,,須蓄力,無法放入連擊,慢,1
,,,,,,,,radius,5+0.5*SLv,,,,,,,
,,,,,,,,duration,900,,,,,,,
,,,,,,,,def,10+2*SLv,%,,,,,,
,,,,,,,,mdef,10+2*SLv,%,,,,,,
,,,,,,,,action_frame,171~97,,,,,,,
,,,,,,-,extra,caption,受到的最終傷害${-2*SLv}%。,,,,,,,
,,,,,,-,extra,condition,施術者自身,,,,,,,
,,,,,,,,dodge,-75+2.5*SLv,%,,,,,,
,,,,,,-,list,text,光環範圍內的所有友方均可享受其正面效果（含施術者自身）。,,,,,,,
,,,,,,-,list,text,施放者受到傷害時，光環立刻中斷，使用#[無敵]、閃躲、部分技能的免傷效果可避免中斷。,,,,,,,
11,異常防護,預設,,,,-,effect,type,aura,,500 ,,須蓄力,無法放入連擊,慢,2
,,,,,,,,radius,5+0.5*SLv,,,,,,,
,,,,,,,,duration,900,,,,,,,
,,,,,,,,ailment_avoid,20+3*SLv,,,,,,,
,,,,,,,,action_frame,171~97,,,,,,,
,,,,,,-,extra,condition,施術者自身,,,,,,,
,,,,,,,,aspd,-1000+75*SLv,%,,,,,,
,,,,,,-,list,text,光環範圍內的所有友方均可享受其正面效果（含施術者自身）。,,,,,,,
,,,,,,-,list,text,異常閃躲指受到異常狀態後，有機率立刻解除的能力，對於#[紅字異常][異常抗性]亦有效、與異常抗性分開判定。,,,,,,,
,,,,,,,,mark,"異常抗性,異常閃躲",,,,,,,
,,,,,,,,,,,,,,,,
,,,,,,,,,,,,,,,,
,,,,,,-,list,text,施放者受到傷害時，光環立刻中斷，使用#[無敵]、閃躲、部分技能的免傷效果可避免中斷。,,,,,,,
12,神速反應,預設,,,,-,effect,type,aura,,600 ,,須蓄力,無法放入連擊,慢,3
,,,,,,,,radius,5+0.5*SLv,,,,,,,
,,,,,,,,duration,900,,,,,,,
,,,,,,,,guard_regenerate,10+SLv,,,,,,,
,,,,,,,,evasion_regenerate,SLv,,,,,,,
,,,,,,,,action_frame,171~97,,,,,,,
,,,,,,-,extra,condition,施術者自身,,,,,,,
,,,,,,,,cspd,-1000+75*SLv,%,,,,,,
,,,,,,-,list,text,光環範圍內的所有友方均可享受其正面效果（含施術者自身）。,,,,,,,
,,,,,,-,list,text,施放者受到傷害時，光環立刻中斷，使用#[無敵]、閃躲、部分技能的免傷效果可避免中斷。,,,,,,,
1,1,好戰份子,,,,,,,,,,,,,,
0,提升魔力,預設,,,,-,passive,matk,Math.floor(CLv*(Math.floor(25*SLv/10))/100),,,,被動,,,
,,,,,,-,tips,text,此技能數據與角色等級有關，注意調整下方選項內的角色等級以得到正確數值。,,,,,,,
1,專注,預設,,,,-,passive,caption,造成魔法傷害時，有${SLv}%機率使總傷害提升${SLv+10}%,,,,被動,,,
,,,,,,,,,,,,,,,,
,,,,,,,,,,,,,,,,
2,頑強抵抗,預設,,,,-,passive,caption,處於#[膽怯]、#[翻覆]、#[昏厥]、#[逼退]狀態時，受到的傷害將減少${SLv}%。,,,,被動,,,
3,魔力增幅,預設,,,,-,passive,matk,Math.floor(CLv*(Math.floor(25*SLv/10))/100),,,,被動,,,
,,,,,,-,tips,text,此技能數據與角色等級有關，注意調整下方選項內的角色等級以得到正確數值。,,,,,,,
4,分段爆裂,預設,,,,-,passive,magic_crt_percentage,SLv*2.5,,,,被動,,,
,,,,,,,,magic_cd_percentage,SLv*2.5,,,,,,,
,,,,,,1,list,text,(2021/08/01)已確認法術暴傷轉化率具有50%基礎值，故調整相關屬性之計算。,,,,,,,
,,,,,,,,mark,法術暴傷轉化率,,,,,,,
,,,,,,-,tips,text,建議查看#[法術暴擊轉化率]的說明。,,,,,,,
4,,歷史紀錄,0,2020/06/25,,1,,text,法術暴傷轉化率不具有50%基礎值。,,,,,,,
,,,,,,,,,,,,,,,,
5,提升攻擊力,預設,,,,-,passive,atk,Math.floor(CLv*(Math.floor(25*SLv/10))/100),,,,被動,,,
,,,,,,-,tips,text,此技能數據與角色等級有關，注意調整下方選項內的角色等級以得到正確數值。,,,,,,,
6,強打,預設,,,,-,passive,caption,造成物理傷害時，有${SLv}%機率使總傷害提升${SLv+10}%,,,,被動,,,
,,,,,,,,,,,,,,,,
,,,,,,,,,,,,,,,,
7,提升暴擊率,預設,,,,-,passive,critical_rate,SLv*0.5,,,,被動,,,
,,,,,,,,critical_damage,SLv*0.5,%,,,,,,
8,威嚇之力,預設,,,,-,passive,atk,Math.floor(CLv*(Math.floor(25*SLv/10))/100),,,,被動,,,
,,,,,,-,tips,text,此技能數據與角色等級有關，注意調整下方選項內的角色等級以得到正確數值。,,,,,,,
9,追擊之真髓,預設,,,,-,passive,caption,觸發物理追擊、魔法追擊機率增加${2.5*SLv}%,,,,被動,,,
,,,,,,-,tips,text,參閱#[追擊]頁面以了解追擊的傷害計算。,,,,,,,
,,,,,,-,list,text,未學習本技能時，發生追擊的機率為![25%]。,,,,,,,
,,,,,,-,list,text,需裝備有追擊能力的裝備，此技能才會生效。,,,,,,,
,,,,,,,,,,,,,,,,
,,,,,,,,,,,,,,,,
10,提升防禦力,預設,,,,-,passive,def,Math.floor(CLv*(Math.floor(25*SLv/10))/100),,,,被動,,,
,,,,,,,,mdef,Math.floor(CLv*(Math.floor(25*SLv/10))/100),,,,,,,
,,,,,,-,tips,text,此技能數據與角色等級有關，注意調整下方選項內的角色等級以得到正確數值。,,,,,,,
11,提升迴避率,預設,,,,-,passive,dodge,SLv,,,,被動,,,
12,提升命中率,預設,,,,-,passive,accuracy,SLv,,,,被動,,,
13,守護要訣,預設,,,,-,passive,def,Math.floor(CLv*(Math.floor(25*SLv/10))/100),,,,被動,,,
,,,,,,,,mdef,Math.floor(CLv*(Math.floor(25*SLv/10))/100),,,,,,,
,,,,,,-,tips,text,此技能數據與角色等級有關，注意調整下方選項內的角色等級以得到正確數值。,,,,,,,
14,超凡掌握,預設,,,,-,passive,caption,角色不支倒地時，減少${7.5*SLv}%的擊退距離。,,,,被動,,,
2,1,生存本能,,,,,,,,,,,,,,
0,裝死,預設,,,,-,passive,revive_time,-SLv*5,~,,,被動,,,
,,,,,,-,tips,text,等於基礎復活時間減少${SLv*15}秒,,,,,,,
1,經驗值提升,預設,,,,-,passive,exp_rate,SLv,,,,被動,,,
,,,,,,-,tips,text,同時存在其他經驗值加成效果時，採疊加。,,,,,,,
2,掉寶率提升,預設,,,,-,passive,drop_rate,SLv,,,,被動,,,
,,,,,,-,tips,text,同時存在其他掉落率加成效果時，採疊加。,,,,,,,
3,安心休息,預設,,,,-,passive,natural_hp_regen_s,SLv*10,,,,被動,,,
,,,,,,,,natural_hp_regen_s,SLv*10,%,,,,,,
,,,,,,-,text,text,僅在非戰鬥狀態時生效。,,,,,,,
4,HP突破,預設,,,,-,passive,max_hp,SLv*100,,,,被動,,,
,,,,,,,,max_hp,SLv*2,%,,,,,,
5,游刃有餘,預設,,,,-,passive,natural_hp_regen_b,SLv,,,,被動,,,
,,,,,,,,,,,,,,,,
,,,,,,-,list,text,此效果僅在戰鬥狀態下發動。,,,,,,,
,,,,,,-,list,text,戰時HP回復基礎值為0%，戰時HP回復+${SLv}%即表示：戰鬥中每3秒，回復((基礎自然HP回復*${SLv}%))的HP。,,,,,,,
,,,,,,-,list,text,安心休息、治癒之歌的增加HP自然回復的效果，需在未戰鬥狀態下觸發，此技能無法受其加成。,,,,,,,
,,,,,,,,skill,"安心休息, 治癒之歌",,,,,,,
6,喘一口氣,預設,,,,-,passive,natural_mp_regen_s,SLv,,,,被動,,,
,,,,,,,,natural_mp_regen_s,SLv*5,%,,,,,,
,,,,,,-,text,text,僅在非戰鬥狀態時生效。,,,,,,,
7,MP突破,預設,,,,-,passive,max_mp,SLv*30,,,,被動,,,
8,沉著以對,預設,,,,-,passive,natural_mp_regen_b,5*SLv,,,,被動,,,
,,,,,,,,,,,,,,,,
,,,,,,-,list,text,此效果僅在戰鬥狀態下發動。,,,,,,,
,,,,,,-,list,text,戰時MP回復基礎值為0%，戰時MP回復+${SLv*5}%即表示：戰鬥中每3秒，回復((基礎自然MP回復*${SLv*5}%))的MP。,,,,,,,
,,,,,,-,list,text,喘一口氣、治癒之歌的增加MP自然回復的效果，需在未戰鬥狀態下觸發，此技能回復量無法受其加成。,,,,,,,
,,,,,,,,skill,"喘一口氣, 治癒之歌",,,,,,,
,,,,,,,,,,,,,,,,
3,0,生產技能,,,,,,,,,,,,,,
0,1,鍛冶大師,,,,,,,,,,,,,,
0,精鍊裝備,預設,,,,-,text,text,可在技能中的「EX技能」自行精鍊裝備。,,,,EX技能,,,
,,,,,,,,is_mark,1,,,,,,,
,,,,,,-,list,text,精煉成功率可參考下方連結。,,,,,,,
,,,,,,-,reference,url_text,精煉成功率計算方法,,,,,,,
,,,,,,,,url,https://forum.gamer.com.tw/Co.php?bsn=28271&sn=32292,,,,,,,
1,自身的鐵砧,預設,,,,1,text,text,鍛冶熟練度等級上限增加：((當前版本角色等級上限-50))的${40+SLv}%。,,,,被動,,,
,,,,,,,,is_mark,1,,,,,,,
,,,,,,-,list,text,初始的鍛冶熟練度上限為50Lv。,,,,,,,
,,,,,,-,list,text,若此技能被重置，熟練度超出上限的部分會保留，但無法發揮效果。,,,,,,,
,,,,,,,,,,,,,,,,
,,,,,,,,,,,,,,,,
1,,歷史紀錄,0,2025/06/26,,1,text,text,增加鍛冶熟練度上限${SLv*5}Lv。(原本所有鐵砧類技能都是增加等級上限50，現在僅須這一個既能就能取代四個鐵砧技能),,,,,,,
2,專家的鐵砧,預設,,,,-,text,text,使用技能「強化裝備」時，消耗的總素材pt降低${SLv}%。,,,,被動,,,
,,,,,,,,is_mark,1,,,,,,,
,,,,,,-,list,text,此技能所減少的素材pt，與鐵砧類技能疊加，為鍛造熟練度減免、素材技能減免以外之獨立乘項。（疊乘關係）,,,,,,,
,,,,,,,,,,,,,,,,
2,,歷史紀錄,0,2025/06/26,,-,text,text,再增加鍛冶熟練度上限${SLv*5}Lv。,,,,,,,
3,鐵匠鋪的鐵砧,預設,,,,-,text,text,使用技能「強化裝備」時，消耗的總素材pt降低${SLv}%。,,,,被動,,,
,,,,,,,,is_mark,1,,,,,,,
,,,,,,-,list,text,此技能所減少的素材pt，與鐵砧類技能疊加，為鍛造熟練度減免、素材技能減免以外之獨立乘項。（疊乘關係）,,,,,,,
3,,歷史紀錄,0,2025/06/26,,-,text,text,再增加鍛冶熟練度上限${SLv*5}Lv。,,,,,,,
11,大師的鐵砧,預設,,,,-,text,text,使用技能「強化裝備」時，消耗的總素材pt降低${SLv}%。,,,,被動,,,
,,,,,,,,is_mark,1,,,,,,,
,,,,,,-,list,text,此技能所減少的素材pt，與鐵砧類技能疊加，為鍛造熟練度減免、素材技能減免以外之獨立乘項。（疊乘關係）,,,,,,,
11,,歷史紀錄,0,2025/06/26,,-,text,text,再增加鍛冶熟練度上限${SLv*5}Lv。,,,,,,,
15,大師的鐵砧II,預設,,,,-,text,text,使用技能「強化裝備」時，消耗的總素材pt降低${SLv}%。,,,,被動,,,
,,,,,,,,is_mark,1,,,,,,,
,,,,,,-,list,text,此技能所減少的素材pt，與鐵砧類技能疊加，為鍛造熟練度減免、素材技能減免以外之獨立乘項。（疊乘關係）,,,,,,,
15,,歷史紀錄,0,2025/06/26,,-,text,text,再增加鍛冶熟練度上限${SLv*5}Lv。,,,,,,,
4,中級精鍊技術,預設,,,,-,text,text,「精鍊裝備」的基礎成功率+5，補正值+0.05。,,,,被動,,,
,,,,,,,,is_mark,1,,,,,,,
,,,,,,,,skill,精鍊裝備,,,,,,,
,,,,,,-,tips,text,僅有技能等級Lv.10的資料。,,,,,,,
5,高級精鍊技術,預設,,,,-,text,text,「精鍊裝備」的基礎成功率+10，補正值+0.05。,,,,被動,,,
,,,,,,,,is_mark,1,,,,,,,
,,,,,,,,skill,精鍊裝備,,,,,,,
,,,,,,-,tips,text,僅有技能等級Lv.10的資料。,,,,,,,
12,大師級精鍊技術,預設,,,,-,text,text,「精鍊裝備」的基礎成功率+15，補正值+0.05。,,,,被動,,,
,,,,,,,,is_mark,1,,,,,,,
,,,,,,,,skill,精鍊裝備,,,,,,,
,,,,,,-,tips,text,僅有技能等級Lv.10的資料。,,,,,,,
6,製作裝備,預設,,,,-,text,text,可在技能中的「EX技能」自行製作裝備。,,,,EX技能,,,
,,,,,,,,is_mark,1,,,,,,,
,,,,,,-,list,text,該技能製作的裝備將不會有能力屬性，取而代之的是潛力值，可通過強化裝備賦予屬性。,,,,,,,
,,,,,,,,skill,強化裝備,,,,,,,
,,,,,,-,list,text,製作成功率系數：${50+5*SLv}%。,,,,,,,
,,,,,,-,list,text,裝備製作成功率的完整公式為：(( ${0.01*(50+5*SLv)}×(10+角色難易度-裝備難易度+STR÷10) ))%,,,,,,,
,,,,,,-,reference,url,https://aminoapps.com/c/toram_online/page/blog/bs-craft-sr-test-abandoned/n5Pl_eKQTLuWr8j5PZJkw8gg8QBxrLYwNbdTe,,,,,,,
,,,,,,,,url_text,成功率公式來源(by josuak62),,,,,,,
7,精心打造,預設,,,,-,text,text,對製作裝備做出的成品，增加((基礎潛力值×${SLv}%))的潛力。,,,,被動,,,
,,,,,,,,is_mark,1,,,,,,,
,,,,,,,,skill,製作裝備,,,,,,,
13,大師級製作技術,預設,,,,-,text,text,對製作裝備做出的成品，再增加((基礎潛力值×${SLv*2}%))的潛力。,,,,被動,,,
,,,,,,,,is_mark,1,,,,,,,
,,,,,,,,skill,製作裝備,,,,,,,
8,強化裝備,預設,,,,-,text,text,可在技能中的「EX技能」，對裝備進行強化（能力附加）。,,,,EX技能,,,
,,,,,,,,is_mark,1,,,,,,,
,,,,,,-,list,text,裝備之潛力值須大於0，且附加屬性種類未達上限時，才可進行強化。,,,,,,,
,,,,,,-,list,text,可強化的屬性種類上限為![3]種，可通過!S[正確的強化]、!S[大師級強化技術]提高。,,,,,,,
,,,,,,-,list,text,系統![顯示的成功率]為「單條屬性的成功率」，亦即倘若擁有6條屬性，則![實際成功率]為![顯示的成功率]的6次方。成功率同樣可藉由後續技能提高。,,,,,,,
,,,,,,-,list,text,#[潛力容量]+${3*SLv}。,,,,,,,
9,正確的強化,預設,,,,-,text,text,強化裝備可附加的屬性種類提高至${Math.floor((SLv+1)/3)+3}種，並提高成功率。,,,,被動,,,
,,,,,,,,is_mark,1,,,,,,,
,,,,,,-,list,text,#[潛力容量]+${3*SLv}。,,,,,,,
14,大師級強化技術,預設,,,,-,text,text,提高強化裝備可附加的屬性種類，並提高${20+SLv}%成功率。,,,,被動,,,
,,,,,,,,is_mark,1,,,,,,,
,,,,,,-,list,text,與!S[強化裝備]、!S[正確的強化]一同點滿時，屬性種類上限將為![8]。,,,,,,,
,,,,,,-,list,text,#[潛力容量]+${3*SLv}。,,,,,,,
16,大師級強化技術II,預設,,,,-,text,text,強化裝備失敗時，位於第一個欄位的能力有${50+TEC/5}%機率維持不變。,,,,被動,,,
,,,,,,,,is_mark,1,,,,,,,
,,,,,,-,list,text,目前只有等級10的資料。,,,,,,,
10,素材加工,預設,,,,-,text,text,可在技能中的「EX技能」自行分解素材，素材pt獲得比率為${80+SLv}%~100%。,,,,EX技能,,,
,,,,,,,,is_mark,1,,,,,,,
,,,,,,-,list,text,此技能與鍊金術士中的素材加工技能為同技能，兩者共用等級。,,,,,,,
17,理解金屬,預設,,,,-,text,text,使用技能「強化裝備」時，消耗的金屬素材pt降低${SLv}%。,,,,被動,,,
,,,,,,,,is_mark,1,,,,,,,
,,,,,,,,mark,金屬素材,,,,,,,
,,,,,,-,list,text,此技能所減少的素材pt，在鍛造熟練度導致的素材pt減少的計算之前。（疊乘關係）,,,,,,,
18,理解布料,預設,,,,-,text,text,使用技能「強化裝備」時，消耗的布料素材pt降低${SLv}%。,,,,被動,,,
,,,,,,,,is_mark,1,,,,,,,
,,,,,,,,mark,布料素材,,,,,,,
,,,,,,-,list,text,此技能所減少的素材pt，在鍛造熟練度導致的素材pt減少的計算之前。（疊乘關係）,,,,,,,
19,理解獸品,預設,,,,-,text,text,使用技能「強化裝備」時，消耗的獸品素材pt降低${SLv}%。,,,,被動,,,
,,,,,,,,is_mark,1,,,,,,,
,,,,,,,,mark,獸品素材,,,,,,,
,,,,,,-,list,text,此技能所減少的素材pt，在鍛造熟練度導致的素材pt減少的計算之前。（疊乘關係）,,,,,,,
20,理解木材,預設,,,,-,text,text,使用技能「強化裝備」時，消耗的木材素材pt降低${SLv}%。,,,,被動,,,
,,,,,,,,is_mark,1,,,,,,,
,,,,,,,,mark,木材素材,,,,,,,
,,,,,,-,list,text,此技能所減少的素材pt，在鍛造熟練度導致的素材pt減少的計算之前。（疊乘關係）,,,,,,,
21,理解藥品,預設,,,,-,text,text,使用技能「強化裝備」時，消耗的藥品素材pt降低${SLv}%。,,,,被動,,,
,,,,,,,,is_mark,1,,,,,,,
,,,,,,,,mark,藥品素材,,,,,,,
,,,,,,-,list,text,此技能所減少的素材pt，在鍛造熟練度導致的素材pt減少的計算之前。（疊乘關係）,,,,,,,
22,理解魔素,預設,,,,-,text,text,使用技能「強化裝備」時，消耗的魔素素材pt降低${SLv}%。,,,,被動,,,
,,,,,,,,is_mark,1,,,,,,,
,,,,,,,,mark,魔素素材,,,,,,,
,,,,,,-,list,text,此技能所減少的素材pt，在鍛造熟練度導致的素材pt減少的計算之前。（疊乘關係）,,,,,,,
1,1,鍊金術士,,,,,,,,,,,,,,
0,合成道具,預設,,,,-,text,text,可在技能中的「EX技能」自行合成道具。,,,,EX技能,,,
,,,,,,,,is_mark,1,,,,,,,
1,新手的藥瓶,預設,,,,-,text,text,增加合成熟練度上限${SLv*5}Lv。,,,,被動,,,
,,,,,,,,is_mark,1,,,,,,,
,,,,,,-,list,text,初始的合成熟練度上限為50Lv。,,,,,,,
,,,,,,-,list,text,若此技能被重置，熟練度超出上限的部分會保留，但無法發揮效果。,,,,,,,
2,專家的藥瓶,預設,,,,-,text,text,再增加合成熟練度上限${SLv*5}Lv。,,,,被動,,,
,,,,,,,,is_mark,1,,,,,,,
,,,,,,-,list,text,若此技能被重置，熟練度超出上限的部分會保留，但無法發揮效果。,,,,,,,
3,合成所的藥瓶,預設,,,,-,text,text,再增加合成熟練度上限${SLv*5}Lv。,,,,被動,,,
,,,,,,,,is_mark,1,,,,,,,
,,,,,,-,list,text,若此技能被重置，熟練度超出上限的部分會保留，但無法發揮效果。,,,,,,,
9,大師的藥瓶,預設,,,,-,text,text,再增加合成熟練度上限${SLv*5}Lv。,,,,被動,,,
,,,,,,,,is_mark,1,,,,,,,
,,,,,,-,list,text,若此技能被重置，熟練度超出上限的部分會保留，但無法發揮效果。,,,,,,,
12,大師的藥瓶II,預設,,,,-,text,text,再增加合成熟練度上限${SLv*5}Lv。,,,,被動,,,
,,,,,,,,is_mark,1,,,,,,,
,,,,,,-,list,text,若此技能被重置，熟練度超出上限的部分會保留，但無法發揮效果。,,,,,,,
4,中級合成術,預設,,,,-,text,text,稍微提升「合成道具」的成功率。,,,,被動,,,
,,,,,,,,is_mark,1,,,,,,,
,,,,,,-,text,text,降低合成素材消耗${SLv}%。,,,,,,,
,,,,,,,,is_mark,1,,,,,,,
5,高級合成術,預設,,,,-,text,text,提升「合成道具」的成功率。,,,,被動,,,
,,,,,,,,is_mark,1,,,,,,,
,,,,,,-,text,text,降低合成素材消耗${SLv}%。,,,,,,,
,,,,,,,,is_mark,1,,,,,,,
10,大師級合成術,預設,,,,-,text,text,適當提升「合成道具」的成功率。,,,,被動,,,
,,,,,,,,is_mark,1,,,,,,,
,,,,,,-,text,text,降低合成素材消耗${SLv}%。,,,,,,,
,,,,,,,,is_mark,1,,,,,,,
13,大師級合成術II,預設,,,,-,text,text,少量增加「合成道具」的成功率。,,,,被動,,,
,,,,,,,,is_mark,1,,,,,,,
,,,,,,-,text,text,降低合成素材消耗${SLv}%。,,,,,,,
,,,,,,,,is_mark,1,,,,,,,
6,素材加工,預設,,,,-,text,text,可在技能中的「EX技能」自行分解素材，素材pt獲得比率為${80+SLv}%~100%。,,,,EX技能,,,
,,,,,,,,is_mark,1,,,,,,,
,,,,,,-,list,text,此技能與鍛冶大師中的素材加工技能為同技能，兩者共用等級。,,,,,,,
7,合成裝備,預設,,,,-,text,text,可在技能中的「EX技能」自行完成裝備合成。,,,,EX技能,,,
,,,,,,,,is_mark,1,,,,,,,
,,,,,,-,text,text,合成裝備的基礎成功率+${SLv*10}%。,,,,,,,
,,,,,,,,is_mark,1,,,,,,,
,,,,,,-,list,text,建議查看#[合成裝備的成功率說明]。,,,,,,,
,,,,,,-,list,text,裝備合成時，僅能選擇有限的能力進行鎖定，受鎖定的能力會確實呈現在成品上；未鎖定者將從兩件裝備中隨機選擇。,,,,,,,
,,,,,,-,list,text,可鎖定的能力有：裝備外觀、ABC三個染色部位、裝備屬性，共五條能力。,,,,,,,
,,,,,,-,list,text,可選擇鎖定的能力數由合成熟練度決定，初始為1項，此後等級每提高50級增加1項，在合成熟練200時達到最大5項。,,,,,,,
8,合成技術加強I,預設,,,,-,text,text,合成裝備的基礎成功率+${SLv*15}%；並開放「染色保存」功能。,,,,被動,,,
,,,,,,,,is_mark,1,,,,,,,
,,,,,,,,skill,合成裝備,,,,,,,
,,,,,,,,mark,染色保存,,,,,,,
,,,,,,-,list,text,染色保存功能位於EX技能內，會將選定裝備消滅，並保存其染色資訊於帳號內，之後可以將保存的染色附加到其他同類型裝備上。,,,,,,,
,,,,,,,,mark,"染色保存,同類型裝備",,,,,,,
,,,,,,-,list,text,每種類型裝備最多可儲存99種染色資訊，附加時的成功率受合成等級與TEC、技能等級影響（具體公式不明）。,,,,,,,
,,,,,,,,,,,,,,,,
,,,,,,-,list,text,建議查看#[合成裝備的成功率說明]。,,,,,,,
11,合成技術加強II,預設,,,,-,text,text,合成裝備的基礎成功率+${SLv*20}%。,,,,被動,,,
,,,,,,,,is_mark,1,,,,,,,
,,,,,,,,skill,合成裝備,,,,,,,
,,,,,,-,list,text,將此技能與其前置技能全部點滿後，五鎖的成功率最高為80%。,,,,,,,
,,,,,,-,list,text,建議查看#[合成裝備的成功率說明]。,,,,,,,
14,合成技術加強III,預設,,,,-,text,text,合成裝備的基礎成功率+${SLv*20}%。,,,,被動,,,
,,,,,,,,is_mark,1,,,,,,,
,,,,,,,,skill,合成裝備,,,,,,,
,,,,,,-,list,text,將此技能與其前置技能全部點滿後，五鎖的成功率最高為96%。,,,,,,,
,,,,,,-,list,text,建議查看#[合成裝備的成功率說明]。,,,,,,,
2,1,馴獸天分,,,,,,,,,,,,,,
0,捕獲,預設,,,,-,effect,caption,對瀕死且可被捕獲的怪物使用，將開始進行捕獲（須持有寵物籠），成功後將獲得對應寵物。,,300 ,8 ,瞬發,無法放入連擊,稍快,
,,,,,,,,is_mark,1,,,,,,,
,,,,,,,,condition,none,,,,,,,
,,,,,,,,type,none,,,,,,,
,,,,,,-,extra,condition,可捕捉怪物等級,,,,,,,
,,,,,,,,caption,玩家等級-${10-SLv}級。,,,,,,,
,,,,,,-,extra,condition,捕獲時限,,,,,,,
,,,,,,,,caption,"${30+SLv+Math.max(SLv-5,0)}秒。",,,,,,,
,,,,,,-,extra,condition,捕獲失敗時,,,,,,,
,,,,,,,,caption,寵物籠損壞機率為${100-SLv*10}%。,,,,,,,
,,,,,,-,list,text,捕獲期間怪物移動或受到攻擊，會導致進度增長減速；減速程度越嚴重，進度條顏色會由綠轉黃而至紅。,,,,,,,
,,,,,,-,list,text,怪物剩餘HP比例越低，達到滿進度的需求就越少；怪物處於#[翻覆]、#[昏厥]、#[睡眠]、#[停止]、#[疲勞]狀態時，進度條增長速率加倍。,,,,,,,
,,,,,,-,list,text,此外，根據不同怪物的慣性變動率，捕獲的難易度也會有所不同。,,,,,,,
,,,,,,-,list,text,一個隊伍只能有一名玩家進行捕獲。,,,,,,,
1,捕獲技術Ⅰ,預設,,,,-,passive,caption,增加可捕捉怪物等級${Math.floor((SLv+1)/2)}級。,,,,被動,,,
,,,,,,-,passive,caption,"增加捕獲時限${SLv+Math.max(SLv-5,0)}秒。",,,,,,,
2,捕獲技術Ⅱ,預設,,,,-,passive,caption,增加可捕捉怪物等級${Math.floor((SLv+1)/2)}級。,,,,被動,,,
,,,,,,-,passive,caption,"增加捕獲時限${SLv+Math.max(SLv-5,0)}秒。",,,,,,,
3,捕捉好手,預設,,,,-,text,text,提高捕獲的寵物的等級上限。,,,,被動,,,
,,,,,,,,is_mark,1,,,,,,,
,,,,,,-,list,text,技能等級10時，提高寵物等級上限5~10級。,,,,,,,
4,慎重捉拿,預設,,,,-,text,text,提高捕獲的寵物的初始潛力。,,,,被動,,,
,,,,,,,,is_mark,1,,,,,,,
,,,,,,-,list,text,技能等級10時，提高寵物每項潛力1~10點。,,,,,,,
5,治療寵物,預設,弓,,,-,text,text,蓄力完畢後，回復自己的寵物的HP。,,100 ,-,須蓄力,可以放入連擊,快,3-Math.floor((SLv-1)/3)*0.5
,,,,,,,,is_mark,1,,,,,,,
,,,,,,1,heal,type,hp,,,,,,,
,,,,,,,,target,target,,,,,,,
,,,,,,,,constant,100*SLv,,,,,,,
,,,,,,,,extra_text,寵物最大HP,,,,,,,
,,,,,,,,extra_value,0.15+0.025*SLv,,,,,,,
,,,,,,-,list,text,此技能只能對自己的寵物施放，若隊伍中無自己的寵物則該技能無法使用。,,,,,,,
,,,,,,-,list,text,此技能蓄力時間不受詠唱速度影響。,,,,,,,
5,,非預設,法杖,,,,,,,,,,,,,4-Math.floor((SLv-1)/3)*2/3
5,,非預設,,,,1,heal,extra_value,0.025*SLv,,,,,,,6-Math.floor((SLv-1)/3)
6,充電寵物,預設,弓,,,-,text,text,蓄力完畢後，回復自己的寵物的MP。,,300 ,-,須蓄力,可以放入連擊,快,4.5-Math.floor((SLv-1)/3)*0.5
,,,,,,,,is_mark,1,,,,,,,
,,,,,,1,heal,type,mp,,,,,,,
,,,,,,,,target,target,,,,,,,
,,,,,,,,constant,100*SLv,,,,,,,
,,,,,,-,list,text,回復量會受#[隊伍外寵物能力懲罰]影響。,,,,,,,
,,,,,,-,list,text,此技能只能對自己的寵物施放，若隊伍中無自己的寵物則該技能無法使用。,,,,,,,
,,,,,,-,list,text,此技能蓄力時間不受詠唱速度影響。,,,,,,,
6,,非預設,法杖,,,,,,,,,,,,,6-Math.floor((SLv-1)/3)*2/3
6,,非預設,,,,,,,,,,,,,,9-Math.floor((SLv-1)/3)
4,0,技能書,,,,,,,,,,,,,,
0,1,暗黑之力,,,,,,,,,,,,,,
0,血咬,預設,單手劍,,,-,proration,damage,physical,,100 ,4 ,瞬發,可以放入連擊,慢,
,,,,,,1,damage,constant,100,,,,,,,
,,,,,,,,multiplier,100+10*SLv,,,,,,,
,,,,,,,,range_damage,1,,,,,,,
,,,,,,,,is_mark,1,,,,,,,
,,,,,,,,action_frame,92~52,,,,,,,
,,,,,,-,extra,caption,發動吸血，回復自身HP,,,,,,,
,,,,,,,,branch,吸血,,,,,,,
,,,,,,-,heal,name,吸血,,,,,,,
,,,,,,,,type,hp,,,,,,,
,,,,,,,,extra_text,技能所造成傷害,,,,,,,
,,,,,,,,extra_value,SLv*0.1,,,,,,,
,,,,,,-,text,text,回復HP的上限為${CLv*10*(1+stack*0.1)}。（取決於角色等級）,,,,,,,
,,,,,,,,stack_id,1,,,,,,,
,,,,,,-,text,text,當自身持有永恆噩夢狀態時，此技能效果將強化。,,,,,,,
,,,,,,,,skill,永恆噩夢,,,,,,,
,,,,,,,,is_mark,1,,,,,,,
,,,,,,-,stack,name,永恆噩夢技能等級,,,,,,,
,,,,,,,,max,10,,,,,,,
,,,,,,,,min,0,,,,,,,
,,,,,,,,id,1,,,,,,,
,,,,,,,,,,,,,,,,
,,,,,,,,value,getSkillLevel('4-0-7'),,,,,,,
,,,,,,,,,,,,,,,,
,,,,,,,,,,,,,,,,
0,,非預設,,,,1,,action_frame,122~66,,,,,,,
0,,歷史紀錄,0,2019/06/24,,1,,multiplier,100+5*SLv,,,,,,,
1,暗魔鑽刺,預設,,,,-,text,text,消耗((當前HP的![10%]))造成一次直線傷害，根據消耗HP量提高技能常數與倍率。,,200 ,8 ,瞬發,可以放入連擊,稍快,
,,,,,,,,is_mark,1,,,,,,,
,,,,,,,,mark,消耗HP量,,,,,,,
,,,,,,-,stack,name,消耗HP量,,,,,,,
,,,,,,,,id,1,,,,,,,
,,,,,,,,min,0,,,,,,,
,,,,,,,,default,1000,,,,,,,
,,,,,,-,proration,damage,physical,,,,,,,
,,,,,,1,damage,constant,"Math.min(1000,stack[0])",,,,,,,
,,,,,,,,multiplier,"100+30*SLv+Math.max(0,Math.floor((stack[0]-1000)/(30-stack[1])))+$BSTR*1+$BVIT*1",,,,,,,
,,,,,,,,type,AOE,,,,,,,
,,,,,,,,effective_area,line,,,,,,,
,,,,,,,,radius,1+Math.floor(SLv/6),,,,,,,
,,,,,,,,move_distance,8,,,,,,,
,,,,,,,,element,dark,,,,,,,
,,,,,,,,stack_id,"1,3",,,,,,,
,,,,,,,,range_damage,1,,,,,,,
,,,,,,,,action_frame,111~66,,,,,,,
,,,,,,-,tips,text,消耗HP先用於增加技能常數，上限為![1000]，消耗HP超過1000後將增加技能倍率。,,,,,,,
,,,,,,,,mark,消耗HP,,,,,,,
,,,,,,-,text,text,施放成功後，給予自身血之渴望，血之渴望可重複疊加效果層數。,,,,,,,
,,,,,,,,branch,血之渴望,,,,,,,
,,,,,,,,is_mark,1,,,,,,,
,,,,,,-,stack,name,血之渴望層數,,,,,,,
,,,,,,,,id,2,,,,,,,
,,,,,,,,max,5,,,,,,,
,,,,,,-,effect,name,血之渴望,,,,,,,
,,,,,,,,max_hp,-5*stack,%,,,,,,
,,,,,,,,stack_id,2,,,,,,,
,,,,,,,,duration,10,,,,,,,
,,,,,,-,extra,caption,使用血咬並成功發動吸血效果時，解除本狀態，並使吸血效果額外回復${stack*stack*100}HP。,,,,,,,
,,,,,,,,condition,效果期間內,,,,,,,
,,,,,,,,mark,吸血,,,,,,,
,,,,,,,,skill,血咬,,,,,,,
,,,,,,-,tips,text,此效果的額外回復量可以突破吸血之回復HP上限。,,,,,,,
,,,,,,-,text,text,當自身持有永恆噩夢狀態時，此技能效果將強化。,,,,,,,
,,,,,,,,skill,永恆噩夢,,,,,,,
,,,,,,,,is_mark,1,,,,,,,
,,,,,,-,stack,name,永恆噩夢技能等級,,,,,,,
,,,,,,,,max,10,,,,,,,
,,,,,,,,min,0,,,,,,,
,,,,,,,,id,3,,,,,,,
,,,,,,,,,,,,,,,,
,,,,,,,,value,getSkillLevel('4-0-7'),,,,,,,
1,,歷史紀錄,0,2019/06/24,,1,,multiplier,100+30*SLv+$BSTR*0.5+$BVIT*0.5,,,,,,,
2,腥紅血淚,預設,,,,-,text,text,憎恨化為血淚，在小範圍內造成持續傷害，發動後得到血債血償，並依是否被對象鎖定為目標而發動額外效果。,,300 ,4 ,須詠唱,可以放入連擊,一般,0.5
,,,,,,,,mark,"血淚, 血債血償",,,,,,,
,,,,,,,,is_mark,1,,,,,,,
,,,,,,-,proration,damage,magic,,,,,,,
,,,,,,1,damage,name,血淚,,,,,,,
,,,,,,,,type,AOE,,,,,,,
,,,,,,,,radius,Math.floor((SLv-1)/4)+1,,,,,,,
,,,,,,,,frequency,"Math.max(1,Math.floor(SLv/2))*Math.floor(1+stack*0.3)",,,,,,,
,,,,,,,,duration,"Math.max(1,Math.floor(SLv/2))*Math.floor(1+stack*0.3)",,,,,,,
,,,,,,,,cycle,1,,,,,,,
,,,,,,,,title,each,,,,,,,
,,,,,,,,judgment,separate,,,,,,,
,,,,,,,,constant,0,,,,,,,
,,,,,,,,multiplier,180+2*SLv,,,,,,,
,,,,,,,,element,dark,,,,,,,
,,,,,,,,is_place,1,,,,,,,
,,,,,,,,range_damage,0,,,,,,,
,,,,,,,,stack_id,1,,,,,,,
,,,,,,,,action_frame,171~97,,,,,,,
,,,,,,2,extra,physical_pierce,SLv*10,,,,,,,
,,,,,,-,extra,condition,被對象鎖定為目標時,,,,,,,
,,,,,,,,caption,自身陷入#[出血]5秒。,,,,,,,
,,,,,,-,extra,condition,未被鎖定為目標時,,,,,,,
,,,,,,,,caption,降低仇恨值。,,,,,,,
,,,,,,-,tips,text,該技能給予的出血無視異常抗性。,,,,,,,
,,,,,,-,effect,name,血債血償,,,,,,,
,,,,,,,,duration,Math.floor((SLv+1)/2),,,,,,,
,,,,,,,,caption,發動暗黑技能時，無須消耗HP。,,,,,,,
,,,,,,-,list,text,據測試，降低仇恨值效果為減少該技能產生之仇恨。,,,,,,,
,,,,,,-,list,text,此技能必定不暴擊。,,,,,,,
,,,,,,-,text,text,當自身持有永恆噩夢狀態時，此技能效果將強化。,,,,,,,
,,,,,,,,skill,永恆噩夢,,,,,,,
,,,,,,,,is_mark,1,,,,,,,
,,,,,,-,stack,name,永恆噩夢技能等級,,,,,,,
,,,,,,,,max,10,,,,,,,
,,,,,,,,min,0,,,,,,,
,,,,,,,,id,1,,,,,,,
,,,,,,,,value,getSkillLevel('4-0-7'),,,,,,,
2,,歷史紀錄,0,2019/06/24,,2,,physical_pierce,0,,,,,,,
,,,,,,1,,constant,30+3*SLv,,,,,,,
3,獻祭,預設,,,,-,text,text,消耗最大HP的![10%]，對目標造成一次特殊傷害，但如果施放當下HP不足以支付，將使自身#[昏厥]![3]秒。,,100 ,4 ,瞬發,無法放入連擊,一般,
,,,,,,,,is_mark,1,,,,,,,
,,,,,,-,proration,damage,none,,,,,,,
,,,,,,-,damage,constant,extra[0]*0.1,,,,,,,
,,,,,,,,multiplier,"Math.min(1000,500+SLv*100)",,,,,,,
,,,,,,,,base,none,,,,,,,
,,,,,,,,name,獻祭,,,,,,,
,,,,,,,,range_damage,0,,,,,,,
,,,,,,,,stack_id,1,,,,,,,
,,,,,,-,formula_extra,texts,最大HP,,,,,,,
,,,,,,,,values.0,@C.stat('max_hp'),,,,,,,
,,,,,,,,postpone,1,,,,,,,
,,,,,,-,extra,caption,"此傷害的穩定率恆定為${Math.min(100,Math.max(60,35+SLv*5)+Math.floor(SLv/10)*10+stack)}%。",,,,,,,
,,,,,,,,mark,穩定率,,,,,,,
,,,,,,-,list,text,此技能會暴擊，但暴擊時傷害與未暴擊相同，即不受暴擊傷害加成。,,,,,,,
,,,,,,-,list,text,此傷害不受基礎ATK、MATK、怪物防禦、暴擊傷害、慣性影響，然而物理抗性有效。,,,,,,,
,,,,,,-,text,text,當自身持有永恆噩夢狀態時，此技能效果將強化。,,,,,,,
,,,,,,,,skill,永恆噩夢,,,,,,,
,,,,,,,,is_mark,1,,,,,,,
,,,,,,-,stack,name,永恆噩夢技能等級,,,,,,,
,,,,,,,,max,10,,,,,,,
,,,,,,,,min,0,,,,,,,
,,,,,,,,id,1,,,,,,,
4,惡魔狂爪,預設,,,,-,text,text,對8m內，所有正在攻擊友方成員的對象（最多10體）造成一次傷害。自身當前HP越低，傷害倍率越高。,,400 ,8 ,瞬發,可以放入連擊,快,
,,,,,,,,is_mark,1,,,,,,,
,,,,,,-,proration,damage,physical,,,,,,,
,,,,,,-,stack,min,0,,,,,,,
,,,,,,,,max,100,,,,,,,
,,,,,,,,default,100,,,,,,,
,,,,,,,,name,當前生命,,,,,,,
,,,,,,,,id,1,,,,,,,
,,,,,,,,unit,%,,,,,,,
,,,,,,,,step,10,,,,,,,
,,,,,,1,damage,constant,40*SLv,,,,,,,
,,,,,,,,multiplier,"(100+10*SLv)*Math.min(90,Math.floor((100-stack[0]+stack[1])/10)*10)*25/300",,,,,,,
,,,,,,,,element,dark,,,,,,,
,,,,,,,,type,AOE,,,,,,,
,,,,,,,,radius,8,,,,,,,
,,,,,,,,end_position,self,,,,,,,
,,,,,,,,stack_id,"1,2",,,,,,,
,,,,,,,,ailment_name,疲勞,,,,,,,
,,,,,,,,ailment_chance,"(Math.min(Math.floor((100-stack[0]+stack[1])/10)*10,90))/(11-SLv)",,,,,,,
,,,,,,,,range_damage,1,,,,,,,
,,,,,,,,action_frame,111~66,,,,,,,
,,,,,,,,name,惡魔狂爪,,,,,,,
,,,,,,-,list,text,以每10%剩餘HP為階段提升倍率。,,,,,,,
,,,,,,-,list,text,技能傷害會平均分攤到所有目標上。,,,,,,,
,,,,,,-,list,text,每個目標的暴擊、慣性判定將獨立計算。,,,,,,,
,,,,,,-,list,text,此技能不產生仇恨值。,,,,,,,
,,,,,,-,text,text,當自身持有永恆噩夢狀態時，此技能效果將強化。,,,,,,,
,,,,,,,,skill,永恆噩夢,,,,,,,
,,,,,,,,is_mark,1,,,,,,,
,,,,,,-,stack,name,永恆噩夢技能等級,,,,,,,
,,,,,,,,max,10,,,,,,,
,,,,,,,,min,0,,,,,,,
,,,,,,,,id,2,,,,,,,
,,,,,,,,value,getSkillLevel('4-0-7'),,,,,,,
4,,歷史紀錄,0,2019/06/24,,1,,multiplier,"(100+10*SLv)*(100-Math.max(10,Math.floor(stack[0]/10)*10))*0.05",,,,,,,
5,無悔殺意,預設,,,,-,text,text,給予自己無悔殺意，可透過重複施放增加層數，重置持續時間與效果，但持續時間會越來越短。,,200 ,,瞬發,可以放入連擊,快,
,,,,,,,,branch,無悔殺意,,,,,,,
,,,,,,,,is_mark,1,,,,,,,
,,,,,,-,stack,id,1,,,,,,,
,,,,,,,,max,16,,,,,,,
,,,,,,,,name,無悔殺意層數,,,,,,,
,,,,,,,,min,1,,,,,,,
,,,,,,-,effect,name,無悔殺意,,,,,,,
,,,,,,,,duration,32-stack*2,,,,,,,
,,,,,,,,max_hp,"-10*Math.min(stack, 10)",%,,,,,,
,,,,,,,,atk,"Math.floor((SLv+1)/2)*Math.min(stack, 10)",,,,,,,
,,,,,,,,matk,"Math.floor((SLv+1)/2)*Math.min(stack, 10)",,,,,,,
,,,,,,,,physical_resistance,"SLv*Math.min(stack, 10)",,,,,,,
,,,,,,,,magic_resistance,"SLv*Math.min(stack, 10)",,,,,,,
,,,,,,,,max_mp,"100*Math.min(stack, 10)",,,,,,,
,,,,,,,,attack_mp_recovery,"SLv*Math.min(stack, 10)",,,,,,,
,,,,,,,,stack_id,1,,,,,,,
,,,,,,,,action_frame,61~37,,,,,,,
,,,,,,-,extra,condition,獲得狀態時,,,,,,,
,,,,,,,,caption,自身HP完全回復,,,,,,,
,,,,,,-,tips,text,減低HP上限效果，以角色基礎HP做計算。,,,,,,,
,,,,,,-,text,text,效果結束時自身立刻死亡、狀態時間內不論因何種原因死亡，都無法被急救、使用重新再戰與復活之露。,,,,,,,
,,,,,,,,is_mark,1,,,,,,,
,,,,,,,,skill,急救,,,,,,,
,,,,,,-,list,text,在完全無浪費持續時間的前提下，此技能最多可使用240秒。,,,,,,,
,,,,,,-,list,text,永恆噩夢將可給予低機率迴避死亡的效果。,,,,,,,
,,,,,,,,skill,永恆噩夢,,,,,,,
,,,,,,-,list,text,裝備#[雷吉斯托環]「最後的抵抗」：自身的死亡會導致隊伍全滅時，獲得復活一次的機會(無悔亦可復活)，復活時恢復全部HP、MP，![6]~![10]秒後會再次死亡。再次死亡後無法被急救、重新再戰、使用復活之露。,,,,,,,
,,,,,,,,is_mark,1,,,,,,,
6,獵魂,預設,空手,,,4,text,text,消耗靈魂能量，發動獵魂，接著以自身為中心發動死亡收割。攻擊威力、回復MP量隨消耗靈魂能量層數提升，每當自身發生由技能導致的HP耗損時，靈魂能量層數+1。,,400 ,main,瞬發,可以放入連擊,慢,
,,,,,,,,mark,"獵魂, 靈魂能量, 死亡收割",,,,,,,
,,,,,,,,is_mark,1,,,,,,,
,,,,,,-,stack,name,靈魂能量層數,,,,,,,
,,,,,,,,id,1,,,,,,,
,,,,,,,,max,10,,,,,,,
,,,,,,,,min,0,,,,,,,
,,,,,,,,default,10,,,,,,,
,,,,,,6,effect,condition,對當前鎖定的目標,,,,,,,
,,,,,,,,caption,有![100%]機率使目標陷入#[畏懼]。並接著回復自身MP。,,,,,,,
,,,,,,,,type,none,,,,,,,
,,,,,,,,name,獵魂,,,,,,,
,,,,,,5,heal,type,mp,,,,,,,
,,,,,,,,constant,stack*5*SLv,,,,,,,
,,,,,,,,stack_id,1,,,,,,,
,,,,,,-,proration,damage,magic,,,,,,,
,,,,,,,,proration,magic,,,,,,,
,,,,,,,,,,,,,,,,
,,,,,,,,,,,,,,,,
,,,,,,,,,,,,,,,,
,,,,,,2,damage,name,死亡收割(第一段),,,,,,,
,,,,,,,,constant,100+30*SLv,,,,,,,
,,,,,,,,multiplier,500+50*SLv,,,,,,,
,,,,,,,,type,AOE,,,,,,,
,,,,,,,,radius,5,,,,,,,
,,,,,,,,end_position,self,,,,,,,
,,,,,,,,range_damage,1,,,,,,,
,,,,,,,,element,dark,,,,,,,
,,,,,,,,action_frame,182~97,,,,,,,
,,,,,,-,extra,caption,此技能傷害#[必定暴擊],,,,,,,
,,,,,,,,condition,目標處於#[畏懼]狀態時,,,,,,,
,,,,,,-,extra,caption,自身獲得#[無敵]效果，無敵時間最多1秒。,,,,,,,
,,,,,,,,condition,動作時間內,,,,,,,
,,,,,,,,,,,,,,,,
,,,,,,,,,,,,,,,,
,,,,,,,,,,,,,,,,
,,,,,,3,damage,name,死亡收割(第二段),,,,,,,
,,,,,,,,constant,100+30*SLv,,,,,,,
,,,,,,,,multiplier,(250+25*SLv)+(50+5*SLv)*stack,,,,,,,
,,,,,,,,type,AOE,,,,,,,
,,,,,,,,radius,5,,,,,,,
,,,,,,,,end_position,self,,,,,,,
,,,,,,,,stack_id,1,,,,,,,
,,,,,,,,range_damage,1,,,,,,,
,,,,,,-,extra,caption,此技能傷害#[必定暴擊],,,,,,,
,,,,,,,,condition,目標處於#[畏懼]狀態時,,,,,,,
,,,,,,-,extra,caption,自身獲得#[無敵]效果，無敵時間最多1秒。,,,,,,,
,,,,,,,,condition,動作時間內,,,,,,,
,,,,,,,,,,,,,,,,
,,,,,,,,,,,,,,,,
,,,,,,,,,,,,,,,,
,,,,,,-,list,text,此技能動作分為兩段：造成畏懼與MP回復效果的獵魂，與造成傷害的死亡收割。,,,,,,,
,,,,,,,,mark,"獵魂, 靈魂能量, 死亡收割",,,,,,,
,,,,,,-,list,text,故在死亡收割之前，獵魂會先造成#[畏懼]，畏懼施加成功時該次技能傷害即帶有必爆效果。,,,,,,,
,,,,,,,,mark,"獵魂, 靈魂能量, 死亡收割",,,,,,,
,,,,,,-,list,text,無敵效果僅在死亡收割動作期間內有效，獵魂的動作期間內不會發動。,,,,,,,
,,,,,,,,mark,"獵魂, 靈魂能量, 死亡收割",,,,,,,
,,,,,,-,list,text,「由技能導致的HP耗損」包括諸如破風之勢的直接損失、永恆噩夢的持續損失、以及發動連擊效果#[執著]的技能。但不包含怪力亂神由#[著火]狀態導致的損傷。,,,,,,,
,,,,,,,,skill,"破風之勢, 永恆噩夢, 怪力亂神",,,,,,,
,,,,,,-,tips,text,即使因腥紅血淚的增益效果，使暗黑技能不消耗HP，仍然可正常獲取層數。,,,,,,,
,,,,,,,,skill,腥紅血淚,,,,,,,
,,,,,,-,list,text,死亡收割第一段固定為暗屬性，第二段則跟隨武器屬性。但裝備弓、弩時，屬性將優先跟隨副手箭矢屬性。,,,,,,,
,,,,,,,,mark,"暗屬性, 死亡收割",,,,,,,
,,,,,,1,list,text,,,,,,,,
6,,非預設,單手劍,,,1,list,text,主手為單手劍時，技能傷害依據STR值提升。,,,,,,,
,,,,,,2,,multiplier,500+50*SLv+$BSTR*0.5,,,,,,,
6,,非預設,雙劍,,,1,list,text,主手為單手劍時，技能傷害依據STR值提升。,,,,,,,
,,,,,,2,,multiplier,500+50*SLv+$BSTR*0.5,,,,,,,
6,,非預設,拳套,,,1,list,text,主手為拳套時，技能傷害依據AGI值提升。,,,,,,,
,,,,,,2,,multiplier,500+50*SLv+$BAGI*0.5,,,,,,,
6,,非預設,雙手劍,,,1,list,text,主手為雙手劍時，技能範圍提升，但造成畏懼機率極大幅下降。,,,,,,,
,,,,,,2,,radius,7,,,,,,,
,,,,,,,,multiplier,500+50*SLv,,,,,,,
,,,,,,3,,radius,7,,,,,,,
,,,,,,6,,caption,有![10%]機率使目標陷入#[畏懼]。並接著回復自身MP。,,,,,,,
,,,,,,,,,,,,,,,,
,,,,,,,,,,,,,,,,
6,,非預設,旋風槍,,,1,list,text,主手為旋風槍時，技能範圍提升，但造成畏懼機率極大幅下降。,,,,,,,
,,,,,,2,,radius,7,,,,,,,
,,,,,,,,multiplier,500+50*SLv,,,,,,,
,,,,,,6,,caption,有![10%]機率使目標陷入#[畏懼]。並接著回復自身MP。,,,,,,,
,,,,,,3,,radius,7,,,,,,,
,,,,,,,,,,,,,,,,
,,,,,,,,,,,,,,,,
6,,非預設,弓,,,1,list,text,主手為弓時，技能範圍更改為以目標為中心，但傷害大幅下降、畏懼機率也小幅下降。,,,,,,,
,,,,,,2,,end_position,target,,,,,,,
,,,,,,,,multiplier,50*SLv,,,,,,,
,,,,,,6,,caption,有![60%]機率使目標陷入#[畏懼]。並接著回復自身MP。,,,,,,,
,,,,,,3,,end_position,target,,,,,,,
,,,,,,4,,text,消耗靈魂能量，發動獵魂，接著以目標為中心發動死亡收割。攻擊威力、回復MP量隨消耗靈魂能量層數提升，每當自身發生由技能導致的HP耗損時，靈魂能量層數+1。,,,,,,,
6,,非預設,弩,,,1,list,text,主手為弩時，技能範圍更改為以目標為中心，但傷害大幅下降、畏懼機率也小幅下降。,,,,,,,
,,,,,,2,,end_position,target,,,,,,,
,,,,,,,,multiplier,50*SLv,,,,,,,
,,,,,,6,,caption,有![60%]機率使目標陷入#[畏懼]。並接著回復自身MP。,,,,,,,
,,,,,,3,,end_position,target,,,,,,,
,,,,,,4,,text,消耗靈魂能量，發動獵魂，接著以目標為中心發動死亡收割。攻擊威力、回復MP量隨消耗靈魂能量層數提升，每當自身發生由技能導致的HP耗損時，靈魂能量層數+1。,,,,,,,
6,,非預設,法杖,,,1,list,text,主手為杖時，因靈魂能量獲得的MP回復量會翻倍，造成畏懼機率中幅下降。,,,,,,,
,,,,,,2,,multiplier,500+50*SLv,,,,,,,
,,,,,,5,,constant,stack*10*SLv,,,,,,,
,,,,,,6,,caption,有![50%]機率使目標陷入#[畏懼]。並接著回復自身MP。,,,,,,,
6,,非預設,魔導具,,,1,list,text,主手為魔導具時，因靈魂能量獲得的MP回復量會翻倍，造成畏懼機率中幅下降。,,,,,,,
,,,,,,2,,multiplier,500+50*SLv,,,,,,,
,,,,,,5,,constant,stack*10*SLv,,,,,,,
,,,,,,6,,caption,有![50%]機率使目標陷入#[畏懼]。並接著回復自身MP。,,,,,,,
6,,非預設,拔刀劍,,,1,list,text,主手為拔刀劍時，技能傷害依據DEX值提升，但造成畏懼機率大幅下降。,,,,,,,
,,,,,,2,,multiplier,500+50*SLv+$BDEX*1,,,,,,,
,,,,,,6,,caption,有![30%]機率使目標陷入#[畏懼]。並接著回復自身MP。,,,,,,,
7,永恆噩夢,預設,,,,-,text,text,施放成功後，獲得永恆噩夢效果。,,300 ,,瞬發,可以放入連擊,快,
,,,,,,,,mark,永恆噩夢,,,,,,,
,,,,,,,,is_mark,1,,,,,,,
,,,,,,-,effect,name,永恆噩夢,,,,,,,
,,,,,,,,duration,300,,,,,,,
,,,,,,,,max_hp,2*SLv,%,,,,,,
,,,,,,,,dark_resistance,5,,,,,,,
,,,,,,,,light_resistance,-5,,,,,,,
,,,,,,,,action_frame,122~66,,,,,,,
,,,,,,-,extra,caption,降低敵方目標的DEF、MDEF，降低量為：((暗黑技能樹全技能等級合計值×${SLv*0.5}))，此效果最大使目標怪物的防禦降低至一半。,,,,,,,
,,,,,,-,extra,caption,每2秒損失((最大HP×![1%]（最低![100]）))的HP。,,,,,,,
,,,,,,-,extra,caption,強化暗黑技能樹中，三階以下的技能。,,,,,,,
,,,,,,-,tips,text,暗黑技能的強化效果一覽,,,,,,,
,,,,,,-,group,size,1,,,,,,,
,,,,,,-,list,text,血咬：吸血效果的HP回復上限提升為原本的${100+SLv*10}%。,,,,,,,
,,,,,,,,mark,血咬,,,,,,,
,,,,,,-,list,text,獻祭：此技能傷害的穩定率提升${SLv}%。,,,,,,,
,,,,,,,,mark,獻祭,,,,,,,
,,,,,,-,list,text,暗魔鑽刺：消耗HP量大於![1000]時，對技能倍率的提升量，公式變更為：(( (消耗HP量-1000)÷${30-SLv}))。,,,,,,,
,,,,,,,,mark,暗魔鑽刺,,,,,,,
,,,,,,-,list,text,惡魔狂爪：傷害公式中當前剩餘HP%的部分，先-${SLv}%之後再做計算，即當前HP在${10+SLv}%以下時，即可達到最高倍率。,,,,,,,
,,,,,,,,mark,惡魔狂爪,,,,,,,
,,,,,,-,list,text,腥紅血淚：攻擊次數變為原先的${Math.floor(1+SLv*0.3)}倍、相應的傷害持續時間延長為${Math.floor(1+SLv*0.3)}倍。,,,,,,,
,,,,,,,,mark,腥紅血淚,,,,,,,
,,,,,,-,list,text,無悔殺意：有低機率(約${SLv}%)避開死亡。,,,,,,,
,,,,,,,,mark,無悔殺意,,,,,,,
,,,,,,-,space,#,,,,,,,,
,,,,,,-,list,text,本技能的降低防禦效果，在物理/魔法貫穿與#[降防]效果之前計算。,,,,,,,
,,,,,,-,list,text,對於擁有不同難易度的定點BOSS，降低防禦的效果上限值以普通難度做計算。,,,,,,,
,,,,,,-,tips,text,例如，某boss Normal難度時防禦為![100]，Ultimate難度時防禦為![600]，則不論哪個難度最多都只能降低![50]防禦。,,,,,,,
,,,,,,-,list,text,狀態期間，HP的自然回復會停止（MP自然回復不受影響）。,,,,,,,
,,,,,,-,list,text,若剩餘HP不足以支付技能效果的損耗，狀態將中斷。,,,,,,,
,,,,,,-,list,text,施放此技能後，隊友的狀態欄也會出現BUFF圖示，但僅有降低怪物DEF、MDEF的效果。,,,,,,,
,,,,,,,,,,,,,,,,
,,,,,,,,,,,,,,,,
,,,,,,,,,,,,,,,,
1,1,魔劍技能,,,,,,,,,,,,,,
0,魔法戰士的要訣,預設/and,單手劍,魔導具,,1,passive,atk,SLv+5,%,,,被動,,,
,,,,,,,,matk,SLv*2+Math.floor(SLv/6)*(SLv-5),,,,,,,
,,,,,,,,cspd,SLv*10,,,,,,,
,,,,,,,,cspd,SLv+Math.floor(SLv/6)*(SLv-5),%,,,,,,
,,,,,,-,tips,text,原先副武器裝備魔導具時，ATK-15%，此技能可抵消部分副作用。,,,,,,,
0,,非預設,,魔導具,,1,passive,atk,SLv,%,,,,,,
0,,歷史紀錄,0,2023/09/28,,-,text,text,強化單手劍使用此技能的效果。,,,,,,,
,,,,,,1,passive,atk,SLv,%,,,,,,
,,,,,,,,,,,,,,,,
1,轉化,預設,單手劍,,,1,text,text,使主手為單手劍、雙手劍、拳套、弩時，將武器攻擊力反映到MATK上。,,,,被動,,,
,,,,,,,,mark,武器攻擊力,,,,,,,
,,,,,,,,is_mark,1,,,,,,,
,,,,,,5,passive,caption,MATK基礎值+((角色總INT*${SLv/10}))。,,,,,,,
,,,,,,2,extra,caption,MATK+((${SLv*SLv}%的總武器攻擊力))。,,,,,,,
,,,,,,,,mark,武器攻擊力,,,,,,,
,,,,,,3,,,,,,,,,,
,,,,,,-,tips,text,原先的基礎MATK是INT×3，加上此技能加成後變為INT×4，與法杖、魔導具、拳套相同。,,,,,,,
,,,,,,-,list,text,總武器攻擊力：包含面板、精煉加成、與武器ATK加成。,,,,,,,
,,,,,,,,mark,總武器攻擊力,,,,,,,
,,,,,,-,list,text,武器攻擊力提升的並非是基礎MATK，而是MATK常數加成，故不受百分比MATK%加成影響。,,,,,,,
,,,,,,,,mark,"武器攻擊力,基礎,常數",,,,,,,
,,,,,,-,text,text,副手裝備魔導具時，此技能將追加主動技能效果：消費100MP，獲取物魔變換狀態。,,,,,,,
,,,,,,,,mark,物魔變換,,,,,,,
,,,,,,,,is_mark,1,,,,,,,
,,,,,,-,effect,name,物魔變換,,,,,,,
,,,,,,,,caption,令魔劍技能樹中，攻擊技能的物理/魔法類型對調，例如附魔劍擊變為魔法技能、空靈閃焰變為物理技能。,,,,,,,
,,,,,,,,mark,"附魔劍擊,空靈閃焰,魔劍技能樹",,,,,,,
,,,,,,-,list,text,持續時間為無限，直到下次使用本技能前。,,,,,,,
,,,,,,-,list,text,技能類型改變後，包括參照慣性、造成慣性、有效ATK/MATK計算、暴擊率、命中判定等一切相關系統皆會調換。,,,,,,,
,,,,,,,,,,,,,,,,
,,,,,,,,,,,,,,,,
,,,,,,,,,,,,,,,,
,,,,,,,,,,,,,,,,
1,,非預設,弩,,,,,,,,,,,,,
1,,非預設,拳套,,,2,extra,caption,MATK+((${SLv*SLv/2}%的總武器攻擊力))。,,,,,,,
,,,,,,3,tips,text,拳套初始即反映![50%]武器攻擊力到MATK，但該部分的武器攻擊力會計算為基礎MATK。,,,,,,,
,,,,,,5,passive,caption,無INT加成，因為拳套基礎MATK原本就是INT×4。,,,,,,,
1,,非預設,雙劍,,,,,,,,,,,,,
1,,非預設,雙手劍,,,,,,,,,,,,,
1,,歷史紀錄,0,2019/09/26,,-,text,text,變更技能名稱、擴大武器的適用範圍，原先僅單手劍與雙手劍有效。,,,,,,,
,,,,,,1,,text,使主手為單手劍、雙手劍時，能像法杖與魔導具一樣將武器攻擊力反映到MATK上。,,,,,,,
1,,歷史紀錄,1,2019/09/26,,-,text,text,變更技能名稱、擴大武器的適用範圍，原先僅單手劍與雙手劍有效。,,,,,,,
,,,,,,1,,text,使主手為單手劍、雙手劍時，能像法杖與魔導具一樣將武器攻擊力反映到MATK上。,,,,,,,
1,,歷史紀錄,2,2019/09/26,,-,text,text,變更技能名稱、擴大武器的適用範圍，原先僅單手劍與雙手劍有效。,,,,,,,
,,,,,,1,,text,使主手為單手劍、雙手劍時，能像法杖與魔導具一樣將武器攻擊力反映到MATK上。,,,,,,,
1,,歷史紀錄,3,2019/09/26,,-,text,text,變更技能名稱、擴大武器的適用範圍，原先僅單手劍與雙手劍有效。,,,,,,,
,,,,,,1,,text,使主手為單手劍、雙手劍時，能像法杖與魔導具一樣將武器攻擊力反映到MATK上。,,,,,,,
1,,歷史紀錄,4,2019/09/26,,-,text,text,變更技能名稱、擴大武器的適用範圍，原先僅單手劍與雙手劍有效。,,,,,,,
,,,,,,1,,text,使主手為單手劍、雙手劍時，能像法杖與魔導具一樣將武器攻擊力反映到MATK上。,,,,,,,
1,,歷史紀錄,0,2025/04/24,,5,passive,caption,MATK(常數)+${SLv*2}。,,,,,,,
1,,歷史紀錄,1,2025/04/24,,5,passive,caption,MATK(常數)+${SLv*2}。,,,,,,,
1,,歷史紀錄,2,2025/04/24,,5,passive,caption,MATK(常數)+${SLv*2}。,,,,,,,
1,,歷史紀錄,3,2025/04/24,,5,passive,caption,MATK(常數)+${SLv*2}。,,,,,,,
1,,歷史紀錄,4,2025/04/24,,5,passive,caption,MATK(常數)+${SLv*2}。,,,,,,,
2,魔力共鳴,預設,,魔導具,,-,text,text,發動魂魄共鳴，並隨機獲得火力強化、速度強化、專注強化三者之一。,,0 ,,瞬發,不可放入連擊的第一招,,
,,,,,,,,branch,"魂魄共鳴, 火力強化, 速度強化, 專注強化",,,,,,,
,,,,,,,,is_mark,1,,,,,,,
,,,,,,-,effect,name,魂魄共鳴,,,,,,,
,,,,,,,,caption,將當前HP與MP之剩餘比例平均化。,,,,,,,
,,,,,,,,action_frame,61~37,,,,,,,
,,,,,,-,group,size,1,,,,,,,
,,,,,,-,tips,text,比例平均化舉例：假如現有HP為80%，MP為40%，則技能發動後兩者都會剩餘60%。,,,,,,,
,,,,,,-,list,text,需在HP最大值>MP最大值時，方可使用。,,,,,,,
,,,,,,-,effect,name,火力強化,,,,,,,
,,,,,,,,condition,none,,,,,,,
,,,,,,,,duration,30,,,,,,,
,,,,,,,,atk,SLv*2+extra[0]*2,,,,,,,
,,,,,,,,matk,SLv*2+extra[0]*2,,,,,,,
,,,,,,,,atk.registlet,-SLv*2+extra[0]*2*(0.95-RLv[0]*0.05),,,,,,,
,,,,,,,,matk.registlet,-SLv*2+extra[0]*2*(0.95-RLv[0]*0.05),,,,,,,
,,,,,,-,formula_extra,texts,魔導具精煉值,,,,,,,
,,,,,,,,values.0,@C.sub.refining,,,,,,,
,,,,,,-,effect,name,速度強化,,,,,,,
,,,,,,,,condition,none,,,,,,,
,,,,,,,,duration,30,,,,,,,
,,,,,,,,aspd,SLv*25+extra[0]*50,,,,,,,
,,,,,,,,cspd,SLv*25+extra[0]*50,,,,,,,
,,,,,,,,aspd.registlet,-SLv*25+extra[0]*50*(0.95-RLv[1]*0.05),,,,,,,
,,,,,,,,cspd.registlet,-SLv*25+extra[0]*50*(0.95-RLv[1]*0.05),,,,,,,
,,,,,,-,formula_extra,texts,魔導具精煉值,,,,,,,
,,,,,,,,values.0,@C.sub.refining,,,,,,,
,,,,,,-,effect,name,專注強化,,,,,,,
,,,,,,,,condition,none,,,,,,,
,,,,,,,,duration,30,,,,,,,
,,,,,,,,accuracy,35+SLv*2+extra[0]*3,,,,,,,
,,,,,,,,critical_rate,10+SLv*2+extra[0]*3,,,,,,,
,,,,,,,,accuracy.registlet,-35+SLv*2+extra[0]*3*(0.95-RLv[2]*0.05),,,,,,,
,,,,,,,,critical_rate.registlet,-10+SLv*2+extra[0]*3*(0.95-RLv[2]*0.05),,,,,,,
,,,,,,-,formula_extra,texts,魔導具精煉值,,,,,,,
,,,,,,,,values.0,@C.sub.refining,,,,,,,
,,,,,,-,list,text,處於以上之任意一種狀態時，不可再施展此技能。,,,,,,,
3,空靈閃焰,預設,,魔導具,,-,proration,damage,magic,,100 ,main,瞬發,可以放入連擊,稍慢,
,,,,,,1,damage,constant,50+5*SLv,,,,,,,
,,,,,,,,multiplier,250+$BINT*1,,,,,,,
,,,,,,,,damage_type,magic,,,,,,,
,,,,,,,,ailment_name,著火,,,,,,,
,,,,,,,,ailment_chance,30+7*SLv,,,,,,,
,,,,,,,,range_damage,1,,,,,,,
,,,,,,,,element,against,,,,,,,
,,,,,,-,extra,condition,目標不為無屬性時,,,,,,,
,,,,,,,,skill_constant_extra,50+5*SLv,,,,,,,
,,,,,,-,list,text,此技能屬性必定是敵方弱點屬性；若敵方為無屬性，則變為無屬性。,,,,,,,
,,,,,,2,list,text,此技能![施放武器]為副手魔導具、![射程]受其影響。,,,,,,,
,,,,,,3,text,text,附加#[著火]成功時，自身獲得!B[能量吸收]。,,,,,,,
,,,,,,-,effect,name,能量吸收,,,,,,,
,,,,,,,,condition,狀態期間,,,,,,,
,,,,,,,,duration,10,,,,,,,
,,,,,,,,duration.registlet,10*RLv,,,,,,,
,,,,,,,,attack_mp_recovery,15+Math.floor(SLv/6)*5+Math.floor(SLv/5)*5,,,,,,,
,,,,,,,,attack_mp_recovery.registlet,-(15+Math.floor(SLv/6)*5+Math.floor(SLv/5)*5)/2*RLv,,,,,,,
,,,,,,-,damage,constant,50+5*SLv,,,,,,,
,,,,,,,,multiplier,250+$BINT*1,,,,,,,
,,,,,,,,name,物理模式傷害,,,,,,,
,,,,,,,,ailment_name,著火,,,,,,,
,,,,,,,,ailment_chance,30+7*SLv,,,,,,,
,,,,,,,,range_damage,1,,,,,,,
,,,,,,,,element,against,,,,,,,
,,,,,,,,invisible,1,,,,,,,
,,,,,,-,extra,condition,目標不為無屬性時,,,,,,,
,,,,,,,,skill_constant_extra,50+5*SLv,,,,,,,
3,,歷史紀錄,0,2019/06/24,,1,,multiplier,150+$INT*2,,,,,,,
3,,歷史紀錄,0,2023/09/28,,-,text,text,增加必定克制目標屬性效果、移除原技能中所有須符合屬性才可生效的條件。變更此技能的雷吉斯托環效果。,,,,,,,
,,,,,,1,damage,element,none,,,,,,,
,,,,,,2,list,text,此技能![施放武器]為副手魔導具、技能![屬性]與![射程]受其影響。,,,,,,,
,,,,,,3,text,text,附加#[著火]成功、且技能屬性為目標的弱點屬性時，自身獲得能量吸收。,,,,,,,
4,元素斬劈,預設,,魔導具,,-,proration,damage,magic,,200 ,main,瞬發,可以放入連擊,,
,,,,,,1,damage,constant,50+15*SLv,,,,,,,
,,,,,,,,multiplier,"100+50*SLv+Math.max($BSTR,$BINT)*SLv*0.08",,,,,,,
,,,,,,,,damage_type,magic,,,,,,,
,,,,,,,,ailment_name,衰弱,,,,,,,
,,,,,,,,ailment_chance,SLv*10,,,,,,,
,,,,,,,,range_damage,1,,,,,,,
,,,,,,,,element,against,,,,,,,
,,,,,,,,action_frame,61~37,,,,,,,
,,,,,,2,,,,,,,,,,
,,,,,,-,list,text,此技能屬性必定是敵方弱點屬性；若敵方為無屬性，則變為無屬性。,,,,,,,
,,,,,,3,list,text,此技能![施放武器]為副手魔導具、![射程]受其影響。,,,,,,,
,,,,,,4,,,,,,,,,,
,,,,,,-,damage,constant,50+15*SLv,,,,,,,
,,,,,,,,multiplier,"100+50*SLv+Math.max($BSTR,$BINT)*SLv*0.08",,,,,,,
,,,,,,,,name,物理模式傷害,,,,,,,
,,,,,,,,ailment_name,衰弱,,,,,,,
,,,,,,,,ailment_chance,SLv*10,,,,,,,
,,,,,,,,range_damage,1,,,,,,,
,,,,,,,,element,against,,,,,,,
,,,,,,,,action_frame,61~37,,,,,,,
,,,,,,,,invisible,1,,,,,,,
4,,歷史紀錄,0,2019/06/24,,1,,multiplier,100+10*SLv+$BSTR*SLv*0.04+$BINT*SLv*0.04,,,,,,,
4,,歷史紀錄,0,2023/09/28,,-,text,text,增加必定克制目標屬性效果、移除原技能中所有須符合屬性才可生效的條件；技能倍率修改。,,,,,,,
,,,,,,1,,multiplier,100+50*SLv+$BSTR*SLv*0.04+$BINT*SLv*0.04,,,,,,,
,,,,,,,,ailment_chance,SLv,,,,,,,
,,,,,,2,extra,condition,技能屬性為有利屬性,,,,,,,
,,,,,,,,ailment_name,衰弱,,,,,,,
,,,,,,,,ailment_chance,SLv*10,,,,,,,
,,,,,,3,list,text,此技能施放武器為![副手魔導具]、技能![屬性]與![射程]受其影響。,,,,,,,
4,,歷史紀錄,0,2023/09/28,,-,text,text,更改魔法模式的命中判定，現在與一般魔法傷害一樣必定命中。,,,,,,,
,,,,,,4,list,text,此技能雖然造成魔法傷害，但與一般魔法攻擊不同，命中判定不會被跳過，會被迴避、閃躲。,,,,,,,
5,附魔劍擊,預設,單手劍,,,-,proration,damage,physical,,300 ,main,瞬發,可以放入連擊,一般,
,,,,,,1,damage,constant,"Math.min(600,300+extra[0]*extra[1]/200)",,,,,,,
,,,,,,,,constant.display,300+extra[0]*extra[1]/200,,,,,,,
,,,,,,,,multiplier,"400+60*SLv+Math.max($BSTR,$BINT)",,,,,,,
,,,,,,,,range_damage,1,,,,,,,
,,,,,,,,unsheathe_damage,0,,,,,,,
,,,,,,,,element,against,,,,,,,
,,,,,,,,action_frame,122~66,,,,,,,
,,,,,,2,extra,critical_rate,SLv+extra[2]*3,,,,,,,
,,,,,,,,condition,此技能為物理模式時,,,,,,,
,,,,,,-,extra,magic_pierce.display,SLv+extra[0]*extra[1]/3000,,,,,,,
,,,,,,,,magic_pierce,0,,,,,,,
,,,,,,,,condition,此技能為魔法模式時,,,,,,,
,,,,,,-,formula_extra,texts,"副手魔導具總武器ATK,副手魔導具穩定率,副手魔導具精煉值",,,,,,,
,,,,,,,,values.0,@C.sub.atk*(100+@C.sub.refining*@C.sub.refining)/100,,,,,,,
,,,,,,,,values.1,@C.sub.stability,,,,,,,
,,,,,,,,values.2,@C.sub.refining,,,,,,,
,,,,,,4,,,,,,,,,,
,,,,,,11,damage,constant,"Math.min(600,300+extra[0]*extra[1]/200)",,,,,,,
,,,,,,,,constant.display,300+extra[0]*extra[1]/200,,,,,,,
,,,,,,,,multiplier,"400+60*SLv+Math.max($BSTR,$BINT)",,,,,,,
,,,,,,,,range_damage,1,,,,,,,
,,,,,,,,unsheathe_damage,0,,,,,,,
,,,,,,,,element,against,,,,,,,
,,,,,,,,action_frame,122~66,,,,,,,
,,,,,,,,invisible,1,,,,,,,
,,,,,,,,damage_type,magic,,,,,,,
,,,,,,,,name,附魔劍擊 魔法模式傷害,,,,,,,
,,,,,,-,extra,magic_pierce,SLv+extra[0]*extra[1]/3000,,,,,,,
,,,,,,-,formula_extra,texts,"副手魔導具總武器ATK,副手魔導具穩定率,副手魔導具精煉值",,,,,,,
,,,,,,,,values.0,@C.sub.atk*(100+@C.sub.refining*@C.sub.refining)/100,,,,,,,
,,,,,,,,values.1,@C.sub.stability,,,,,,,
,,,,,,,,values.2,@C.sub.refining,,,,,,,
,,,,,,-,list,text,此技能屬性必定是敵方弱點屬性；若敵方為無屬性，則變為無屬性。,,,,,,,
,,,,,,-,list,text,魔導具總武器ATK：計算精煉後的攻擊力，但不包括武器ATK加成。,,,,,,,
,,,,,,-,list,text,此技能公式中，技能常數最終值最高為600。,,,,,,,
,,,,,,5,,,,,,,,,,
,,,,,,6,,,,,,,,,,
,,,,,,10,text,text,持有![魔劍強化]狀態時，此技能名稱變更為![附魔爆發劍擊]，傷害獲得強化。,,,,,,,
,,,,,,,,is_mark,1,,,,,,,
,,,,,,7,list,text,單手劍使用時，![附魔爆發劍擊]的動作時間較其他武器更快。,,,,,,,
,,,,,,8,damage,constant,"Math.min(600,300+extra[0]*extra[1]/200)",,,,,,,
,,,,,,,,constant.display,300+extra[0]*extra[1]/200,,,,,,,
,,,,,,,,multiplier,"360+54*SLv+Math.max($BSTR,$BINT)*0.9",,,,,,,
,,,,,,,,range_damage,1,,,,,,,
,,,,,,,,unsheathe_damage,0,,,,,,,
,,,,,,,,element,against,,,,,,,
,,,,,,,,action_frame,92~52,,,,,,,
,,,,,,,,title,each,,,,,,,
,,,,,,,,judgment,separate,,,,,,,
,,,,,,,,frequency,2,,,,,,,
,,,,,,,,name,附魔爆發劍擊,,,,,,,
,,,,,,-,extra,critical_rate,SLv+extra[2]*3,,,,,,,
,,,,,,,,condition,此技能為物理模式時,,,,,,,
,,,,,,-,extra,magic_pierce.display,SLv+extra[0]*extra[1]/3000,,,,,,,
,,,,,,,,magic_pierce,0,,,,,,,
,,,,,,,,condition,此技能為魔法模式時,,,,,,,
,,,,,,-,formula_extra,texts,"副手魔導具總武器ATK,副手魔導具穩定率,副手魔導具精煉值",,,,,,,
,,,,,,,,values.0,@C.sub.atk*(100+@C.sub.refining*@C.sub.refining)/100,,,,,,,
,,,,,,,,values.1,@C.sub.stability,,,,,,,
,,,,,,,,values.2,@C.sub.refining,,,,,,,
,,,,,,12,damage,name,附魔爆發劍擊 魔法模式傷害,,,,,,,
,,,,,,,,constant,"Math.min(600,300+extra[0]*extra[1]/200)",,,,,,,
,,,,,,,,invisible,1,,,,,,,
,,,,,,,,multiplier,"360+54*SLv+Math.max($BSTR,$BINT)*0.9",,,,,,,
,,,,,,,,damage_type,magic,,,,,,,
,,,,,,,,range_damage,1,,,,,,,
,,,,,,,,unsheathe_damage,0,,,,,,,
,,,,,,,,element,against,,,,,,,
,,,,,,,,action_frame,92~52,,,,,,,
,,,,,,,,title,each,,,,,,,
,,,,,,,,judgment,separate,,,,,,,
,,,,,,,,frequency,2,,,,,,,
,,,,,,-,extra,magic_pierce,SLv+extra[0]*extra[1]/3000,,,,,,,
,,,,,,-,formula_extra,texts,"副手魔導具總武器ATK,副手魔導具穩定率,副手魔導具精煉值",,,,,,,
,,,,,,,,values.0,@C.sub.atk*(100+@C.sub.refining*@C.sub.refining)/100,,,,,,,
,,,,,,,,values.1,@C.sub.stability,,,,,,,
,,,,,,,,values.2,@C.sub.refining,,,,,,,
,,,,,,,,,,,,,,,,
5,,非預設,雙劍,,,1,damage,constant,300,,,,,,,
,,,,,,,,constant.display,300,,,,,,,
,,,,,,11,damage,constant,300,,,,,,,
,,,,,,,,constant.display,300,,,,,,,
5,,非預設,雙手劍,,,1,damage,multiplier,"600+60*SLv+Math.max($BSTR,$BINT)",,,,,,慢,
,,,,,,,,constant,300,,,,,,,
,,,,,,,,constant.display,300,,,,,,,
,,,,,,11,damage,multiplier,"600+60*SLv+Math.max($BSTR,$BINT)",,,,,,,
,,,,,,,,constant,300,,,,,,,
,,,,,,,,constant.display,300,,,,,,,
,,,,,,2,extra,critical_rate,SLv*10,,,,,,,
,,,,,,,,,,,,,,,,
,,,,,,5,list,text,使用雙手劍時，技能動作改變，動作時間更長。,,,,,,,
,,,,,,7,,,,,,,,,,
,,,,,,8,,,,,,,,,,
,,,,,,10,,,,,,,,,,
,,,,,,12,,,,,,,,,,
5,,非預設,弩,,,5,list,text,弩使用時射程縮短、技能動作改變，造成第7次傷害的同時會向後位移約2m。,,,4 ,,,稍慢,
,,,,,,1,damage,frequency,8,,,,,,,
,,,,,,11,damage,frequency,8,,,,,,,
,,,,,,6,list,text,弩使用時，若前7次傷害內目標便已死亡，則不會出現第8次傷害。,,,,,,,
,,,,,,7,,,,,,,,,,
,,,,,,8,,multiplier,"560+84*SLv+Math.max($BSTR,$BINT)*1.4",,,,,,,
,,,,,,,,action_frame,122~66,,,,,,,
,,,,,,,,title,,,,,,,,
,,,,,,,,judgment,,,,,,,,
,,,,,,,,frequency,1,,,,,,,
,,,,,,12,,multiplier,"560+84*SLv+Math.max($BSTR,$BINT)*1.4",,,,,,,
,,,,,,,,action_frame,122~66,,,,,,,
,,,,,,,,title,,,,,,,,
,,,,,,,,judgment,,,,,,,,
,,,,,,,,frequency,1,,,,,,,
5,,非預設,拳套,,,5,,,,,,,,,一般,
,,,,,,7,,,,,,,,,,
,,,,,,8,,multiplier,"560+84*SLv+Math.max($BSTR,$BINT)*1.4",,,,,,,
,,,,,,,,action_frame,122~66,,,,,,,
,,,,,,,,title,,,,,,,,
,,,,,,,,judgment,,,,,,,,
,,,,,,,,frequency,1,,,,,,,
,,,,,,12,,multiplier,"560+84*SLv+Math.max($BSTR,$BINT)*1.4",,,,,,,
,,,,,,,,action_frame,122~66,,,,,,,
,,,,,,,,title,,,,,,,,
,,,,,,,,judgment,,,,,,,,
,,,,,,,,frequency,1,,,,,,,
5,,歷史紀錄,0,2019/06/24,,1,,multiplier,250+25*SLv,,,,,,,
5,,歷史紀錄,1,2019/06/24,,1,,multiplier,250+25*SLv,,,,,,,
5,,歷史紀錄,2,2019/06/24,,1,,multiplier,450+25*SLv,,,,,,,
5,,歷史紀錄,2,2019/09/26,,-,text,text,使用雙手劍時，技能動作改變，動作時間變得更長。,,,,,,,
,,,,,,139,basic,action_time,little_fast,,,,,,,
5,,歷史紀錄,3,2021/08/26,,-,text,text,使本技能可於裝備弩或拳套時使用。,,,,,,,
5,,歷史紀錄,4,2021/08/26,,-,text,text,使本技能可於裝備弩或拳套時使用。,,,,,,,
5,,歷史紀錄,0,2022/03/24,,7,list,text,無此效果。,,,,,,,
5,,歷史紀錄,0,2023/09/28,,-,text,text,變更技能常數與倍率公式、增加物理與魔法模式(轉化)、移除元素附魔增益。,,,,,,,
,,,,,,4,list,text,施放後，獲得30秒元素附魔，期間內根據魔導具所帶之元素屬性，對其克制屬性傷害+${SLv}%。,,,,,,,
,,,,,,1,,multiplier,400+50*SLv,,,,,,,
,,,,,,,,constant.display,300,,,,,,,
5,,歷史紀錄,1,2023/09/28,,-,text,text,變更技能倍率公式、增加物理與魔法模式(轉化)、移除元素附魔增益。,,,,,,,
,,,,,,4,list,text,施放後，獲得30秒元素附魔，期間內根據魔導具所帶之元素屬性，對其克制屬性傷害+${SLv}%。,,,,,,,
,,,,,,1,,multiplier,400+50*SLv,,,,,,,
,,,,,,,,constant.display,300,,,,,,,
5,,歷史紀錄,2,2023/09/28,,-,text,text,變更技能倍率公式。,,,,,,,
,,,,,,1,,multiplier,600+50*SLv,,,,,,,
,,,,,,,,constant.display,300,,,,,,,
5,,歷史紀錄,3,2023/09/28,,-,text,text,變更技能常數與倍率公式、增加物理與魔法模式(轉化)、移除元素附魔增益。,,,,,,,
,,,,,,4,list,text,施放後，獲得30秒元素附魔，期間內根據魔導具所帶之元素屬性，對其克制屬性傷害+${SLv}%。,,,,,,,
,,,,,,1,,multiplier,400+50*SLv,,,,,,,
,,,,,,,,constant.display,300,,,,,,,
5,,歷史紀錄,4,2023/09/28,,-,text,text,變更技能常數與倍率公式、增加物理與魔法模式(轉化)、移除元素附魔增益。,,,,,,,
,,,,,,4,list,text,施放後，獲得30秒元素附魔，期間內根據魔導具所帶之元素屬性，對其克制屬性傷害+${SLv}%。,,,,,,,
,,,,,,1,,multiplier,400+50*SLv,,,,,,,
,,,,,,,,constant.display,300,,,,,,,
5,,歷史紀錄,0,2024/04/18,,1,,unsheathe_damage,1,,,,,,,
,,,,,,8,,unsheathe_damage,1,,,,,,,
,,,,,,,,multiplier,"400+60*SLv+Math.max($BSTR,$BINT)",,,,,,,
5,,歷史紀錄,1,2024/04/18,,1,,unsheathe_damage,1,,,,,,,
,,,,,,8,,unsheathe_damage,1,,,,,,,
,,,,,,,,multiplier,"400+60*SLv+Math.max($BSTR,$BINT)",,,,,,,
5,,歷史紀錄,2,2024/04/18,,1,,unsheathe_damage,1,,,,,,,
5,,歷史紀錄,3,2024/04/18,,1,,unsheathe_damage,1,,,,,,,
,,,,,,8,,unsheathe_damage,1,,,,,,,
,,,,,,,,multiplier,"600+90*SLv+Math.max($BSTR,$BINT)*1.5",,,,,,,
5,,歷史紀錄,4,2024/04/18,,1,,unsheathe_damage,1,,,,,,,
,,,,,,8,,unsheathe_damage,1,,,,,,,
,,,,,,,,multiplier,"600+90*SLv+Math.max($BSTR,$BINT)*1.5",,,,,,,
6,附魔之咒,預設,,魔導具,,1,text,text,習得後，可於滿足特定條件時，發動預先設定好的技能；須前往EX技能中進行設定。,,,,EX技能,,,
,,,,,,,,is_mark,1,,,,,,,
,,,,,,-,list,text,可發動的技能包括：魔法技能樹前兩行的三階以下技能、!S[懲戒之槍]、!S[治癒術]、!S[異常抗體]、!S[神聖光輝]、!S[驅魔]。,,,,,,,
,,,,,,-,list,text,可由以下發動條件任選一個：<br>一般攻擊時<br>連擊成功時<br>MP不足時<br>受到目標傷害時<br>阻擋姿態時<br>使用閃躲時,,,,,,,
,,,,,,-,list,text,滿足發動條件後並非100%觸發，觸發機率根據本技能等級與副手魔導具精煉值而提升。,,,,,,,
,,,,,,-,list,text,需要先習得對應技能，才能於EX技能中設定。且若不符合技能之裝備條件(例如!S[驅魔]要求法杖/盾牌)，則無論如何也不會發動。,,,,,,,
,,,,,,-,list,text,此效果無法連續使用，冷卻時間根據使用技能而有所不同。,,,,,,,
,,,,,,-,tips,text,各技能的冷卻時間,,,,,,,
,,,,,,-,group,size,12,,,,,,,
,,,,,,-,tips,text,法術/飛箭：${15-SLv}秒,,,,,,,
,,,,,,-,tips,text,法術/長槍：${16-SLv}秒,,,,,,,
,,,,,,-,tips,text,法術/障壁：${16-SLv}秒,,,,,,,
,,,,,,-,tips,text,法術/魔法槍：${18-SLv}秒,,,,,,,
,,,,,,-,tips,text,法術/引爆：${18-SLv}秒,,,,,,,
,,,,,,-,tips,text,法術/衝擊波：${18-SLv}秒,,,,,,,
,,,,,,-,tips,text,法術/暴風：${20-SLv}秒,,,,,,,
,,,,,,-,tips,text,懲戒之槍：${18-SLv}秒,,,,,,,
,,,,,,-,tips,text,治癒術：${18-SLv}秒,,,,,,,
,,,,,,-,tips,text,異常抗體：${20-SLv}秒,,,,,,,
,,,,,,-,tips,text,神聖光輝：${22-SLv}秒,,,,,,,
,,,,,,-,tips,text,驅魔：${22-SLv}秒,,,,,,,
,,,,,,-,list,text,觸發效果的魔法技能不需要MP、無須詠唱與動作時間，且不會消耗掉「下一招技能強化類」狀態。,,,,,,,
,,,,,,-,list,text,被發動的技能之元素屬性參照副手魔導具屬性（固定屬性者如衝擊波除外）、享有裝備魔導具時的技能加成。技能效果為發動技能與本技能的技能等級，兩者之間取較低者。,,,,,,,
,,,,,,-,list,text,雖然能享有魔導具的技能加成，但無法像主手魔導具一樣觸發#[法術額外屬性傷害][法術額外屬性傷害/剋屬傷害]的效果。若主手是法杖，則副手魔導具需帶有元素屬性，方可觸發。,,,,,,,
,,,,,,-,list,text,同時，此技能觸發的魔法技能，無法獲取!S[縮時詠唱]的效果。,,,,,,,
6,,歷史紀錄,0,2023/09/28,,-,text,text,全面變更技能效果，由被動技能轉變為EX技能。,,,,,,,
,,,,,,1,text,text,一般攻擊時，上次發動過的特定魔法技能（二階以下）有${SLv*5}%機率再次發動。,,,,,,,
7,附魔爆發,預設/and,單手劍,魔導具,,4,text,text,根據是否處於![物魔變換]狀態，將發動不同技能效果與名稱。,,100 ,-,瞬發,可以放入連擊,慢,
,,,,,,,,is_mark,1,,,,,,,
,,,,,,-,list,text,此技能傷害，屬性皆必定是敵方弱點屬性；若敵方為無屬性，則變為無屬性。,,,,,,,
,,,,,,-,list,text,![附魔之力層數]：來自於![附魔劍擊]或![附魔攫取]成功命中（MISS不可疊層，但閃躲可），以及![流轉屏障]觸發減傷效果時，最大為9層。,,,,,,,
,,,,,,-,stack,id,1,,,,,,,
,,,,,,,,name,附魔之力層數,,,,,,,
,,,,,,,,max,3,,,,,,,
,,,,,,,,min,0,,,,,,,
,,,,,,,,default,3,,,,,,,
,,,,,,-,text,text,魔法模式(原始),,,,,,,
,,,,,,-,group,size,9,,,,,,,
,,,,,,3,text,text,"對目標進行!B[附魔爆發]。<br>
若持有![附魔之力]層數，可消耗此狀態(最多3層)強化技能傷害並對目標造成#[衰弱]，同時給予自身![魔劍強化]狀態。",,,,,,,
,,,,,,,,is_mark,1,,,,,,,
,,,,,,-,proration,damage,magic,,,,,,,
,,,,,,-,damage,name,附魔爆發,,,,,,,
,,,,,,,,constant,100+extra[0]*0.4*stack,,,,,,,
,,,,,,,,multiplier,100*SLv+500*(1+stack)*stack/2,,,,,,,
,,,,,,,,element,against,,,,,,,
,,,,,,,,damage_type,magic,,,,,,,
,,,,,,,,range_damage,1,,,,,,,
,,,,,,,,stack_id,1,,,,,,,
,,,,,,,,ailment_name,衰弱,,,,,,,
,,,,,,,,ailment_chance,"Math.max(0,100*Math.min(1,-2+stack+Math.floor(SLv/5)))",,,,,,,
,,,,,,,,action_frame,122~66,,,,,,,
,,,,,,-,extra,condition,額外說明,,,,,,,
,,,,,,,,caption,"造成的#[衰弱]狀態持續時間為${Math.max(0,(-2+stack+Math.floor(SLv/5))*5)}秒。",,,,,,,
,,,,,,-,base,type,both,,,,,,,
,,,,,,-,formula_extra,texts,魔導具武器基礎ATK,,,,,,,
,,,,,,,,values.0,@C.sub.atk,,,,,,,
,,,,,,-,list,text,魔導具武器基礎ATK：武器本身的ATK，不計算精鍊、武器ATK等等加成。,,,,,,,
,,,,,,-,text,text,主手為單手劍/拳套/弩弓，且副手裝備魔導具時，此技能發動後將獲得!B[魔劍強化]。,,,,,,,
,,,,,,,,is_mark,1,,,,,,,
,,,,,,1,effect,duration,(4+SLv)*stack*stack,,,,,,,
,,,,,,,,stack_id,1,,,,,,,
,,,,,,,,caption,!S[附魔劍擊]技能倍率×2。,,,,,,,
,,,,,,,,name,魔劍強化,,,,,,,
,,,,,,,,postpone,1,,,,,,,
,,,,,,-,tips,text,![魔劍強化]效果期間，武器將出現發亮特效。,,,,,,,
,,,,,,-,reference,url_text,舊技能公式記錄(by Joji),,,,,,,
,,,,,,,,url,https://www.youtube.com/watch?v=77KfEcPCaDQ,,,,,,,
,,,,,,-,reference,url_text,舊技能公式記錄 (2021/08/26技能調整),,,,,,,
,,,,,,,,url,https://www.youtube.com/watch?v=T5pnkLnGxgM&t=16s&ab_channel=JojiTorai,,,,,,,
,,,,,,-,text,text,物理模式(附魔攫取),,,,,,,
,,,,,,-,group,size,5,,,,,,,
,,,,,,6,text,text,對目標進行!B[附魔攫取]，同時附魔之力層數+1。,,,,,,,
,,,,,,,,is_mark,1,,,,,,,
,,,,,,-,proration,damage,physical,,,,,,,
,,,,,,-,damage,name,附魔攫取,,,,,,,
,,,,,,,,constant,100,,,,,,,
,,,,,,,,multiplier,1000+50*SLv,,,,,,,
,,,,,,,,element,against,,,,,,,
,,,,,,,,range_damage,1,,,,,,,
,,,,,,-,extra,caption,此技能暴擊率與暴擊傷害使用![魔法暴擊]之算法。,,,,,,,
,,,,,,2,,,,,,,,,,
,,,,,,-,list,text,命中成功時對目標附加減益：我方全員使用攻擊技能攻擊該目標時，獲得額外的MP回復，回復量=((自身最大MP÷20))。這個效果總共可獲取${SLv}次（全隊共用次數，每個技能最多獲取一次）。,,,,,,,
,,,,,,5,,,,,,,,,,
7,,非預設/and,弩,魔導具,,1,,caption,附魔劍擊技能倍率×1.5。,,,,,,,
,,,,,,2,,caption,附魔劍擊技能倍率×1.5。,,,,,,,
,,,,,,,,,,,,,,,,
7,,非預設/and,拳套,魔導具,,1,,caption,附魔劍擊技能倍率×1.5。,,,,,,,
,,,,,,2,,caption,附魔劍擊技能倍率×1.5。,,,,,,,
,,,,,,5,tips,text,當獲得!S[化勁]或!S[破壞者]的狀態時，魔劍強化增益將移除。,,,,,,,
7,,非預設/and,法杖,魔導具,,3,text,text,"對目標進行附魔爆發。<br>
若持有附魔之力層數，可消耗此狀態(最多3層)強化技能傷害並對目標造成#[衰弱]。法杖無法獲取魔劍強化狀態。",,,,,,,
,,,,,,4,,text,法杖無法獲取物魔變換狀態與下述的魔劍強化狀態，僅可發動魔法模式之效果。,,,,,,,
7,,非預設,雙手劍,,,3,text,text,"對目標進行附魔爆發。<br>
若持有附魔之力層數，可消耗此狀態(最多3層)強化技能傷害並對目標造成#[衰弱]。雙手劍無法獲取魔劍強化狀態。",,,,,,,
,,,,,,4,,text,雙手劍無法獲取物魔變換狀態與下述的魔劍強化狀態，僅可發動魔法模式之效果。,,,,,,,
7,,歷史紀錄,0,2023/09/28,,-,text,text,技能效果全改，舊效果請查閱參考資料連結。,,,,,,,
7,,歷史紀錄,2,2024/04/18,,5,,,,,,,,,,
,,,,,,6,,text,對目標進行附魔攫取，並給予自身魔劍強化（持續時間較通常模式短、與當前附魔之力層數有關），同時附魔之力層數+1。,,,,,,,
,,,,,,2,effect,duration,(1+SLv)*stack,,,,,,,
,,,,,,,,stack_id,1,,,,,,,
,,,,,,,,caption,!S[附魔劍擊]技能倍率×2。,,,,,,,
,,,,,,,,name,魔劍強化,,,,,,,
,,,,,,,,postpone,1,,,,,,,
7,,歷史紀錄,0,2024/04/18,,6,,text,對目標進行附魔攫取，並給予自身魔劍強化（持續時間較通常模式短、與當前附魔之力層數有關），同時附魔之力層數+1。,,,,,,,
,,,,,,2,effect,duration,(1+SLv)*stack,,,,,,,
,,,,,,,,stack_id,1,,,,,,,
,,,,,,,,caption,!S[附魔劍擊]技能倍率×2。,,,,,,,
,,,,,,,,name,魔劍強化,,,,,,,
,,,,,,,,postpone,1,,,,,,,
7,,歷史紀錄,1,2024/04/18,,6,,text,對目標進行附魔攫取，並給予自身魔劍強化（持續時間較通常模式短、與當前附魔之力層數有關），同時附魔之力層數+1。,,,,,,,
,,,,,,2,effect,duration,(1+SLv)*stack,,,,,,,
,,,,,,,,stack_id,1,,,,,,,
,,,,,,,,caption,!S[附魔劍擊]技能倍率×2。,,,,,,,
,,,,,,,,name,魔劍強化,,,,,,,
,,,,,,,,postpone,1,,,,,,,
7,,歷史紀錄,3,2024/04/18,,6,,text,對目標進行附魔攫取，並給予自身魔劍強化（持續時間較通常模式短、與當前附魔之力層數有關），同時附魔之力層數+1。,,,,,,,
,,,,,,2,effect,duration,(1+SLv)*stack,,,,,,,
,,,,,,,,stack_id,1,,,,,,,
,,,,,,,,caption,!S[附魔劍擊]技能倍率×2。,,,,,,,
,,,,,,,,name,魔劍強化,,,,,,,
,,,,,,,,postpone,1,,,,,,,
7,,歷史紀錄,4,2024/04/18,,6,,text,對目標進行附魔攫取，並給予自身魔劍強化（持續時間較通常模式短、與當前附魔之力層數有關），同時附魔之力層數+1。,,,,,,,
,,,,,,2,effect,duration,(1+SLv)*stack,,,,,,,
,,,,,,,,stack_id,1,,,,,,,
,,,,,,,,caption,!S[附魔劍擊]技能倍率×2。,,,,,,,
,,,,,,,,name,魔劍強化,,,,,,,
,,,,,,,,postpone,1,,,,,,,
8,流轉屏障,預設/and,單手劍,魔導具,,-,text,text,"透過屏障轉換為魔力的防禦法術。
技能發動期間，減輕受到的物理／魔法傷害，回復少量MP。
減輕魔法傷害會增加MP的回復量。",,100 ,,瞬發,可以放入連擊,,
,,,,,,,,is_mark,1,,,,,,,
,,,,,,-,effect,physical_resistance,9*SLv,,,,,,,
,,,,,,,,magic_resistance,9*SLv,,,,,,,
,,,,,,,,duration,1,,,,,,,
,,,,,,1,extra,condition,成功減輕物理傷害,,,,,,,
,,,,,,,,caption,MP回復![20]，可多次發動。,,,,,,,
,,,,,,2,extra,condition,成功減輕魔法傷害,,,,,,,
,,,,,,,,caption,MP回復![100]，可多次發動。,,,,,,,
,,,,,,-,extra,condition,成功減輕傷害時,,,,,,,
,,,,,,,,caption,附魔之力層數+1，此效果單次技能只能獲得一次。,,,,,,,
,,,,,,,,mark,附魔之力層數,,,,,,,
,,,,,,-,list,text,此技能動作時間不受行動速度與任何動作時間修正影響。,,,,,,,
,,,,,,,,,,,,,,,,
8,,非預設,魔導具,魔導具,,1,,caption,MP回復![10]，可多次發動。,,,,,,,
,,,,,,2,,caption,MP回復![50]，可多次發動。,,,,,,,
,,,,,,,,,,,,,,,,
,,,,,,,,,,,,,,,,
,,,,,,,,,,,,,,,,
,,,,,,,,,,,,,,,,
,,,,,,,,,,,,,,,,
9,傳送,預設/and,單手劍,魔導具,,-,text,text,詠唱中按下任意方向鍵，可瞬間移動至該方向，移動距離為8m。,,100 ,,須詠唱,可以放入連擊,,3
,,,,,,,,is_mark,1,,,,,,,
,,,,,,-,list,text,此技能不受行動速度與動作時間修正的影響，但是技能等級影響基礎動作時間，此等級為${100-5*SLv}%動作時間。,,,,,,,
,,,,,,-,list,text,此技能動昨時間為61F~37F。,,,,,,,
,,,,,,-,list,text,此技能詠唱時間不受詠唱速度影響。,,,,,,,
9,,非預設,魔導具,魔導具,,,,,,,200 ,,,,,
,,,,,,,,,,,,,,,,
,,,,,,,,,,,,,,,,
,,,,,,,,,,,,,,,,
10,流轉召回,預設/and,單手劍,魔導具,,-,text,text,當以流轉屏障成功減輕傷害時，追加獲得持續回復MP的狀態，回復量取決於流轉屏障回復的MP (受攻擊次數)。,,,,被動,,,
,,,,,,,,is_mark,1,,,,,,,
,,,,,,,,skill,流轉屏障,,,,,,,
,,,,,,,,mark,成功減輕傷害,,,,,,,
,,,,,,1,heal,duration,SLv*2,,,,,,,
,,,,,,,,name,流轉召回,,,,,,,
,,,,,,,,type,mp,,,,,,,
,,,,,,,,constant,5*SLv,,,,,,,
,,,,,,,,cycle,2,,,,,,,
,,,,,,,,frequency,SLv,,,,,,,
,,,,,,,,extra_text,流轉屏障減傷成功時的MP回復總量,,,,,,,
,,,,,,,,extra_value,0.5,,,,,,,
,,,,,,2,list,text,換句話說，流轉屏障每減輕一次物理攻擊，每下MP回復+10；每減輕一次魔法攻擊，每下MP回復+50。,,,,,,,
,,,,,,,,skill,流轉屏障,,,,,,,
,,,,,,,,mark,"物理攻擊,魔法攻擊",,,,,,,
,,,,,,3,list,text,每次回復MP的上限值為${SLv*5+150}。,,,,,,,
,,,,,,-,list,text,注意單手劍使用流轉屏障時，MP回復量會加倍，因此本技能MP回復值亦會比裝備其他武器時多。,,,,,,,
,,,,,,,,mark,流轉屏障,,,,,,,
10,,非預設/and,法杖,魔導具,,1,,constant,2.5*SLv,,,,,,,
,,,,,,,,extra_value,0.25,,,,,,,
,,,,,,2,,text,換句話說，流轉屏障每減輕一次物理攻擊，每下MP回復+2.5；每減輕一次魔法攻擊，每下MP回復+12.5。,,,,,,,
,,,,,,3,list,text,每次回復MP的上限值為${SLv*2.5+150}。,,,,,,,
,,,,,,,,,,,,,,,,
10,,非預設,,魔導具,,1,,constant,5*SLv,,,,,,,
,,,,,,,,extra_value,0.5,,,,,,,
,,,,,,2,list,text,換句話說，流轉屏障每減輕一次物理攻擊，每下MP回復+5；每減輕一次魔法攻擊，每下MP回復+25。,,,,,,,
11,飄浮衝刺,預設/and,單手劍,魔導具,,-,text,text,展開魔導具進行飄浮衝刺，移動速度大幅增加，但同時無法進行一般攻擊。發動任意技能或普通攻擊可結束此效果，該發動技能的#[MP消耗減半]。,,300 ,,瞬發,無法放入連擊,,
,,,,,,,,is_mark,1,,,,,,,
,,,,,,,,mark,飄浮衝刺,,,,,,,
,,,,,,-,effect,name,飄浮衝刺,,,,,,,
,,,,,,,,movement_speed,10*SLv,,,,,,,
,,,,,,,,duration,10,,,,,,,
,,,,,,1,extra,caption,發動時解除自身的#[遲緩]、#[停止]狀態。,,,,,,,
,,,,,,,,condition,單手劍使用時,,,,,,,
,,,,,,-,list,text,處於諸如雙暴風等會改變普通攻擊動作的狀態時，無法發動本技能。,,,,,,,
,,,,,,,,skill,雙暴風,,,,,,,
,,,,,,-,list,text,移動速度增加效果僅在戰鬥中生效。,,,,,,,
,,,,,,,,,,,,,,,,
11,,非預設,,魔導具,,1,,,,,,,,,,
,,,,,,,,,,,,,,,,
12,雙重提供,預設/and,單手劍,魔導具,,1,text,text,使ATK與MATK產生共鳴而增加，增加的效果時間取決於魔導具ATK。攻擊處於#[衰弱]狀態的敵人時，會獲得暴擊性能的加成。此技能效果僅限魔劍技能樹與魔法技能樹。,,400 ,,瞬發,可以放入連擊,快,
,,,,,,,,is_mark,1,,,,,,,
,,,,,,-,tips,text,主手單手劍時才會影響魔法技能樹。,,,,,,,
,,,,,,,,,,,,,,,,
,,,,,,-,effect,name,雙重提供,,,,,,,
,,,,,,,,condition,對於魔劍技能,,,,,,,
,,,,,,,,caption,獲得「ATK與MATK共鳴」效果，能使ATK與MATK中較低者，提升至與較高者更為接近的數值，計算方法下述。,,,,,,,
,,,,,,,,,,,,,,,,
,,,,,,5,extra,magic_crt_percentage,"2.5*SLv*Math.max(0,Math.min(1,$STR-$INT+1))",,,,,,,
,,,,,,,,magic_crt_percentage.display,2.5*SLv,,,,,,,
,,,,,,,,magic_crt_percentage.conditionValue,$skill.id.startsWith('4-1-')||$skill.id.startsWith('0-2-'),,,,,,,
,,,,,,,,condition,攻擊處於#[衰弱]中的敵人，且角色總STR≧總INT時,,,,,,,
,,,,,,6,extra,magic_cd_percentage,"2.5*SLv*Math.max(0,Math.min(1,$INT-$STR))",,,,,,,
,,,,,,,,magic_cd_percentage.display,2.5*SLv,,,,,,,
,,,,,,,,magic_cd_percentage.conditionValue,$skill.id.startsWith('4-1-')||$skill.id.startsWith('0-2-'),,,,,,,
,,,,,,,,condition,攻擊處於#[衰弱]中的敵人，且角色總INT＞總STR時,,,,,,,
,,,,,,3,extra,condition,對於魔法技能樹,,,,,,,
,,,,,,,,caption,發動的技能的元素屬性參照副手魔導具（元素屬性固定的技能除外）。,,,,,,,
,,,,,,4,extra,condition,效果期間,,,,,,,
,,,,,,,,caption,發動法術/終結、法術/爆能、法術/魔法砲、法術/毀滅時，附魔之力層數+1。,,,,,,,
,,,,,,,,skill,"法術/終結,法術/爆能,法術/魔法砲,法術/毀滅",,,,,,,
,,,,,,2,list,text,效果時間為((魔導具武器基礎ATK÷5))秒（最低為10秒）。,,,,,,,
,,,,,,-,list,text,以上效果皆僅影響魔劍技能，且不顯示於面板。,,,,,,,
,,,,,,-,list,text,對#[衰弱]敵人的爆擊強化，不需要使用有利屬性，任意屬性皆可享受該效果。,,,,,,,
,,,,,,,,mark,"爆傷轉化率,所有魔法技能",,,,,,,
,,,,,,-,tips,text,關於ATK與MATK共鳴,,,,,,,
,,,,,,-,group,size,4,,,,,,,
,,,,,,-,list,text,該效果將提升角色面板ATK與MATK中較低者，以下說明將以ATK>MATK為例，相反的狀況請將說明中的ATK與MATK對調。,,,,,,,
,,,,,,,,mark,ATK>MATK,,,,,,,
,,,,,,-,list,text,MATK提升量的基礎公式為：(( (ATK-MATK)*技能效率% )),,,,,,,
,,,,,,,,mark,技能效率%,,,,,,,
,,,,,,-,list,text,其中，技能效率%=((習得的魔劍技能數量*技能等級))%，此項上限為100%。,,,,,,,
,,,,,,,,mark,技能效率%,,,,,,,
,,,,,,-,tips,text,官方說明中，「習得的魔劍數量」該項最大為10，但實測並無上限，可能是指此技能滿級時，超出10種的魔劍技能將不影響結果。,,,,,,,
,,,,,,,,mark,習得的魔劍技能數量,,,,,,,
,,,,,,-,list,text,但是，假如角色帶有諸如「MATK-10%」之類的效果，則會受到懲罰。注意是只要有任意來源的效果中帶有-MATK%，即使最終的MATK%加成為正，仍然會吃到懲罰。,,,,,,,
,,,,,,,,mark,即使最終的MATK%加成為正，仍然會吃到懲罰。,,,,,,,
,,,,,,-,list,text,當上一條生效，且技能效率%=![100%]時，可套用以下化簡公式：(( ATK*懲罰係數-MATK ))。其中懲罰係數=((100-角色帶有的扣減MATK%總值))%。,,,,,,,
,,,,,,,,mark,"懲罰係數,技能效率%",,,,,,,
,,,,,,-,list,text,舉例而言，1000面板ATK與500面板MATK，若沒有懲罰時MATK最多可提升![500]，但若在面板不變的前提下帶有-10%MATK，則增益量最大為((1000×0.9-500))=![400]。,,,,,,,
,,,,,,-,list,text,魔法戰士的要訣中的ATK+![10%]（單手劍為15%）效果，在此公式計算時是可以抵銷副魔導具的15%ATK懲罰的，也就是說點滿時只會受到5%懲罰 (單手劍為0%)。,,,,,,,
,,,,,,,,skill,魔法戰士的要訣,,,,,,,
,,,,,,-,list,text,若同時帶有懲罰係數且技能效率非100%時，套用以下公式：(( (ATK-MATK)*懲罰係數*技能效率%-MATK*(1-懲罰係數) ))。當計算結果小於0時將結果變為0。,,,,,,,
,,,,,,,,mark,"懲罰係數,技能效率",,,,,,,
,,,,,,-,list,text,以上所有公式都是經過參數合併、約分後的簡化公式，無法考慮到取整問題，因此帶有個位數誤差是正常的。,,,,,,,
,,,,,,-,reference,url_text,資料來源,,,,,,,
,,,,,,,,url,https://docs.google.com/document/d/17QVSkRW84YaRikSE1VD8ZZMouI9j5VGi-Hoe5jZpxnA/edit,,,,,,,
,,,,,,-,stack,name,-MATK%/-ATK%總值(請自行計算),,,,,,,
,,,,,,,,min,0,,,,,,,
,,,,,,,,id,1,,,,,,,
,,,,,,,,invisible,1,,,,,,,
,,,,,,7,effect,caption,角色模擬器用(默認技能效率100%)，上方齒輪開啟懲罰係數設定；由於本技能效果僅作用於魔法/魔劍技能樹，請僅在計算相關技能傷害時再開啟此buff。,,,,,,,
,,,,,,,,stack_id,1,,,,,,,
,,,,,,,,invisible,1,,,,,,,
,,,,,,-,extra,dual_bringer_efficiency,100,,,,,,,
,,,,,,,,dual_bringer_penalty,100-stack,,,,,,,
,,,,,,,,,,,,,,,,
12,,非預設,,魔導具,,1,text,text,使ATK與MATK產生共鳴而增加，增加的效果時間取決於魔導具ATK。攻擊處於#[衰弱]狀態的敵人時，會獲得暴擊性能的加成。此技能效果僅限魔劍技能樹。,,,,,,,
,,,,,,3,,,,,,,,,,
,,,,,,4,,,,,,,,,,
,,,,,,5,,magic_crt_percentage.conditionValue,$skill.id.startsWith('4-1-'),,,,,,,
,,,,,,6,,magic_cd_percentage.conditionValue,$skill.id.startsWith('4-1-'),,,,,,,
,,,,,,7,effect,caption,角色模擬器用(默認技能效率100%)，上方齒輪開啟懲罰係數設定；由於本技能效果僅作用於魔劍技能樹，請僅在計算相關技能傷害時再開啟此buff。,,,,,,,
12,,歷史紀錄,0,2024/04/18,,2,list,text,效果時間為((魔導具武器基礎ATK÷10))秒（最低為10秒）。,,,,,,,
,,,,,,1,text,text,使ATK與MATK產生共鳴而增加，增加的效果時間取決於魔導具ATK。攻擊處於#[衰弱]狀態的敵人時，會獲得暴擊性能的加成。此技能效果僅限魔劍技能樹。,,,,,,,
,,,,,,3,,,,,,,,,,
,,,,,,4,,,,,,,,,,
12,,歷史紀錄,1,2024/04/18,,2,list,text,效果時間為((魔導具武器基礎ATK÷10))秒（最低為10秒）。,,,,,,,
,,,,,,3,,,,,,,,,,
,,,,,,4,,,,,,,,,,
,,,,,,,,,,,,,,,,
13,聯合巨劍,預設/and,法杖,魔導具,,1,text,text,對目標揮舞聯合巨劍（直線型廣範圍攻擊）。法杖無法獲取魔劍強化狀態，故沒有加速效果與再聯合巨劍。,,500 ,12 ,須詠唱,可以放入連擊,極慢,
,,,,,,,,is_mark,1,,,,,,,
,,,,,,,,mark,"再聯合巨劍,聯合巨劍,魔劍強化",,,,,,,
,,,,,,,,skill,附魔爆發,,,,,,,
,,,,,,-,tips,text,無論魔劍強化剩餘幾秒，都能發動加速效果，但若想發動再聯合巨劍，則必須有至少31秒魔劍強化。,,,,,,,
,,,,,,-,list,text,此技能雖然不會顯示詠唱時間條，但在動作期間受到攻擊時卻會出現詠唱#[膽怯]，因此視為詠唱類技能（但仍然是吃行動速度，非詠唱速度）。,,,,,,,
,,,,,,,,,,,,,,,,
,,,,,,-,proration,damage,physical,,,,,,,
,,,,,,2,damage,name,聯合巨劍,,,,,,,
,,,,,,,,constant,500,,,,,,,
,,,,,,,,multiplier,1000+50*SLv,,,,,,,
,,,,,,,,range_damage,1,,,,,,,
,,,,,,,,element,against,,,,,,,
,,,,,,,,type,AOE,,,,,,,
,,,,,,,,effective_area,line,,,,,,,
,,,,,,,,radius,6,,,,,,,
,,,,,,,,move_distance,12,,,,,,,
,,,,,,,,action_frame,289~157,,,,,,,
,,,,,,3,base,type,custom,,,,,,,
,,,,,,,,title,有效(ATK+MATK),,,,,,,
,,,,,,,,caption,[角色ATK+角色MATK+等級差]×(100-目標物理抗性)%-DEF。魔法模式時變更為採計目標魔法抗性與MDEF。,,,,,,,
,,,,,,,,atk_rate,100,,,,,,,
,,,,,,,,matk_rate,100,,,,,,,
,,,,,,,,,,,,,,,,
,,,,,,4,damage,name,再聯合巨劍,,,,,,,
,,,,,,,,constant,500,,,,,,,
,,,,,,,,multiplier,2000+100*SLv,,,,,,,
,,,,,,,,range_damage,1,,,,,,,
,,,,,,,,element,against,,,,,,,
,,,,,,,,type,AOE,,,,,,,
,,,,,,,,effective_area,line,,,,,,,
,,,,,,,,radius,0.5,,,,,,,
,,,,,,,,move_distance,8,,,,,,,
,,,,,,-,base,type,custom,,,,,,,
,,,,,,,,title,有效(ATK+MATK),,,,,,,
,,,,,,,,caption,[角色ATK+角色MATK+等級差]×(100-目標物理抗性)%-DEF。魔法模式時變更為採計目標魔法抗性與MDEF。,,,,,,,
,,,,,,,,atk_rate,100,,,,,,,
,,,,,,,,matk_rate,100,,,,,,,
,,,,,,,,,,,,,,,,
,,,,,,-,extra,condition,通常模式(物理)發動時,,,,,,,
,,,,,,,,caption,必定暴擊,,,,,,,
,,,,,,-,extra,condition,轉化模式(魔法)發動時,,,,,,,
,,,,,,,,caption,無視阻擋,,,,,,,
,,,,,,-,tips,text,注意再聯合的攻擊範圍只有8m。,,,,,,,
,,,,,,-,list,text,對同一目標命中2次時，第一擊即會造成物理/魔法慣性，降低第二擊的傷害。,,,,,,,
,,,,,,-,list,text,加速發動時，聯合巨劍的動作時間為108F(61F)。若緊接著發動再聯合巨劍，兩者的總動作時長為155F(89F)。,,,,,,,
,,,,,,,,mark,"再聯合巨劍,聯合巨劍,魔劍強化",,,,,,,
,,,,,,6,list,text,再聯合的動作時間不受行動速度影響，但可利用其他技能的「下一招技能加速」、或連擊效果#[迅速]加速至50%。,,,,,,,
,,,,,,5,,,,,,,,,,
,,,,,,-,list,text,(更新後未確認)再聯合動作期間內，可免疫所有傷害所附帶之異常狀態，包括紅字異常。,,,,,,,
13,,非預設,雙手劍,,,1,,text,對目標揮舞聯合巨劍（直線型廣範圍攻擊）。雙手劍無法獲取魔劍強化狀態，故沒有加速效果與再聯合巨劍。,,,,,,,
,,,,,,,,,,,,,,,,
13,,非預設,,魔導具,,1,,text,對目標揮舞聯合巨劍（直線型廣範圍攻擊）。若處於附魔爆發的魔劍強化狀態，將消耗其30秒持續時間使此技能迅速發動；若扣除時間後仍處於魔劍強化狀態，並同時按下前方向鍵，則解除魔劍強化狀態的同時，繼續發動再聯合巨劍。,,,,,,,
13,,歷史紀錄,0,2024/04/18,,3,,type,both,,,,,,,
,,,,,,,,title,,,,,,,,
,,,,,,,,caption,,,,,,,,
,,,,,,2,,multiplier,1500+50*SLv,,,,,,,
,,,,,,4,,constant,0,,,,,,,
,,,,,,,,multiplier,3000+100*SLv,,,,,,,
,,,,,,5,,text,在完成拔劍後的動作時間內（也就是加速發動時的動作時間），角色將獲得對所有傷害的減免，減免量為${80+SLv}%。,,,,,,,
13,,歷史紀錄,1,2024/04/18,,3,,type,both,,,,,,,
,,,,,,,,title,,,,,,,,
,,,,,,,,caption,,,,,,,,
,,,,,,2,,multiplier,1500+50*SLv,,,,,,,
,,,,,,4,,constant,0,,,,,,,
,,,,,,,,multiplier,3000+100*SLv,,,,,,,
,,,,,,5,,text,在完成拔劍後的動作時間內（也就是加速發動時的動作時間），角色將獲得對所有傷害的減免，減免量為${80+SLv}%。,,,,,,,
13,,歷史紀錄,2,2024/04/18,,3,,type,both,,,,,,,
,,,,,,,,title,,,,,,,,
,,,,,,,,caption,,,,,,,,
,,,,,,2,,multiplier,1500+50*SLv,,,,,,,
,,,,,,4,,constant,0,,,,,,,
,,,,,,,,multiplier,3000+100*SLv,,,,,,,
,,,,,,5,,text,在完成拔劍後的動作時間內（也就是加速發動時的動作時間），角色將獲得對所有傷害的減免，減免量為${80+SLv}%。,,,,,,,
13,,歷史紀錄,0,2025/04/24,,6,list,text,再聯合的動作時間受行動速度影響。,,,,,,,
13,,歷史紀錄,1,2025/04/24,,6,list,text,再聯合的動作時間受行動速度影響。,,,,,,,
13,,歷史紀錄,2,2025/04/24,,6,list,text,再聯合的動作時間受行動速度影響。,,,,,,,
13,,歷史紀錄,0,2025/09/25,,6,list,text,再聯合的動作時間不受行動速度影響，但可利用連擊效果#[迅速]加速至50%。,,,,,,,
13,,歷史紀錄,1,2025/09/25,,6,list,text,再聯合的動作時間不受行動速度影響，但可利用連擊效果#[迅速]加速至50%。,,,,,,,
13,,歷史紀錄,2,2025/09/25,,6,list,text,再聯合的動作時間不受行動速度影響，但可利用連擊效果#[迅速]加速至50%。,,,,,,,
14,魔法膜,預設,,魔導具,,-,text,text,"魔導具精鍊值將會發揮與盾精鍊值相同的減傷效果。
此外，剩餘的MP越多，受到的物理／魔法傷害越低。",,,,被動,,,
,,,,,,,,is_mark,1,,,,,,,
,,,,,,-,stack,id,1,,,,,,,
,,,,,,,,name,當前MP(格數),,,,,,,
,,,,,,,,max,20,,,,,,,
,,,,,,,,min,0,,,,,,,
,,,,,,,,default,20,,,,,,,
,,,,,,-,passive,name,魔法膜,,,,,,,
,,,,,,,,caption,受到的物理/魔法傷害減輕${5*SLv*(stack/20)}%。,,,,,,,
,,,,,,,,stack_id,1,,,,,,,
,,,,,,-,extra,condition,受到超出自身最大HP的傷害時,,,,,,,
,,,,,,,,caption,有${SLv*10}%機率迴避死亡、HP剩餘1，並使魔法膜的效果中斷120秒，期間內無法再次發動免死效果。,,,,,,,
,,,,,,,,mark,"魔法膜,自身最大HP",,,,,,,
,,,,,,-,list,text,必須單次傷害超過自身HP上限，才能發動免死效果。,,,,,,,
,,,,,,,,mark,HP上限,,,,,,,
,,,,,,,,,,,,,,,,
2,1,舞者,,,,,,,,,,,,,,
0,妖精之舞,預設,單手劍,小刀,,-,stack,name,效果層數,,100 ,,瞬發,可以放入連擊,稍快,
,,,,,,,,id,1,,,,,,,
,,,,,,,,min,0,,,,,,,
,,,,,,,,max,10,,,,,,,
,,,,,,,,default,5,,,,,,,
,,,,,,-,effect,type,none,,,,,,,
,,,,,,,,condition,所有敵人,,,,,,,
,,,,,,,,accuracy,-2*SLv-Math.floor(2+(SLv+2)/3)*(stack-5),%,,,,,,
,,,,,,,,stack_id,1,,,,,,,
,,,,,,,,duration,15,,,,,,,
,,,,,,,,action_frame,92~52,,,,,,,
,,,,,,-,list,text,建議閱讀#[舞者技能說明]。,,,,,,,
0,,非預設,魔導具,魔導具,,,,,,,,,,,,
0,,非預設,拳套,拳套,,,,,,,,,,,,
0,,非預設,旋風槍,,,,,,,,,,,,,
1,激情之舞,預設,單手劍,小刀,,-,stack,name,效果層數,,200 ,,瞬發,可以放入連擊,稍快,
,,,,,,,,id,1,,,,,,,
,,,,,,,,min,0,,,,,,,
,,,,,,,,max,10,,,,,,,
,,,,,,,,default,5,,,,,,,
,,,,,,-,effect,type,none,,,,,,,
,,,,,,,,condition,所有敵人,,,,,,,
,,,,,,,,caption,玩家對其造成部位破壞的傷害（白圈點擊傷害）提高${(2*SLv+(SLv*2-4)*(stack-5))*Math.floor((stack+1)/6)}%。,,,,,,,
,,,,,,,,stack_id,1,,,,,,,
,,,,,,,,duration,15,,,,,,,
,,,,,,,,action_frame,92~52,,,,,,,
,,,,,,-,tips,text,層數<5時，技能無效果。,,,,,,,
,,,,,,-,list,text,建議閱讀#[舞者技能說明]。,,,,,,,
1,,非預設,魔導具,魔導具,,,,,,,,,,,,
1,,非預設,拳套,拳套,,,,,,,,,,,,
1,,非預設,旋風槍,,,,,,,,,,,,,
2,敏捷之舞,預設,單手劍,小刀,,-,stack,name,效果層數,,500 ,,瞬發,可以放入連擊,稍快,
,,,,,,,,id,1,,,,,,,
,,,,,,,,min,0,,,,,,,
,,,,,,,,max,10,,,,,,,
,,,,,,,,default,5,,,,,,,
,,,,,,-,effect,type,none,,,,,,,
,,,,,,,,condition,所有敵人,,,,,,,
,,,,,,,,dodge,-SLv-Math.floor(2+(SLv+2)/3)*(stack-5),%,,,,,,
,,,,,,,,stack_id,1,,,,,,,
,,,,,,,,duration,15,,,,,,,
,,,,,,,,action_frame,92~52,,,,,,,
,,,,,,-,list,text,建議閱讀#[舞者技能說明]。,,,,,,,
2,,非預設,魔導具,魔導具,,,,,,,,,,,,
2,,非預設,拳套,拳套,,,,,,,,,,,,
2,,非預設,旋風槍,,,,,,,,,,,,,
3,魅惑之舞,預設,單手劍,小刀,,-,stack,name,效果層數,,300 ,,瞬發,可以放入連擊,稍快,
,,,,,,,,id,1,,,,,,,
,,,,,,,,min,0,,,,,,,
,,,,,,,,max,10,,,,,,,
,,,,,,,,default,5,,,,,,,
,,,,,,-,effect,type,none,,,,,,,
,,,,,,,,condition,所有敵人,,,,,,,
,,,,,,,,stability,-3*SLv-Math.floor(2+(SLv+2)/3)*(stack-5),%,,,,,,
,,,,,,,,stack_id,1,,,,,,,
,,,,,,,,duration,15,,,,,,,
,,,,,,,,action_frame,92~52,,,,,,,
,,,,,,-,list,text,建議閱讀#[舞者技能說明]。,,,,,,,
3,,非預設,魔導具,魔導具,,,,,,,,,,,,
3,,非預設,拳套,拳套,,,,,,,,,,,,
3,,非預設,旋風槍,,,,,,,,,,,,,
4,援助之舞,預設,單手劍,小刀,,-,text,text,施放成功後，回復全隊MP，若施放後較施放前層數提高，發動完美援助效果；反之則發動失誤援助效果。,,300 ,,瞬發,可以放入連擊,稍快,
,,,,,,,,branch,"完美援助, 失誤援助",,,,,,,
,,,,,,,,is_mark,1,,,,,,,
,,,,,,-,effect,type,none,,,,,,,
,,,,,,,,duration,15,,,,,,,
,,,,,,,,caption,根據技能層數提高或降低，發動不同效果。,,,,,,,
,,,,,,,,action_frame,92~52,,,,,,,
,,,,,,-,stack,name,效果層數(施放後),,,,,,,
,,,,,,,,id,1,,,,,,,
,,,,,,,,min,1,,,,,,,
,,,,,,,,max,10,,,,,,,
,,,,,,,,default,5,,,,,,,
,,,,,,-,heal,name,完美援助,,,,,,,
,,,,,,,,type,mp,,,,,,,
,,,,,,,,target,party,,,,,,,
,,,,,,,,constant,"(10+SLv)*Math.min(5,stack)*2",,,,,,,
,,,,,,,,stack_id,1,,,,,,,
,,,,,,-,heal,name,失誤援助,,,,,,,
,,,,,,,,type,mp,,,,,,,
,,,,,,,,target,party,,,,,,,
,,,,,,,,constant,"(10+SLv)*Math.min(5,stack)",,,,,,,
,,,,,,,,stack_id,1,,,,,,,
,,,,,,-,tips,text,施放後層數>5時，以5做計算。,,,,,,,
,,,,,,-,list,text,建議閱讀#[舞者技能說明]。,,,,,,,
4,,非預設,魔導具,魔導具,,,,,,,,,,,,
4,,非預設,拳套,拳套,,,,,,,,,,,,
4,,非預設,旋風槍,,,,,,,,,,,,,
5,優雅架勢,預設,單手劍,小刀,,-,effect,caption,受到的傷害減輕${SLv*SLv/2}%。,,100 ,,瞬發,可以放入連擊,極慢,
,,,,,,,,duration,1,,,,,,,
,,,,,,,,action_frame,182~163,,,,,,,
,,,,,,,,,,,,,,,,
,,,,,,,,,,,,,,,,
,,,,,,-,extra,caption,異常閃躲+${SLv*SLv/4}%。,,,,,,,
,,,,,,-,extra,caption,自身受攻擊後至少會留下1HP。,,,,,,,
,,,,,,-,extra,caption,自身獲得#[無敵]![4]秒。（263幀）,,,,,,,
,,,,,,,,condition,減輕一次傷害後,,,,,,,
,,,,,,-,list,text,若自身處於任意異常狀態，則無法發動該技能。,,,,,,,
,,,,,,-,list,text,異常閃躲，指受到異常狀態時，有機率立刻解除的能力，與異常抗性為不同判定。,,,,,,,
5,,非預設,魔導具,魔導具,,,,,,,,,,,,
5,,非預設,拳套,拳套,,,,,,,,,,,,
5,,非預設,旋風槍,,,,,,,,,,,,,
6,風花雪月,預設,單手劍,小刀,,-,text,text,對範圍內的對手進行扇舞攻擊，並接著發動鼓舞，回復範圍內隊友HP。,,400 ,3 ,瞬發,可以放入連擊,極慢,
,,,,,,,,branch,"扇舞攻擊, 鼓舞",,,,,,,
,,,,,,,,is_mark,1,,,,,,,
,,,,,,-,proration,damage,physical,,,,,,,
,,,,,,-,damage,name,扇舞攻擊,,,,,,,
,,,,,,,,constant,100,,,,,,,
,,,,,,,,multiplier,150+7.5*SLv,,,,,,,
,,,,,,,,frequency,4,,,,,,,
,,,,,,,,type,AOE,,,,,,,
,,,,,,,,radius,3+0.3*SLv,,,,,,,
,,,,,,,,judgment,separate,,,,,,,
,,,,,,,,title,each,,,,,,,
,,,,,,,,range_damage,1,,,,,,,
,,,,,,,,action_frame,182~97,,,,,,,
,,,,,,-,heal,name,鼓舞,,,,,,,
,,,,,,,,type,hp,,,,,,,
,,,,,,,,target,party,,,,,,,
,,,,,,,,constant,300*SLv,,,,,,,
,,,,,,,,extra_text,自身最大HP,,,,,,,
,,,,,,,,extra_value,0.1+SLv*0.01,,,,,,,
,,,,,,,,frequency,1,,,,,,,
,,,,,,-,list,text,鼓舞會回復以自身為中心，半徑${6+0.6*SLv}m內的所有隊友(包含自己)的HP。,,,,,,,
,,,,,,,,mark,鼓舞,,,,,,,
,,,,,,-,list,text,鼓舞的回復數值是總回復量，會根據受效果的人數平分治療量。,,,,,,,
,,,,,,,,mark,鼓舞,,,,,,,
,,,,,,-,list,text,"發動中，提升${Math.min(20*SLv,100)}%#[膽怯]抗性與${Math.max((SLv-5)*15,0)}%#[翻覆]抗性。",,,,,,,
6,,非預設,魔導具,魔導具,,,,,,,,,,,,
6,,非預設,拳套,拳套,,,,,,,,,,,,
6,,非預設,旋風槍,,,,,,,,,,,,,
3,1,吟遊詩人,,,,,,,,,,,,,,
0,治癒之歌,預設,雙手劍,,,-,text,text,彈奏![治癒之歌]，使自身及光環範圍內所有友軍獲得增益。,,100 ,,瞬發,可以放入連擊,,
,,,,,,,,is_mark,1,,,,,,,
,,,,,,-,effect,type,aura,,,,,,,
,,,,,,,,radius,24,,,,,,,
,,,,,,,,natural_hp_regen_s,10*SLv,%,,,,,,
,,,,,,,,natural_mp_regen_s,5*SLv,%,,,,,,
,,,,,,-,list,text,僅在非戰鬥狀態時生效。,,,,,,,
,,,,,,-,effect,type,none,,,,,,,
,,,,,,,,condition,戰鬥結束時,,,,,,,
,,,,,,,,caption,"恢復HP及MP，恢復量會在所有隊友間分攤。
![HP恢復量]為((戰鬥秒數*${3*SLv}))。
![MP恢復量]為((戰鬥秒數*${SLv}))。",,,,,,,
,,,,,,-,list,text,計算時戰鬥秒數的上限為![30]。,,,,,,,
,,,,,,-,list,text,建議閱讀#[吟遊詩人說明]。,,,,,,,
0,,非預設,弓,,,,,,,,,,,,,
0,,非預設,弩,,,,,,,,,,,,,
0,,非預設,法杖,,,,,,,,,,,,,
0,,非預設,魔導具,魔導具,,,,,,,,,,,,
0,,非預設,拔刀劍,拔刀劍,,,,,,,,,,,,
0,,歷史紀錄,0,2026/02/12,,-,text,text,不再需要疊層，大幅調整效果。,,,,,,,
,,,,,,-,stack,name,效果層數,,,,,,,
,,,,,,,,id,1,,,,,,,
,,,,,,,,default,10,,,,,,,
,,,,,,,,max,10,,,,,,,
,,,,,,-,text,text,每隔![12]秒的時間，增加1層。,,,,,,,
,,,,,,-,effect,duration,900,,,,,,,
,,,,,,,,type,party,,,,,,,
,,,,,,,,natural_hp_regen_s,5*SLv*stack,,,,,,,
,,,,,,,,natural_mp_regen_s,2.5*SLv*stack,,,,,,,
,,,,,,,,stack_id,1,,,,,,,
1,妖精之歌,預設,雙手劍,,,-,text,text,彈奏![妖精之歌]，使自身及光環範圍內所有友軍獲得增益。,,100 ,,瞬發,可以放入連擊,,
,,,,,,,,is_mark,1,,,,,,,
,,,,,,-,effect,type,aura,,,,,,,
,,,,,,,,radius,24,,,,,,,
,,,,,,,,accuracy,5*SLv,%,,,,,,
,,,,,,,,accuracy,10*SLv,,,,,,,
,,,,,,,,dodge,5*SLv,%,,,,,,
,,,,,,,,dodge,10*SLv,,,,,,,
,,,,,,-,extra,condition,發動攻擊時被閃躲,,,,,,,
,,,,,,,,caption,恢復((100%*攻擊MP恢復))的MP。,,,,,,,
,,,,,,-,extra,condition,發動攻擊時被阻擋,,,,,,,
,,,,,,,,caption,恢復((75%*攻擊MP恢復))的MP。,,,,,,,
,,,,,,-,text,text,![命中與迴避的加成]存在![施術者懲罰]，施術者自身受到的效果降低至原數值的((隊伍總人數*25))%。,,,,,,,
,,,,,,-,list,text,建議閱讀#[吟遊詩人說明]。,,,,,,,
1,,非預設,弓,,,,,,,,,,,,,
1,,非預設,弩,,,,,,,,,,,,,
1,,非預設,法杖,,,,,,,,,,,,,
1,,非預設,魔導具,魔導具,,,,,,,,,,,,
1,,非預設,拔刀劍,拔刀劍,,,,,,,,,,,,
1,,歷史紀錄,0,2026/02/12,,-,text,text,不再需要疊層，大幅調整效果。,,,,,,,
,,,,,,-,stack,name,效果層數,,,,,,,
,,,,,,,,id,1,,,,,,,
,,,,,,,,default,10,,,,,,,
,,,,,,,,max,10,,,,,,,
,,,,,,-,text,text,每隔![12]秒的時間，增加1層。,,,,,,,
,,,,,,-,effect,duration,300,,,,,,,
,,,,,,,,type,party,,,,,,,
,,,,,,,,accuracy,2*SLv*stack,%,,,,,,
,,,,,,,,dodge,SLv*stack,%,,,,,,
,,,,,,,,stack_id,1,,,,,,,
,,,,,,,,,,,,,,,,
,,,,,,,,,,,,,,,,
,,,,,,,,,,,,,,,,
2,熱情之歌,預設,雙手劍,,,-,text,text,彈奏![熱情之歌]，使自身及光環範圍內所有友軍獲得增益。,,300 ,,瞬發,可以放入連擊,,
,,,,,,,,is_mark,1,,,,,,,
,,,,,,-,effect,type,aura,,,,,,,
,,,,,,,,radius,24,,,,,,,
,,,,,,,,stronger_against_weaker_element,1.5*SLv,,,,,,,
,,,,,,,,stronger_against_neutral,1.5*SLv,,,,,,,
,,,,,,-,extra,condition,對於鎖定自己的敵人,,,,,,,
,,,,,,,,aggro,30,,,,,,,
,,,,,,-,text,text,![對弱點屬性傷害加成]及![對無屬性傷害加成]存在![施術者懲罰]，施術者自身受到的效果降低至原數值的((隊伍總人數*25))%。,,,,,,,
,,,,,,-,list,text,![對弱點屬性傷害加成]與其他![對屬性傷害%]採疊加。,,,,,,,
,,,,,,-,list,text,建議閱讀#[吟遊詩人說明]。,,,,,,,
2,,非預設,弓,,,,,,,,,,,,,
2,,非預設,弩,,,,,,,,,,,,,
2,,非預設,法杖,,,,,,,,,,,,,
2,,非預設,魔導具,魔導具,,,,,,,,,,,,
2,,非預設,拔刀劍,拔刀劍,,,,,,,,,,,,
2,,歷史紀錄,0,2026/02/12,,-,text,text,不再需要疊層，大幅調整效果。,,,,,,,
,,,,,,-,stack,name,效果層數,,,,,,,
,,,,,,,,id,1,,,,,,,
,,,,,,,,default,10,,,,,,,
,,,,,,,,max,10,,,,,,,
,,,,,,-,text,text,每隔![12]秒的時間，增加1層。,,,,,,,
,,,,,,-,effect,duration,180,,,,,,,
,,,,,,,,stack_id,1,,,,,,,
,,,,,,,,type,party,,,,,,,
,,,,,,-,extra,caption,對屬性傷害+${(0.5+SLv*SLv/100)*stack}%。,,,,,,,
,,,,,,,,condition,以有利屬性攻擊時,,,,,,,
,,,,,,-,extra,caption,對屬性傷害-${(0.5+SLv*SLv/100)*stack}%。,,,,,,,
,,,,,,,,condition,以不利屬性攻擊時,,,,,,,
,,,,,,-,tips,text,該加成疊加在「對○屬性傷害%」上。,,,,,,,
,,,,,,-,list,text,需要使用元素技能或屬性裝備，使攻擊帶有元素屬性，此技能方可生效。,,,,,,,
3,智悟之歌,預設,雙手劍,,,-,text,text,彈奏![智悟之歌]，使自身及光環範圍內所有友軍獲得增益。,,300 ,,瞬發,可以放入連擊,,
,,,,,,,,is_mark,1,,,,,,,
,,,,,,-,effect,type,aura,,,,,,,
,,,,,,,,radius,24,,,,,,,
,,,,,,,,caption,受到的所有傷害減少${2.5*SLv}%。,,,,,,,
,,,,,,-,extra,condition,受到逼退時,,,,,,,
,,,,,,,,caption,被逼退的距離減少${5*SLv}%。,,,,,,,
,,,,,,-,text,text,![減少被逼退的距離]存在![施術者懲罰]，施術者自身受到的效果降低至原數值的((隊伍總人數*25))%。,,,,,,,
,,,,,,-,list,text,建議閱讀#[吟遊詩人說明]。,,,,,,,
3,,非預設,弓,,,,,,,,,,,,,
3,,非預設,弩,,,,,,,,,,,,,
3,,非預設,法杖,,,,,,,,,,,,,
3,,非預設,魔導具,魔導具,,,,,,,,,,,,
3,,非預設,拔刀劍,拔刀劍,,,,,,,,,,,,
3,,歷史紀錄,0,2026/02/12,,-,text,text,不再需要疊層，大幅調整效果。,,,,,,,
,,,,,,-,stack,name,效果層數,,,,,,,
,,,,,,,,id,1,,,,,,,
,,,,,,,,default,10,,,,,,,
,,,,,,,,max,10,,,,,,,
,,,,,,-,text,text,每隔![12]秒的時間，增加1層。,,,,,,,
,,,,,,-,effect,duration,180,,,,,,,
,,,,,,,,type,party,,,,,,,
,,,,,,,,caption,受到的傷害降低${(0.5+SLv*SLv/50)*stack}%。,,,,,,,
,,,,,,,,stack_id,1,,,,,,,
4,生命之歌,預設,雙手劍,,,-,text,text,彈奏![生命之歌]，使自身及光環範圍內所有友軍獲得增益。,,200 ,,瞬發,可以放入連擊,,
,,,,,,,,is_mark,1,,,,,,,
,,,,,,-,effect,type,aura,,,,,,,
,,,,,,,,radius,24,,,,,,,
,,,,,,,,caption,"不支倒地時，免除逼退效果，之後每3秒復活計時會減少${3*SLv}秒。
獲得![生命護盾]保護，詳細效果於下方介紹。",,,,,,,
,,,,,,-,text,text,生命護盾,,,,,,,
,,,,,,-,group,size,5,,,,,,,
,,,,,,,,expansion_default,1,,,,,,,
,,,,,,-,text,text,每![4]秒獲得一層生命護盾，最多![50]層。被敵人鎖定時，改為每![2]秒獲得一層生命護盾。,,,,,,,
,,,,,,,,is_mark,1,,,,,,,
,,,,,,-,text,text,受到百分比傷害時，以減法計算，消耗所有![生命護盾]來減輕受到的百分比傷害，最多能將該次百分比傷害減輕一半。,,,,,,,
,,,,,,-,tips,text,範例1：生命護盾為20層，受到50%的百分比傷害，則會消耗20層生命護盾，將百分比傷害降低至30%。,,,,,,,
,,,,,,-,tips,text,範例2：生命護盾為20層，受到30%的百分比傷害，則會消耗20層生命護盾，將百分比傷害降低至15%。,,,,,,,
,,,,,,-,text,text,受到致命傷害時，若至少擁有一層![生命護盾]，則消耗所有![生命護盾]使HP恢復((最大生命*生命護盾層數*${SLv/10}%))，並免除該次不支倒地。,,,,,,,
,,,,,,-,list,text,建議閱讀#[吟遊詩人說明]。,,,,,,,
4,,非預設,弓,,,,,,,,,,,,,
4,,非預設,弩,,,,,,,,,,,,,
4,,非預設,法杖,,,,,,,,,,,,,
4,,非預設,魔導具,魔導具,,,,,,,,,,,,
4,,非預設,拔刀劍,拔刀劍,,,,,,,,,,,,
4,,歷史紀錄,0,2026/02/12,,-,text,text,不再需要疊層，大幅調整效果。,,,,,,,
,,,,,,-,stack,name,效果層數,,,,,,,
,,,,,,,,id,1,,,,,,,
,,,,,,,,default,10,,,,,,,
,,,,,,,,max,10,,,,,,,
,,,,,,-,text,text,每隔![12]秒的時間，增加1層。,,,,,,,
,,,,,,-,effect,duration,600,,,,,,,
,,,,,,,,type,party,,,,,,,
,,,,,,,,max_hp,50*SLv*stack,,,,,,,
,,,,,,,,max_hp,(1+Math.floor((SLv-1)/3.1)*0.5)*stack,%,,,,,,
,,,,,,,,stack_id,1,,,,,,,
,,,,,,-,extra,condition,狀態層數提升時,,,,,,,
,,,,,,,,caption,回復等同於該次HP上限提升量的HP。,,,,,,,
,,,,,,-,list,text,「HP上限%」提升的部分，以角色基礎HP做計算。,,,,,,,
,,,,,,,,stack_id,1,,,,,,,
5,夢幻之歌,預設,雙手劍,,,-,text,text,彈奏![夢幻之歌]，使自身及光環範圍內所有友軍獲得增益。,,200 ,,瞬發,可以放入連擊,,
,,,,,,,,is_mark,1,,,,,,,
,,,,,,-,effect,type,aura,,,,,,,
,,,,,,,,radius,24,,,,,,,
,,,,,,,,caption,"每隔${11-SLv/2}秒的時間獲得1層![夢幻層數]。
當施放技能時，觸發!B[夢幻]效果。",,,,,,,
,,,,,,,,is_mark,1,,,,,,,
,,,,,,-,heal,name,夢幻,,,,,,,
,,,,,,,,type,mp,,,,,,,
,,,,,,,,extra_text,消耗的夢幻層數,,,,,,,
,,,,,,,,extra_value,100,,,,,,,
,,,,,,-,text,text,"!B[夢幻]效果會計算角色當前MP與MP上限的差值，每![100MP]便消耗一層![夢幻層數]。
剩下的層數會保留並繼續累計。",,,,,,,
,,,,,,-,tips,text,範例：玩家MP上限2000，當前MP為1550，幻夢層數為9層；在施放MP消耗100的技能後，MP會回復至1950，狀態被消耗5層，並保留剩下的4層。,,,,,,,
,,,,,,-,tips,text,關於此技能與!S[回氣]的互動，幻夢的消耗層數計算會在!S[回氣]之後，不會發生浪費。,,,,,,,
,,,,,,-,list,text,建議閱讀#[吟遊詩人說明]。,,,,,,,
5,,非預設,弓,,,,,,,,,,,,,
5,,非預設,弩,,,,,,,,,,,,,
5,,非預設,法杖,,,,,,,,,,,,,
5,,非預設,魔導具,魔導具,,,,,,,,,,,,
5,,非預設,拔刀劍,拔刀劍,,,,,,,,,,,,
5,,歷史紀錄,0,2026/02/12,,-,text,text,改為光環技能，並且回魔效果僅能透過施放技能觸發，不再能透過普通攻擊觸發。,,,,,,,
6,即興演出,預設,,,,-,effect,caption,在![詩人技能]中斷後的![10]秒內使用![即興演奏]，將使詩歌重新演奏，並保留技能被中斷之前![感音增益]的計時。,,100 ,,瞬發,可以放入連擊,快,
,,,,,,,,name,歌曲重啟,,,,,,,
,,,,,,,,type,none,,,,,,,
,,,,,,,,condition,none,,,,,,,
,,,,,,-,effect,name,聲音屏障,,,,,,,
,,,,,,,,type,none,,,,,,,
,,,,,,,,condition,none,,,,,,,
,,,,,,,,caption,"施放技能期間獲得受到的所有傷害降低${10*SLv}%。
技能等級10時，會轉為持續1秒的無敵。",,,,,,,
,,,,,,-,text,text,![聲音屏障]與!S[聲音之幕]的減傷效果無法同時作用，僅取兩者數值中較高者。,,,,,,,
6,,歷史紀錄,0,2020/10/22,,-,text,text,調整自身的MP回復量。,,,,,,,
,,,,,,1,,constant,100+5*SLv,,,,,,,
,,,,,,2,,constant,0,,,,,,,
6,,歷史紀錄,0,2026/02/12,,-,text,text,技能大幅調整，僅保留「重新開始前一次使用的歌唱技能」的效果，並新增減傷效果。,,,,,,,
,,,,,,-,effect,caption,在![詩人技能]被中斷後![12]秒內使用，將使詩歌重新演奏，層數與持續時間回復到中斷前的數值。,,,,,,,
,,,,,,,,is_mark,1,,,,,,,
,,,,,,,,action_frame,61~37,,,,,,,
,,,,,,-,extra,condition,讓詩歌重新演奏時,,,,,,,
,,,,,,,,caption,此技能的MP消耗量額外增加：被重新演奏的技能的消耗MP。,,,,,,,
,,,,,,-,text,text,當自身已使用其他![詩人技能]時，將回復一次MP，回復量會因是否有讓被中斷的詩歌![重新演奏]，而有所不同。,,,,,,,
,,,,,,1,heal,type,mp,,,,,,,
,,,,,,,,constant,90+SLv,,,,,,,
,,,,,,,,name,未使詩歌重新演奏時,,,,,,,
,,,,,,2,heal,type,mp,,,,,,,
,,,,,,,,constant,100+10*SLv,,,,,,,
,,,,,,,,name,使詩歌重新演奏時,,,,,,,
,,,,,,-,list,text,置於連擊中使用時，MP回復量${-100}。,,,,,,,
,,,,,,-,list,text,連續施展![即興演出]，可以使!S[夢幻之歌]的疊層倒數時間減少![1秒]，此效果僅隊伍成員有效。,,,,,,,
7,聲音之幕,預設,,,,-,passive,caption,使用詩人技能期間，自身產生的仇恨值固定為1。,,,,被動,,,
,,,,,,-,passive,name,聲音屏障,,,,,,,
,,,,,,,,caption,受到來自![沒有鎖定自己的敵人]的傷害時，傷害降低((感音增益曲目數*10))%，上限90%。,,,,,,,
,,,,,,-,text,text,![聲音屏障]與!S[即興演奏]的減傷效果無法同時作用，僅取兩者數值中較高者。,,,,,,,
8,節奏衝擊,預設,,,,-,passive,caption,"所有受自身詩人技能影響的隊友（包含聯隊）每累計消耗![300MP]，獲得1層![音波疊層]，最多累積![20層]。
施放此技能時消耗最多![6層]的![音波疊層]，每消耗1層都對目標造成一段傷害。",,0 ,main,瞬發,可以放入連擊,快,
,,,,,,-,proration,damage,magic,,,,,,,
,,,,,,-,damage,name,傷害(每消耗一層),,,,,,,
,,,,,,,,multiplier,100+15*SLv,,,,,,,
,,,,,,,,damage_type,magic,,,,,,,
,,,,,,,,range_damage,long,,,,,,,
,,,,,,-,base,type,both,,,,,,,
,,,,,,-,extra,magic_pierce,10*SLv,,,,,,,
,,,,,,-,list,text,單次施放無論消耗幾層![音波層數]，都只造成一次慣性。,,,,,,,
,,,,,,-,list,text,此技能不受!S[遠程狙擊]影響。,,,,,,,
9,戰鬥樂譜,預設,,,,-,passive,caption,"使用詩人技能期間，若攻擊目標位於武器的射程內，並且自身處於靜止狀態，則會自動發出![攻擊音]進行普通攻擊。
![攻擊音]類似一般的普通攻擊，造成一樣的傷害和慣性，攻擊間隔採用同樣的計算公式。
攻擊間隔在計算時的ASPD會根據技能等級，採用${SLv*10}%的ASPD。",,,,被動,,,
,,,,,,-,list,text,ASPD提供的行動速度會納入計算，但行動速度%提供的行動速度不納入計算。,,,,,,,
,,,,,,-,list,text,![攻擊音]造成的的普通攻擊，不受修改普通攻擊動作的技能影響。,,,,,,,
4,1,徒手戰鬥,,,,,,,,,,,,,,
0,徒手戰鬥要領,預設/and,空手,無裝備,,-,passive,weapon_atk,CLv*SLv/10,,,,被動,,,
,,,,,,-,passive,caption,![氣功]上限為${10+SLv*10+CLv*Math.floor(SLv/10)}層。,,,,,,,
,,,,,,-,list,text,建議閱讀#[徒手技能說明]。,,,,,,,
,,,,,,-,tips,text,此技能數據與角色等級有關，注意調整下方選項內的角色等級以得到正確數值。,,,,,,,
1,聚氣功,預設/and,空手,無裝備,,-,effect,name,聚氣,,100 ,,須蓄力,可以放入連擊,快,1
,,,,,,,,caption,消耗當前自身全部MP，提高![氣功]的層數，並獲得![氣功纏繞]狀態。,,,,,,,
,,,,,,,,is_mark,1,,,,,,,
,,,,,,,,action_frame,122~66,,,,,,,
,,,,,,-,list,text,消耗MP以100MP為單位，例如若自身當前MP為1950，則只會消耗1900。其他技能的節省MP效果、連擊效果，會在這之後計算。,,,,,,,
,,,,,,-,list,text,消耗MP上限為![2000]，即使使用魔力劑超出上限、並使用連擊效果「增幅」使消耗mp加倍，仍舊只消耗2000。,,,,,,,
,,,,,,-,list,text,此技能設置連擊效果為#[「連擊」]時，消費MP量會因此連擊效果減少，但增加的氣功層數不變。,,,,,,,
,,,,,,-,list,text,此技能設置連擊效果為#[「補位」]時，不消費MP但也不提升氣功層數。,,,,,,,
,,,,,,-,list,text,但如果是受到連擊中前面技能的#[補位]效果所節省的MP，則增加的氣功層數不變。,,,,,,,
,,,,,,-,tips,text,例如，角色MP為2000，使用以下連擊：任意100MP技能→法術/終結(補位)→聚氣功(連擊)。則整個連擊實際只消耗![200]MP，卻能獲得相當於消耗![1900]MP的氣功層數。,,,,,,,
,,,,,,-,stack,id,1,,,,,,,
,,,,,,,,min,1,,,,,,,
,,,,,,,,max,20,,,,,,,
,,,,,,,,name,消耗MP（格數）,,,,,,,
,,,,,,-,effect,caption,![氣功]增加${Math.floor(stack*4/3)}層。,,,,,,,
,,,,,,,,stack_id,1,,,,,,,
,,,,,,,,is_mark,1,,,,,,,
,,,,,,-,stack,id,2,,,,,,,
,,,,,,,,min,0,,,,,,,
,,,,,,,,max,CLv+110,,,,,,,
,,,,,,,,name,當前氣功,,,,,,,
,,,,,,,,unit,層,,,,,,,
,,,,,,1,effect,name,氣功纏繞,,,,,,,
,,,,,,,,duration,180,,,,,,,
,,,,,,,,atk,SLv*SLv*SLv*0.01*stack,,,,,,,
,,,,,,,,stability,5*SLv,,,,,,,
,,,,,,,,stack_id,2,,,,,,,
,,,,,,-,list,text,因施放其他![氣功技能]，使氣功層數改變時，![氣功纏繞]的效果也隨之改變。,,,,,,,
,,,,,,-,list,text,建議閱讀#[徒手技能說明]。,,,,,,,
1,,歷史紀錄,0,2019/09/26,,1,,duration,60,,,,,,,
,,,,,,,,atk,SLv*SLv*0.01*stack,,,,,,,
,,,,,,,,stability,0,,,,,,,
2,獅子奮迅,預設/and,空手,無裝備,,-,stack,id,1,,100 ,,須蓄力,可以放入連擊,快,1
,,,,,,,,min,1,,,,,,,
,,,,,,,,max,10,,,,,,,
,,,,,,,,default,10,,,,,,,
,,,,,,,,name,消耗氣功,,,,,,,
,,,,,,,,unit,層,,,,,,,
,,,,,,1,effect,critical_rate,SLv*stack,,,,,,,
,,,,,,,,aspd,-3000+SLv*150,,,,,,,
,,,,,,,,normal_attack_constant,SLv*stack*5,,,,,,,
,,,,,,,,normal_attack_multiplier,SLv*stack*2,,,,,,,
,,,,,,,,duration,30,,,,,,,
,,,,,,,,stack_id,1,,,,,,,
,,,,,,,,action_frame,122~66,,,,,,,
,,,,,,2,list,text,技能狀態中，使用其他![氣功技能]無須進行蓄力。,,,,,,,
,,,,,,3,list,text,狀態中使用其他氣功技能時，當前氣功層數會增加((Floor[30-狀態剩餘秒數]))。,,,,,,,
,,,,,,-,list,text,建議閱讀#[徒手技能說明]。,,,,,,,
2,,歷史紀錄,0,2019/10/24,,-,text,text,提升技能增益、增加與其他![氣功技能]的連續發動效果。,,,,,,,
,,,,,,1,,duration,10,,,,,,,
,,,,,,,,normal_attack_multiplier,SLv*stack,,,,,,,
,,,,,,2,,text,無效果。,,,,,,,
,,,,,,3,,text,無效果。,,,,,,,
,,,,,,,,,,,,,,,,
3,疾風怒濤,預設/and,空手,無裝備,,-,stack,id,1,,100 ,,須蓄力,可以放入連擊,快,1
,,,,,,,,min,1,,,,,,,
,,,,,,,,max,10,,,,,,,
,,,,,,,,default,10,,,,,,,
,,,,,,,,name,消耗氣功,,,,,,,
,,,,,,,,unit,層,,,,,,,
,,,,,,1,effect,aspd,100*SLv*stack,,,,,,,
,,,,,,,,accuracy,SLv*SLv*stack,,,,,,,
,,,,,,,,movement_speed,150,,,,,,,
,,,,,,,,duration,30,,,,,,,
,,,,,,,,attack_mp_recovery,20,,,,,,,
,,,,,,,,stack_id,1,,,,,,,
,,,,,,,,action_frame,61~37,,,,,,,
,,,,,,-,tips,text,移動速度提升僅當角色處於戰鬥狀態時有效。,,,,,,,
,,,,,,2,list,text,技能狀態中，使用其他![氣功技能]無須進行蓄力。,,,,,,,
,,,,,,3,list,text,狀態中使用其他![氣功技能]時，當前![氣功層數]會增加((Floor[30-狀態剩餘秒數]))。,,,,,,,
,,,,,,-,list,text,建議閱讀#[徒手技能說明]。,,,,,,,
3,,歷史紀錄,0,2019/10/24,,-,text,text,提升技能增益、增加與其他氣功技能的連續發動效果。,,,,,,,
,,,,,,1,,duration,10,,,,,,,
,,,,,,,,attack_mp_recovery,0,,,,,,,
,,,,,,2,,text,無效果。,,,,,,,
,,,,,,3,,text,無效果。,,,,,,,
,,,,,,,,,,,,,,,,
4,回復氣功,預設/and,空手,無裝備,,-,text,text,蓄力完畢後，獲得!B[回復氣功]狀態。,,100 ,,須蓄力,可以放入連擊,快,1
,,,,,,,,is_mark,1,,,,,,,
,,,,,,-,stack,id,1,,,,,,,
,,,,,,,,min,1,,,,,,,
,,,,,,,,max,10,,,,,,,
,,,,,,,,default,10,,,,,,,
,,,,,,,,name,消耗氣功,,,,,,,
,,,,,,,,unit,層,,,,,,,
,,,,,,-,effect,name,回復氣功,,,,,,,
,,,,,,,,atk,-100+2.5*SLv,%,,,,,,
,,,,,,,,duration,10*stack,,,,,,,
,,,,,,,,stack_id,1,,,,,,,
,,,,,,,,action_frame,122~66,,,,,,,
,,,,,,-,extra,condition,受到傷害時,,,,,,,
,,,,,,,,caption,當前氣功減少![1]層。,,,,,,,
,,,,,,-,extra,caption,所有類型傷害減輕${Math.floor((4.5+0.5*SLv)*stack)}%。,,,,,,,
,,,,,,-,extra,caption,獲得!B[持續回復]狀態。,,,,,,,
,,,,,,-,heal,name,持續回復,,,,,,,
,,,,,,,,type,hp,,,,,,,
,,,,,,,,extra_text,最大HP,,,,,,,
,,,,,,,,extra_value,0.03,,,,,,,
,,,,,,,,duration,10*stack,,,,,,,
,,,,,,,,cycle,3,,,,,,,
,,,,,,,,frequency,Math.floor(10*stack/3)+1,,,,,,,
,,,,,,,,stack_id,1,,,,,,,
,,,,,,-,list,text,若自身處於#[猛毒]狀態時，將使![持續回復]狀態的回血效果，變更為每3秒損失((當前HP*2%))的HP。,,,,,,,
,,,,,,1,list,text,技能狀態中，使用其他![氣功技能]無須進行蓄力。,,,,,,,
,,,,,,2,list,text,狀態中使用其他氣功技能時，當前氣功層數會增加((Floor[9.9-狀態剩餘秒數÷10]))。,,,,,,,
,,,,,,-,list,text,建議閱讀#[徒手技能說明]。,,,,,,,
4,,歷史紀錄,0,2019/10/24,,-,text,text,提升技能增益、增加與其他氣功技能的連續發動效果。,,,,,,,
,,,,,,1,,text,無效果。,,,,,,,
,,,,,,2,,text,無效果。,,,,,,,
5,獅子奮迅．極,預設/and,空手,無裝備,,-,text,text,提高!S[獅子奮迅]的效果，並使其施展後獲得![怒氣]狀態（疊層型BUFF），狀態期間內每次造成暴擊傷害，會使![怒氣]層數+1，當使用攻擊技能時，消耗最多5層![怒氣]提高該技能威力。,,,,被動,,,
,,,,,,,,is_mark,1,,,,,,,
,,,,,,-,tips,text,![怒氣]狀態的層數上限由!S[聚氣功]、!S[聚氣功．極]的技能等級決定，初始為![10]層，兩者皆滿級時怒氣上限為![30]層。,,,,,,,
,,,,,,-,passive,normal_attack_multiplier,20*SLv,,,,,,,
,,,,,,,,name,(被動)獅子奮迅效果提升,,,,,,,
,,,,,,-,tips,text,該效果在原加成之上疊加。,,,,,,,
,,,,,,-,stack,name,怒氣消耗量,,,,,,,
,,,,,,,,id,1,,,,,,,
,,,,,,,,min,0,,,,,,,
,,,,,,,,max,5,,,,,,,
,,,,,,-,next,name,怒氣,,,,,,,
,,,,,,,,total_damage_B,stack*SLv,,,,,,,
,,,,,,,,condition,下一招攻擊技能,,,,,,,
,,,,,,,,stack_id,1,,,,,,,
,,,,,,-,list,text,狀態時間為無限，直到次數被消耗完畢，但是若發動了!S[回復氣功]，則效果會直接結束。,,,,,,,
6,疾風怒濤．極,預設/and,空手,無裝備,,-,text,text,提高!S[疾風怒濤]的效果，並使其施展後額外獲得：下個技能#[MP消耗減半]的效果。,,,,被動,,,
,,,,,,,,is_mark,1,,,,,,,
,,,,,,-,passive,physical_pierce,25,,,,,,,
,,,,,,,,evasion_count,Math.floor(SLv/5),,,,,,,
,,,,,,,,name,(被動)疾風怒濤效果提升,,,,,,,
,,,,,,-,extra,caption,物理追擊的發動機率+![25%]。,,,,,,,
,,,,,,-,extra,caption,閃躲次數回復2次。,,,,,,,
,,,,,,,,condition,獲得狀態時,,,,,,,
,,,,,,-,list,text,閃躲次數上限提升效果，除非角色換地圖或死亡，否則發動過一次!S[疾風怒濤]後便會一直存在，狀態結束後亦然。,,,,,,,
,,,,,,-,next,caption,#[MP消耗減半]。,,,,,,,
,,,,,,,,condition,下一招非徒手技能,,,,,,,
,,,,,,-,list,text,狀態時間為無限，僅在下次使用非徒手技能才會結束狀態；但是若發動了!S[回復氣功]，則效果會直接結束。,,,,,,,
,,,,,,-,tips,text,僅有技能等級Lv10數據。,,,,,,,
,,,,,,,,,,,,,,,,
7,鬪志衝撞,預設/and,空手,無裝備,,-,passive,caption,與敵人![互為恨意目標]時，來自對方的任意類型傷害會減輕${SLv}%。,,,,被動,,,
,,,,,,-,extra,condition,!S[回復氣功]狀態中,,,,,,,
,,,,,,,,caption,受到傷害時，有約${Math.floor(2.5*SLv)}%機率不消耗氣功層數。,,,,,,,
8,聚氣功．極,預設/and,空手,無裝備,,-,passive,attack_mp_recovery,Math.floor((SLv+1)/2),,,,被動,,,
,,,,,,-,extra,caption,令「使用非徒手技能樹的技能時，損耗((當前氣功*20%))」的負面效果，減輕${SLv}%。,,,,,,,
9,驚天動地,預設/and,空手,無裝備,,-,text,text,未發動此技能時，每實際獲得一層![氣功層數]，會獲得等量的![真氣流轉]層數。發動此技能時消費所有![真氣流轉]層數，將其轉化為等量的![氣功層數]，並進入![驚天動地]狀態。,,100 ,,瞬發,可以放入連擊,快,
,,,,,,,,is_mark,1,,,,,,,
,,,,,,-,list,text,即使![真氣流轉]層數為0，也能獲取![驚天動地]狀態。,,,,,,,
,,,,,,-,list,text,當發動!S[回復氣功]時，會立刻解除![驚天動地]狀態（下述的MP回復效果仍會發動），同時也無法發動本技能。,,,,,,,
,,,,,,-,stack,id,1,,,,,,,
,,,,,,,,name,真氣流轉層數,,,,,,,
,,,,,,,,default,26,,,,,,,
,,,,,,,,min,0,,,,,,,
,,,,,,-,effect,name,驚天動地,,,,,,,
,,,,,,,,physical_pierce,"SLv*2+Math.max(0,SLv-5)",,,,,,,
,,,,,,,,stability,SLv,,,,,,,
,,,,,,,,physical_barrier,SLv*CLv+stack*2*SLv,,,,,,,
,,,,,,,,magical_barrier,SLv*CLv+stack*2*SLv,,,,,,,
,,,,,,,,stack_id,1,,,,,,,
,,,,,,,,stronger_against_neutral,2*SLv+Math.floor(CLv/10),,,,,,,
,,,,,,,,stronger_against_fire,2*SLv+Math.floor(CLv/10),,,,,,,
,,,,,,,,stronger_against_water,2*SLv+Math.floor(CLv/10),,,,,,,
,,,,,,,,stronger_against_earth,2*SLv+Math.floor(CLv/10),,,,,,,
,,,,,,,,stronger_against_wind,2*SLv+Math.floor(CLv/10),,,,,,,
,,,,,,,,stronger_against_light,2*SLv+Math.floor(CLv/10),,,,,,,
,,,,,,,,stronger_against_dark,2*SLv+Math.floor(CLv/10),,,,,,,
,,,,,,,,,,,,,,,,
,,,,,,-,extra,caption,變更普通攻擊動作，變為三連擊。,,,,,,,
,,,,,,,,,（動作時間幀數：75~63F）,,,,,,,
,,,,,,-,tips,text,此技能數據與角色等級有關，注意調整下方選項內的角色等級以得到正確數值。,,,,,,,
,,,,,,-,list,text,與普通的屏障相同，抵擋一次傷害後便會消失，無論該傷害的高低。,,,,,,,
,,,,,,-,list,text,發動此技能時，![真氣流轉]層數轉化為![氣功層數]的部分，不會立即影響角色ATK(氣功纏繞效果)，需要令![氣功層數]有所改變後重新計算狀態，才能使之正常。,,,,,,,
,,,,,,-,text,text,此技能發動中，每消費一層![氣功層數]，![真氣流轉]層數亦會提升一層，再次使用此技能時解除![驚天動地]效果並使![真氣流轉]層數歸零，並根據此時的![真氣流轉]層數回復MP。,,,,,,,
,,,,,,,,is_mark,1,,,,,,,
,,,,,,-,list,text,MP回復量=((真氣流轉層數*${SLv})),,,,,,,
,,,,,,-,list,text,使用氣功技能、使用非徒手技能導致的氣功損耗，皆會提升真氣流轉層數。,,,,,,,
10,起死回生,預設/and,空手,無裝備,,-,text,text,若在![未發動]!S[回復氣功]時受到傷害使HP耗盡，有![50%]機率迴避死亡並回復HP，同時自動進入!S[回復氣功]狀態。發動後一段時間內無法再次發動。,,,,被動,,,
,,,,,,,,is_mark,1,,,,,,,
,,,,,,-,heal,name,起死回生,,,,,,,
,,,,,,,,extra_text,角色最大HP,,,,,,,
,,,,,,,,extra_value,SLv*SLv/100,,,,,,,
,,,,,,,,type,hp,,,,,,,
,,,,,,-,list,text,此效果發動的!S[回復氣功]層數取決於當前![氣功層數]，因此必須持有至少1層![氣功層數]，才能觸發此效果。,,,,,,,
,,,,,,-,list,text,冷卻時間未顯示於畫面，難以測試。,,,,,,,
11,自我韜晦,預設/and,空手,無裝備,,-,text,text,習得後獲得阻擋與閃躲的被動強化，並可於EX技能裝備3個鍛晶，這些鍛晶將於發動!S[獅子奮迅]／!S[疾風怒濤]／!S[回復氣功]時使其能力生效。,,,,EX技能,,,
,,,,,,,,is_mark,1,,,,,,,
,,,,,,-,list,text,每個技能只會使3個鍛晶中的2個生效，生效的鍛晶為在EX技能介面中，該技能位置的左右兩者。,,,,,,,
,,,,,,-,list,text,只能裝備![武器鍛晶](紅色)與![通用鍛晶](藍色)，以及他們的![強化鍛晶]。![強化鍛晶]裝備時無須先放置前置鍛晶，可直接裝備。,,,,,,,
,,,,,,-,list,text,選擇的鍛晶不會消耗，仍然存在於背包內。但若將其移出背包，將變回未裝備狀態。,,,,,,,
,,,,,,,,,,,,,,,,
,,,,,,-,passive,base_guard_power,500*SLv,,,,,,,
,,,,,,,,base_guard_regenerate,5+2*SLv,,,,,,,
,,,,,,,,evasion_count,"[2,2,3,3,4,4,4,5,5,6][SLv-1]",,,,,,,
,,,,,,,,base_evasion_regenerate,0.01*SLv,,,,,,,
,,,,,,-,extra,caption,令「使用非徒手技能樹的技能時，損耗((當前氣功*20%))」的負面效果，減輕![5%]。,,,,,,,
,,,,,,-,list,text,所以當點滿此技能與!S[聚氣功．極]之後，使用非徒手技能只會損耗5%氣功。,,,,,,,
,,,,,,-,tips,text,氣功損耗減輕的效果，僅有LV10之數據。,,,,,,,
5,1,忍者技能,,,,,,,,,,,,,,
0,忍術,預設,,,,-,text,text,此技能分為主動釋放的忍術、與被動效果兩部分。,,100 ,12 ,須詠唱,無法放入連擊,,"2.75-Math.min(5,SLv)/4-Math.max(0,SLv-5)/5"
,,,,,,,,is_mark,1,,,,,,,
,,,,,,-,passive,caption,令角色可以使用![卷軸]技能，並獲得製作![卷軸]的能力。,,,,,,,
,,,,,,-,list,text,![卷軸]中的技能，將適用此技能等級。,,,,,,,
,,,,,,-,list,text,![製作卷軸]需從EX技能進入介面，選取三類不同種類的武器後，將生成卷軸。,,,,,,,
,,,,,,-,list,text,若只為了製作卷軸，此技能的技能等級只需1級即可。,,,,,,,
,,,,,,,,,,,,,,,,
,,,,,,-,list,text,建議參考#[卷軸製作說明]。,,,,,,,
,,,,,,-,effect,name,(主動效果)忍術,,,,,,,
,,,,,,,,caption,施展![忍術表]中的隨機一種#[忍術技能]。,,,,,,,
,,,,,,-,list,text,技能的實際射程，為被發動的技能之原始射程限制，與本技能的12m射程限制中，取距離較短者。<br>若技能可強化且滿足條件，會自動發動強化版。,,,,,,,
,,,,,,-,list,text,詠唱時間不受CSPD影響、無法被卷軸屬性縮短。,,,,,,,
,,,,,,-,list,text,忍術技能效果請參閱「其他」分類下的![忍術表]。,,,,,,,
1,忍道,預設,,,,-,passive,dodge,SLv,,,,被動,,,
,,,,,,,,aggro,-0,,,,,,,
,,,,,,-,extra,condition,此技能等級10時,,,,,,,
,,,,,,,,caption,裝備忍術卷軸，將不會使!S[雙手合持]失效。,,,,,,,
,,,,,,-,tips,text,仇恨降低量未知。,,,,,,,
2,忍術鍛鍊Ⅰ,預設,,,,-,passive,caption,強化忍術技能。,,,,被動,,,
,,,,,,-,list,text,具體強化效果參閱各#[忍術技能]的技能頁面。,,,,,,,
,,,,,,-,list,text,忍術鍛鍊I、II的強化幅度完全相同，強化效果皆是以兩技能合計等級作計算。,,,,,,,
3,忍術鍛鍊Ⅱ,預設,,,,-,passive,caption,強化忍術技能。,,,,被動,,,
,,,,,,-,list,text,具體強化效果參閱各#[忍術技能]的技能頁面。,,,,,,,
,,,,,,-,list,text,忍術鍛鍊I、II的強化幅度完全相同，強化效果皆是以兩技能合計等級作計算。,,,,,,,
6,1,游擊隊技能,,,,,,,,,,,,,,
0,L迴旋鏢,預設,雙手劍,,,-,text,text,向目標丟擲迴旋鏢I，對鎖定目標造成傷害。迴旋鏢在到達最大射程後會返回，若鎖定目標在其返回路徑上，則會再次受到傷害。,,200 ,10 ,瞬發,可以放入連擊,快,
,,,,,,,,is_mark,1,,,,,,,
,,,,,,,,mark,迴旋鏢I,,,,,,,
,,,,,,-,list,text,習得後，角色會常駐迴旋鏢狀態，發動任意迴旋鏢技能時會使狀態暫時消失，期間再使用任意迴旋鏢技能將無法攻擊。,,,,,,,
,,,,,,,,mark,"迴旋鏢技能,迴旋鏢",,,,,,,
,,,,,,-,list,text,習得L迴旋鏢II、L迴旋鏢III時，提升本技能傷害。,,,,,,,
,,,,,,,,skill,"L迴旋鏢III,L迴旋鏢II",,,,,,,
,,,,,,-,stack,name,L迴旋鏢II技能等級,,,,,,,
,,,,,,,,min,0,,,,,,,
,,,,,,,,max,10,,,,,,,
,,,,,,,,default,10,,,,,,,
,,,,,,,,id,0,,,,,,,
,,,,,,,,value,getSkillLevel('4-6-1'),,,,,,,
,,,,,,-,stack,name,L迴旋鏢III技能等級,,,,,,,
,,,,,,,,min,0,,,,,,,
,,,,,,,,max,10,,,,,,,
,,,,,,,,default,10,,,,,,,
,,,,,,,,id,1,,,,,,,
,,,,,,,,value,getSkillLevel('4-6-2'),,,,,,,
,,,,,,-,proration,damage,normal_attack,,,,,,,
,,,,,,-,damage,name,迴旋鏢I,,,,,,,
,,,,,,,,constant,200,,,,,,,
,,,,,,,,multiplier,"250+25*SLv+Math.min(stack[0],1)*250+stack[0]*25+Math.min(stack[1],1)*250+stack[1]*25+$BDEX",,,,,,,
,,,,,,,,stack_id,"0,1",,,,,,,
,,,,,,,,range_damage,0,,,,,,,
,,,,,,,,action_frame,61~37,,,,,,,
,,,,,,-,list,text,迴旋鏢I最大飛行距離為10m，撞到牆壁會消失不返回。,,,,,,,
,,,,,,-,list,text,迴旋鏢I若有返回自身，回復100MP。,,,,,,,
1,L迴旋鏢II,預設,雙手劍,,,-,text,text,後退5m的同時向目標丟擲迴旋鏢II，對鎖定目標造成傷害。迴旋鏢在到達最大射程後會返回，若鎖定目標在其返回路徑上，則會再次受到傷害。,,100 ,24 ,瞬發,可以放入連擊,快,
,,,,,,,,is_mark,1,,,,,,,
,,,,,,,,mark,"迴旋鏢II,迴旋鏢",,,,,,,
,,,,,,-,list,text,習得後，角色會常駐迴旋鏢狀態，發動任意迴旋鏢技能時會使狀態暫時消失，期間再使用任意迴旋鏢技能將無法攻擊。,,,,,,,
,,,,,,,,mark,"迴旋鏢技能,迴旋鏢",,,,,,,
,,,,,,-,list,text,習得L迴旋鏢、L迴旋鏢III時，提升本技能傷害。,,,,,,,
,,,,,,,,skill,"L迴旋鏢III,L迴旋鏢",,,,,,,
,,,,,,-,stack,name,L迴旋鏢技能等級,,,,,,,
,,,,,,,,min,5,,,,,,,
,,,,,,,,max,10,,,,,,,
,,,,,,,,default,10,,,,,,,
,,,,,,,,id,0,,,,,,,
,,,,,,,,value,getSkillLevel('4-6-0'),,,,,,,
,,,,,,-,stack,name,L迴旋鏢III技能等級,,,,,,,
,,,,,,,,min,0,,,,,,,
,,,,,,,,max,10,,,,,,,
,,,,,,,,default,10,,,,,,,
,,,,,,,,id,1,,,,,,,
,,,,,,,,value,getSkillLevel('4-6-2'),,,,,,,
,,,,,,-,proration,damage,normal_attack,,,,,,,
,,,,,,-,damage,name,迴旋鏢II,,,,,,,
,,,,,,,,constant,100,,,,,,,
,,,,,,,,multiplier,"(250+25*SLv+Math.min(stack[0],1)*250+stack[0]*25+Math.min(stack[1],1)*250+stack[1]*25)/2+$BDEX*0.5",,,,,,,
,,,,,,,,stack_id,"0,1",,,,,,,
,,,,,,,,range_damage,0,,,,,,,
,,,,,,,,action_frame,61~37,,,,,,,
,,,,,,-,list,text,迴旋鏢II最大飛行距離為12m（後退結束後的位置起算），撞到牆壁會消失。,,,,,,,
,,,,,,-,list,text,迴旋鏢II可以鎖定遠達24m的目標，但飛行距離僅12m，距離過遠會落空；目標不移動前提下，起跳時距離目標需小於等於7m才能造成傷害。,,,,,,,
,,,,,,,,,,,,,,,,
2,L迴旋鏢III,預設,雙手劍,,,-,text,text,向目標丟擲迴旋鏢III，對鎖定目標造成傷害。迴旋鏢在到達最大射程後會返回，若鎖定目標在其返回路徑上，則會再次受到傷害。,,400 ,10 ,瞬發,可以放入連擊,快,
,,,,,,,,is_mark,1,,,,,,,
,,,,,,,,mark,"迴旋鏢III,迴旋鏢",,,,,,,
,,,,,,-,list,text,習得後，角色會常駐迴旋鏢狀態，發動任意迴旋鏢技能時會使狀態暫時消失，期間再使用任意迴旋鏢技能將無法攻擊。,,,,,,,
,,,,,,,,mark,"迴旋鏢技能,迴旋鏢",,,,,,,
,,,,,,-,list,text,習得L迴旋鏢、L迴旋鏢II時，提升本技能傷害。,,,,,,,
,,,,,,,,skill,"L迴旋鏢II,L迴旋鏢",,,,,,,
,,,,,,-,stack,name,L迴旋鏢技能等級,,,,,,,
,,,,,,,,min,5,,,,,,,
,,,,,,,,max,10,,,,,,,
,,,,,,,,default,10,,,,,,,
,,,,,,,,id,0,,,,,,,
,,,,,,,,value,getSkillLevel('4-6-0'),,,,,,,
,,,,,,-,stack,name,L迴旋鏢II技能等級,,,,,,,
,,,,,,,,min,0,,,,,,,
,,,,,,,,max,10,,,,,,,
,,,,,,,,default,10,,,,,,,
,,,,,,,,id,1,,,,,,,
,,,,,,,,value,getSkillLevel('4-6-1'),,,,,,,
,,,,,,-,proration,damage,normal_attack,,,,,,,
,,,,,,-,damage,name,迴旋鏢III,,,,,,,
,,,,,,,,constant,400,,,,,,,
,,,,,,,,multiplier,"250+25*SLv+Math.min(stack[0],1)*250+stack[0]*25+Math.min(stack[1],1)*250+stack[1]*25+$BDEX",,,,,,,
,,,,,,,,stack_id,"0,1",,,,,,,
,,,,,,,,range_damage,0,,,,,,,
,,,,,,,,action_frame,61~37,,,,,,,
,,,,,,-,extra,physical_pierce,5*SLv,,,,,,,
,,,,,,-,extra,critical_rate,10*SLv,,,,,,,
,,,,,,-,list,text,迴旋鏢III最大飛行距離為10m、會追蹤目標、撞到牆壁不會消失。,,,,,,,
,,,,,,,,,,,,,,,,
3,N龍牙擊,預設,旋風槍,,,-,text,text,對目標施展尼諾式龍牙擊，如同通常的龍牙擊一般躍向目標造成兩次傷害後，返回原先位置。,,500 ,main,瞬發,,一般,
,,,,,,,,is_mark,1,,,,,,,
,,,,,,,,mark,尼諾式龍牙擊,,,,,,,
,,,,,,,,skill,龍牙擊,,,,,,,
,,,,,,-,tips,text,與原版龍牙擊不同的是，此技能射程跟隨武器(即通常為3.5m)。,,,,,,,
,,,,,,-,list,text,習得龍牙擊後可提高此技能威力。,,,,,,,
,,,,,,,,skill,龍牙擊,,,,,,,
,,,,,,-,stack,name,龍牙擊技能等級,,,,,,,
,,,,,,,,min,0,,,,,,,
,,,,,,,,max,10,,,,,,,
,,,,,,,,default,10,,,,,,,
,,,,,,,,id,0,,,,,,,
,,,,,,,,value,getSkillLevel('0-5-4'),,,,,,,
,,,,,,-,proration,damage,physical,,,,,,,
,,,,,,-,damage,name,尼諾式龍牙擊（第一擊）,,,,,,,
,,,,,,,,constant,0,,,,,,,
,,,,,,,,multiplier,75*SLv,,,,,,,
,,,,,,,,action_frame,122~66,,,,,,,
,,,,,,-,extra,physical_pierce,10*SLv,,,,,,,
,,,,,,-,damage,name,尼諾式龍牙擊（第二擊）,,,,,,,
,,,,,,,,constant,0,,,,,,,
,,,,,,,,multiplier,75*stack,,,,,,,
,,,,,,,,stack_id,0,,,,,,,
,,,,,,-,extra,physical_pierce,10*SLv,,,,,,,
,,,,,,-,next,condition,下一個攻擊技能,,,,,,,
,,,,,,,,physical_pierce,2*SLv,,,,,,,
,,,,,,-,tips,text,非攻擊技能不會消耗掉狀態。,,,,,,,
4,療傷射擊,預設,弓,,,-,text,text,消耗自身${25-2*SLv}%HP（最低消耗100），向16m內且距離最遠的隊友發射直線方向的!B[回復箭]。,,0 ,-,瞬發,不可放入連擊的第一招,快,
,,,,,,,,is_mark,1,,,,,,,
,,,,,,-,list,text,回復箭為範圍效果，箭射程上的所有隊友均可獲得增益，有效範圍為：以自身為中心畫半徑2m的圓，然後向目標方向延伸至16m距離。,,,,,,,
,,,,,,1,heal,name,回復箭,,,,,,,
,,,,,,,,type,hp,,,,,,,
,,,,,,,,duration,10,,,,,,,
,,,,,,,,cycle,2,,,,,,,
,,,,,,,,frequency,5,,,,,,,
,,,,,,,,constant,50*SLv,,,,,,,
,,,,,,,,extra_text,受影響目標的最大HP,,,,,,,
,,,,,,,,extra_value,0.01*Math.floor((SLv+2)/3),,,,,,,
,,,,,,-,list,text,（未確認）對於傭兵、寵物，此技能無法給予持續回復狀態，僅能造成單次回復。,,,,,,,
4,,非預設,弩,,,1,heal,duration,5,,,,,,,
,,,,,,,,cycle,1,,,,,,,
5,磨箭,預設,弓,,,-,text,text,強化下![1]次的一般攻擊。,,100 ,,瞬發,可以放入連擊,快,
,,,,,,,,is_mark,1,,,,,,,
,,,,,,-,effect,name,磨箭,,,,,,,
,,,,,,,,condition,下一次一般攻擊,,,,,,,
,,,,,,,,physical_pierce,"Math.max(SLv,$BSTR*0.02*SLv)",,,,,,,
,,,,,,,,critical_damage,"Math.max(SLv,$BDEX*0.04*SLv)",%,,,,,,
,,,,,,,,motion_speed,"Math.max(SLv,$BAGI*0.01*SLv)",%,,,,,,
,,,,,,,,action_frame,35~35,,,,,,,
,,,,,,-,reference,url_text,Phantom Library測試,,,,,,,
,,,,,,,,url,https://docs.google.com/document/d/12NxC3bVWFotQh7XZgtqBRFo87SQzNtE--UvyQxMJoLc,,,,,,,
5,,非預設,弩,,,,,,,,,,,,,
6,生存本能,預設,弓,,,-,text,text,隊伍中有成員死亡時，自身發動![生存本能]效果。,,,,被動,,,
,,,,,,,,is_mark,1,,,,,,,
,,,,,,-,list,text,玩家與寵物可發動此技能，但傭兵不行。,,,,,,,
,,,,,,-,effect,condition,當隊伍成員體力耗盡倒地時,,,,,,,
,,,,,,,,duration,20,,,,,,,
,,,,,,,,max_hp,500*SLv,,,,,,,
,,,,,,,,max_hp,SLv,%,,,,,,
,,,,,,-,extra,condition,獲得狀態時,,,,,,,
,,,,,,,,caption,回復與HP上限提升量相同的HP,,,,,,,
,,,,,,-,extra,condition,受到百分比傷害時,,,,,,,
,,,,,,,,caption,減輕${Math.floor(2.5*SLv)}%傷害。,,,,,,,
,,,,,,-,list,text,諸如無悔殺意、變時神術等特殊的死亡方式將無法觸發此技能效果。,,,,,,,
6,,非預設,弩,,,,,,,,,,,,,
7,前線維持,預設,,,,-,text,text,發動後獲得!B[前線維持]狀態，對目標造成仇恨同時提升恨意值%。,,100 ,,瞬發,可以放入連擊,快,
,,,,,,,,is_mark,1,,,,,,,
,,,,,,-,stack,name,除自身外，未被鎖定的隊員人數,,,,,,,
,,,,,,,,id,1,,,,,,,
,,,,,,,,min,0,,,,,,,
,,,,,,,,max,3,,,,,,,
,,,,,,,,default,3,,,,,,,
,,,,,,-,tips,text,傭兵、寵物、NPC不計入人數。,,,,,,,
,,,,,,-,effect,name,前線維持,,,,,,,
,,,,,,,,duration,60,,,,,,,
,,,,,,,,physical_barrier,100*SLv*stack,,,,,,,
,,,,,,,,stack_id,1,,,,,,,
,,,,,,,,aggro,2*SLv,,,,,,,
,,,,,,,,action_frame,61~37,,,,,,,
,,,,,,-,extra,caption,對所有敵人額外造成大約${100+15*SLv}的固定仇恨值。,,,,,,,
,,,,,,-,list,text,重複施放此技能時，需等待屏障冷卻時間經過，才能重新獲得屏障值。,,,,,,,
,,,,,,-,list,text,此技能仇恨判定屬於群體BUFF型，對於尚未造成初次仇恨的目標亦能建立仇恨。,,,,,,,
8,前線維持II,預設,,,,-,passive,max_hp,10*(SLv*10+CLv),,,,被動,,,
,,,,,,-,extra,caption,使前線維持發動時，同時獲得魔法屏障，屏障數值與物理屏障相同。,,,,,,,
,,,,,,-,tips,text,此技能數據與角色等級有關，注意調整下方選項內的角色等級以得到正確數值。,,,,,,,
7,1,死靈法術,,,,,,,,,,,,,,
0,掘墓人,預設,法杖,,,-,text,text,在自身當前位置上放置半徑3m的墓地，處於墓地內可累計死靈疊加。,,100 ,,瞬發,可以放入連擊,,
,,,,,,,,is_mark,1,,,,,,,
,,,,,,,,mark,"墓地,死靈疊加",,,,,,,
,,,,,,-,stack,id,1,,,,,,,
,,,,,,,,min,1,,,,,,,
,,,,,,,,max,99,,,,,,,
,,,,,,,,name,死靈疊加,,,,,,,
,,,,,,,,default,1,,,,,,,
,,,,,,1,effect,name,墓地,,,,,,,
,,,,,,,,is_place,1,,,,,,,
,,,,,,,,type,self,,,,,,,
,,,,,,,,condition,在墓地範圍內時,,,,,,,
,,,,,,,,attack_mp_recovery,(SLv/10)*stack,%,,,,,,
,,,,,,,,stack_id,1,,,,,,,
,,,,,,,,ailment_resistance,(SLv/20)*stack,,,,,,,
,,,,,,,,action_frame,61~37,,,,,,,
,,,,,,-,extra,condition,在墓地範圍內時,,,,,,,
,,,,,,,,caption,每${1}秒累積一層死靈疊加。,,,,,,,
,,,,,,-,extra,condition,離開墓地範圍時,,,,,,,
,,,,,,,,caption,每${20}秒損失一層死靈疊加。,,,,,,,
,,,,,,-,list,text,墓地範圍可被優質產具技能擴大，不過顯示的特效大小不會變。,,,,,,,
,,,,,,,,skill,優質產具,,,,,,,
,,,,,,-,list,text,此技能的異常抗性與通常的異常抗性不疊加，分開判定。,,,,,,,
,,,,,,,,,,,,,,,,
0,,非預設,,,,1,effect,caption,每${11-SLv}秒累積一層死靈疊加。,,,,,,,
,,,,,,,,ailment_resistance,,,,,,,,
,,,,,,,,attack_mp_recovery,,%,,,,,,
1,幻靈飛彈,預設,法杖,,,-,text,text,消耗死靈疊加(最多10層)發射幻靈飛彈，死靈疊加消耗越多則發射次數越多，且每發飛彈暴擊時，後續飛彈的傷害會提升。,,500 ,12 ,須詠唱,可以放入連擊,,0.5
,,,,,,,,is_mark,1,,,,,,,
,,,,,,,,mark,"死靈疊加,幻靈飛彈",,,,,,,
,,,,,,-,stack,id,0,,,,,,,
,,,,,,,,min,1,,,,,,,
,,,,,,,,max,10,,,,,,,
,,,,,,,,name,消耗死靈疊加,,,,,,,
,,,,,,,,default,10,,,,,,,
,,,,,,-,proration,damage,magic,,,,,,,
,,,,,,-,damage,constant,500,,,,,,,
,,,,,,,,multiplier,100,,,,,,,
,,,,,,,,stack_id,0,,,,,,,
,,,,,,,,damage_type,magic,,,,,,,
,,,,,,,,title,each,,,,,,,
,,,,,,,,judgment,separate,,,,,,,
,,,,,,,,frequency,stack,,,,,,,
,,,,,,,,cycle,1,,,,,,,
,,,,,,,,duration,stack-1,,,,,,,
,,,,,,,,is_place,1,,,,,,,
,,,,,,,,range_damage,0,,,,,,,
,,,,,,,,action_frame,61~37,,,,,,,
,,,,,,-,damage_stat,id,magic_crt,,,,,,,
,,,,,,,,override_id,critical_rate,,,,,,,
,,,,,,-,extra,caption,暴擊後下一次倍率提升${SLv*10}，故滿級全暴擊總倍率為5500。,,,,,,,
,,,,,,-,list,text,此技能為魔法傷害，使用魔法暴擊傷害、魔法穩定，唯暴擊率依物理暴擊率計算。,,,,,,,
,,,,,,,,mark,物理暴擊率,,,,,,,
2,盜血,預設,法杖,,,-,effect,name,盜血,,400 ,main,瞬發,可以放入連擊,,
,,,,,,,,duration,12*SLv,,,,,,,
,,,,,,,,ailment_name,膽怯,,,,,,,
,,,,,,,,ailment_chance,20*($BVIT/50),,,,,,,
,,,,,,,,action_frame,61~37,,,,,,,
,,,,,,,,type,target,,,,,,,
,,,,,,,,end_condition,直到技能時間結束或目標死亡,,,,,,,
,,,,,,,,caption,自身對目標造成的所有傷害都會獲得吸血效果，但也會將敵人的狀態異常一同吸收。,,,,,,,
,,,,,,-,extra,caption,吸血量為傷害值的10%。,,,,,,,
,,,,,,-,extra,caption,有((20*FLOOR[基礎VIT/50])的機率附加#[膽怯]。,,,,,,,
,,,,,,-,extra,caption,異常狀態吸收機率為?%。,,,,,,,
,,,,,,-,list,text,施放後與目標之間會有紅線連接作為提示。,,,,,,,
,,,,,,-,list,text,若與目標距離大於等於8m時，狀態剩餘時間會立即除以10，不過若再回到8m內，則剩餘時間又會乘以10回去。,,,,,,,
,,,,,,-,list,text,「吸收敵人的狀態異常」似乎是指使用帶有異常的技能攻擊敵人時，會使附加的異常轉到自身。,,,,,,,
,,,,,,-,tips,text,惡魔的攻擊無法吸血。,,,,,,,
3,靈力流彈,預設,法杖,,,-,text,text,發射靈力流彈，依據當前MP量，可以消耗相應的死靈疊加來強化技能威力與MP回復量。,,900 ,12 ,須詠唱,可以放入連擊,,1.5
,,,,,,,,is_mark,1,,,,,,,
,,,,,,-,list,text,此技能最多可消耗(([自身最大MP-自身當前MP]÷100))的死靈疊加，在此技能消費MP之後計算。,,,,,,,
,,,,,,-,stack,id,0,,,,,,,
,,,,,,,,min,1,,,,,,,
,,,,,,,,max,20,,,,,,,
,,,,,,,,name,消耗死靈疊加,,,,,,,
,,,,,,,,default,14,,,,,,,
,,,,,,-,proration,damage,magic,,,,,,,
,,,,,,-,damage,constant,450+SLv*45,,,,,,,
,,,,,,,,multiplier,75*stack+SLv*100+$BINT,,,,,,,
,,,,,,,,damage_type,magic,,,,,,,
,,,,,,,,stack_id,0,,,,,,,
,,,,,,,,range_damage,1,,,,,,,
,,,,,,,,action_frame,,,,,,,,
,,,,,,,,ailment_name,乏力,,,,,,,
,,,,,,,,ailment_chance,"Math.min(10*stack,100)",,,,,,,
,,,,,,-,extra,caption,回復${stack*100}MP,,,,,,,
,,,,,,,,,,,,,,,,
,,,,,,-,list,text,此技能回復之MP無法修補!S[法術結界]的耐久度。,,,,,,,
,,,,,,-,list,text,技能還在測試中，部分公式尚為預測、有誤差。,,,,,,,
4,骸骨召喚,預設,,,,-,text,text,消耗3死靈疊加召喚骷髏士兵(同時最多存在3隻)，骷髏進行近距離攻擊，受到範圍傷害後爆炸消失。,,0 ,-,瞬發,不可放入連擊的第一招,一般,
,,,,,,,,is_mark,1,,,,,,,
,,,,,,,,mark,"死靈疊加,骷髏",,,,,,,
,,,,,,-,damage,name,近戰攻擊,,,,,,,
,,,,,,,,damage_type,physical,,,,,,,
,,,,,,,,constant,0,,,,,,,
,,,,,,,,multiplier,10*SLv,,,,,,,
,,,,,,,,range_damage,short,,,,,,,
,,,,,,,,combo_rate,none,,,,,,,
,,,,,,,,element,against,,,,,,,
,,,,,,-,base,type,both,,,,,,,
,,,,,,-,proration,damage,physical,,,,,,,
,,,,,,,,proration,none,,,,,,,
,,,,,,,,,,,,,,,,
,,,,,,-,damage,name,自爆,,,,,,,
,,,,,,,,damage_type,magic,,,,,,,
,,,,,,,,constant,$STR+$INT,,,,,,,
,,,,,,,,multiplier,100*SLv,,,,,,,
,,,,,,,,type,AOE,,,,,,,
,,,,,,,,radius,1+Math.floor((SLv-1)/3)*0.5,,,,,,,
,,,,,,,,end_position,self,,,,,,,
,,,,,,,,element,against,,,,,,,
,,,,,,,,range_damage,short,,,,,,,
,,,,,,,,combo_rate,none,,,,,,,
,,,,,,-,proration,damage,normal_attack,,,,,,,
,,,,,,-,base,type,both,,,,,,,
,,,,,,-,list,text,召喚的骷髏會從掘墓人的墓地中心位置生成；若與玩家距離超過5m，會向玩家移動；若距離超過20m，會瞬移至玩家身邊。,,,,,,,
,,,,,,,,skill,掘墓人,,,,,,,
,,,,,,-,list,text,此技能不適用連擊加成，但可以正常適用無之架勢。,,,,,,,
,,,,,,-,list,text,由[收穫]召喚而來的骷髏取決於場上骷髏類型，若使用無之架勢召喚，則皆適用無之架勢。若場上無骷髏，則默認適用無之架勢。,,,,,,,
,,,,,,,,mark,收穫、無之架勢,,,,,,,
5,惡魔召喚,預設,,,,-,text,text,消耗自身當前的全部MP，召喚一隻惡魔協同攻擊。惡魔攻擊時自身需消耗一定HP，若HP不足以支付自身將死亡。,,100 ,8 ,須詠唱,無法放入連擊,一般,2
,,,,,,,,is_mark,1,,,,,,,
,,,,,,-,tips,text,消耗MP的詳細說明,,,,,,,
,,,,,,,,icon,potum,,,,,,,
,,,,,,-,group,size,1,,,,,,,
,,,,,,-,list,text,要釋放此技能，當前MP值至少要高於![100]。,,,,,,,
,,,,,,,,mark,實際消耗,,,,,,,
,,,,,,-,list,text,以格數為單位消耗，不滿1格(不足100)的部分不會消耗。,,,,,,,
,,,,,,-,list,text,"消耗MP上限為![2000],可通過修羅氣場等技能增加此上限。",,,,,,,
,,,,,,-,stack,id,1,,,,,,,
,,,,,,,,min,1,,,,,,,
,,,,,,,,max,20,,,,,,,
,,,,,,,,default,20,,,,,,,
,,,,,,,,name,消耗MP（格數）,,,,,,,
,,,,,,-,list,text,一支隊伍同時只能存在一隻惡魔，後召喚者無效。,,,,,,,
,,,,,,,,stack_id,1,,,,,,,
,,,,,,-,list,text,惡魔大約每2秒攻擊一次。,,,,,,,
,,,,,,-,list,text,消耗MP影響惡魔發出光束的機率，光束的基礎機率為：${5+stack}%。,,,,,,,
,,,,,,-,list,text,每使用一次爪擊，光束機率翻倍(不超過100%)；每發出一次光束，光束機率減半。,,,,,,,
,,,,,,-,tips,text,滿MP召喚時，第三次攻擊必定是光束。,,,,,,,
,,,,,,-,proration,damage,normal_attack,,,,,,,
,,,,,,-,damage,name,爪擊,,,,,,,
,,,,,,,,constant,stack*50,,,,,,,
,,,,,,,,multiplier,100+5*stack,,,,,,,
,,,,,,,,stack_id,1,,,,,,,
,,,,,,,,range_damage,1,,,,,,,
,,,,,,,,combo_rate,0,,,,,,,
,,,,,,,,action_frame,122~66,,,,,,,
,,,,,,,,long_range_damage,0,,,,,,,
,,,,,,-,base,type,custom,,,,,,,
,,,,,,,,title,有效(ATK+MATK),,,,,,,
,,,,,,,,caption,[角色ATK+角色MATK+等級差]×(100-目標物理抗性)%-DEF。,,,,,,,
,,,,,,,,atk_rate,100,,,,,,,
,,,,,,,,matk_rate,100,,,,,,,
,,,,,,-,extra,caption,使用此攻擊，消耗最大HP的3%(最少300)。,,,,,,,
,,,,,,-,extra,caption,此傷害視為普通攻擊，可享受各種一般攻擊傷害提升的效果，但不會觸發攻擊MP回復。,,,,,,,
,,,,,,-,space,#,,,,,,,,
,,,,,,-,proration,damage,normal_attack,,,,,,,
,,,,,,-,damage,name,光束,,,,,,,
,,,,,,,,constant,stack*100,,,,,,,
,,,,,,,,multiplier,200+90*stack,,,,,,,
,,,,,,,,stack_id,1,,,,,,,
,,,,,,,,range_damage,1,,,,,,,
,,,,,,,,combo_rate,0,,,,,,,
,,,,,,,,action_frame,122~66,,,,,,,
,,,,,,,,long_range_damage,0,,,,,,,
,,,,,,-,base,type,custom,,,,,,,
,,,,,,,,title,有效(ATK+MATK),,,,,,,
,,,,,,,,caption,[角色ATK+角色MATK+等級差]×(100-目標物理抗性)%-DEF。,,,,,,,
,,,,,,,,atk_rate,100,,,,,,,
,,,,,,,,matk_rate,100,,,,,,,
,,,,,,-,extra,caption,使用此攻擊，消耗最大HP的12%(最少1200)。,,,,,,,
,,,,,,-,list,text,惡魔的攻擊距離為7m。,,,,,,,
,,,,,,-,list,text,此技能距離威力判定的方式為惡魔與目標的距離。此技能造成的元素屬性與玩家一致。,,,,,,,
,,,,,,-,text,text,習得此技能後，可於EX技能中強化惡魔契約，可用契約點數為${SLv}。,,,,,,,
,,,,,,,,is_mark,1,,,,,,,
,,,,,,,,mark,契約點數，惡魔契約,,,,,,,
,,,,,,-,tips,text,所有契約效果,,,,,,,
,,,,,,-,group,size,1,,,,,,,
,,,,,,-,table,labels,"契約,使用點數,效果",,,,,,,
,,,,,,1,row,cell.0,魔力斬裂,,,,,,,
,,,,,,,,cell.1,1,,,,,,,
,,,,,,,,cell.2,射程變為14m，傷害類型變為魔法傷害，適用#[法術對屬加成][法術額外屬性傷害/剋屬傷害]，取魔法命中率、暴擊率、暴擊傷害。(仍使用ATK+MATK與普攻慣性),,,,,,,
,,,,,,-,row,cell.0,暗算,,,,,,,
,,,,,,,,cell.1,2,,,,,,,
,,,,,,,,cell.2,當目標處於#[膽怯]、#[翻覆]、#[昏厥]時，必定使用光束攻擊，通常狀態下降低光束使用率。,,,,,,,
,,,,,,-,row,cell.0,虛擊,,,,,,,
,,,,,,,,cell.1,2,,,,,,,
,,,,,,,,cell.2,惡魔的攻擊將自動變為有利屬性。,,,,,,,
,,,,,,-,row,cell.0,王魔顯現,,,,,,,
,,,,,,,,cell.1,4,,,,,,,
,,,,,,,,cell.2,惡魔可以實時應用角色的行動速度 (但不受#[冰凍]、#[麻痺]效果影響)。,,,,,,,
,,,,,,-,row,cell.0,惡魔障壁,,,,,,,
,,,,,,,,cell.1,1,,,,,,,
,,,,,,,,cell.2,惡魔的7m內，角色受到的物理、魔法傷害降低30%。,,,,,,,
,,,,,,-,row,cell.0,障壁擴大,,,,,,,
,,,,,,,,cell.1,2,,,,,,,
,,,,,,,,cell.2,障壁的減傷范圍擴大到21m。若不同時與惡魔障壁共用，效果變更為角色受到的物理、魔法傷害降低15%。,,,,,,,
,,,,,,-,row,cell.0,精氣扭曲,,,,,,,
,,,,,,,,cell.1,2,,,,,,,
,,,,,,,,cell.2,7m內，受到百分比傷害減輕15%；與惡魔障壁共用，百分比減輕幅度提升至30%、與障壁擴大共用，範圍擴大到21m。,,,,,,,
,,,,,,-,row,cell.0,替身契約,,,,,,,
,,,,,,,,cell.1,4,,,,,,,
,,,,,,,,cell.2,受到致命傷害或HP無法支付惡魔攻擊代價時，阻止一次死亡，並回復((攻擊mp回復×惡魔攻擊次數（上限99次）))的Hp，同時送回惡魔。,,,,,,,
,,,,,,-,row,cell.0,生命之錨,,,,,,,
,,,,,,,,cell.1,1,,,,,,,
,,,,,,,,cell.2,不會因惡魔的攻擊導致角色死亡，惡魔攻擊時若角色HP不足以支撐本次消耗，則消耗200惡魔MP（惡魔MP等於召喚時消費MP，惡魔MP降低時傷害隨之降低，低於100時解除召喚）。,,,,,,,
,,,,,,-,row,cell.0,血之契約,,,,,,,
,,,,,,,,cell.1,2,,,,,,,
,,,,,,,,cell.2,返還召喚惡魔時所消耗MP的一半，並使角色基礎HP-50%。（由於是先消耗再返還，對惡魔無負面作用）,,,,,,,
,,,,,,,,,,,,,,,,
6,優質產具,預設,法杖,,,-,text,text,首次展開掘墓人時，額外獲得${SLv+Math.floor(stack/10)}死靈疊加，並且擴大墓地範圍。,,,,被動,,,
,,,,,,,,stack_id,1,,,,,,,
,,,,,,,,is_mark,1,,,,,,,
,,,,,,,,skill,掘墓人,,,,,,,
,,,,,,,,mark,死靈疊加,,,,,,,
,,,,,,-,stack,id,1,,,,,,,
,,,,,,,,min,5,,,,,,,
,,,,,,,,max,120,,,,,,,
,,,,,,,,default,10,,,,,,,
,,,,,,,,step,10,,,,,,,
,,,,,,,,name,死靈技能樹消耗的技能點,,,,,,,
,,,,,,-,passive,caption,掘墓人範圍+${0.5*SLv}m,,,,,,,
,,,,,,,,skill,掘墓人,,,,,,,
,,,,,,,,,,,,,,,,
7,收穫,預設,法杖,,,-,list,text,討伐怪物後，立刻回復${SLv}%最大HP與${10*SLv}MP.(該效果每秒最多觸發一次）。,,,,被動,,,
,,,,,,,,is_mark,1,,,,,,,
,,,,,,-,list,text,若習得骸骨召喚，且場上已存在骷髏少於3隻，則在回復的同時召喚一個骷髏士兵。,,,,,,,
,,,,,,,,skill,骸骨召喚,,,,,,,
,,,,,,,,mark,骷髏士兵,,,,,,,
8,自產自銷,預設,法杖,,,-,text,text,即使在自爆的骷髏戰士上，也有概率(滿級約80%)產生收穫的效果,,,,被動,,,
,,,,,,,,is_mark,1,,,,,,,
,,,,,,,,skill,收穫,,,,,,,
,,,,,,,,mark,骷髏戰士,,,,,,,
9,墓園,預設,,,,-,text,text,以隆起的墓石貫穿敵人的死靈術，消耗3層死靈疊加可以追加範圍攻擊,,300 ,7 ,瞬發,可以放入連擊,慢,
,,,,,,,,is_mark,1,,,,,,,
,,,,,,,,mark,死靈疊加,,,,,,,
,,,,,,-,stack,id,0,,,,,,,
,,,,,,,,min,3,,,,,,,
,,,,,,,,max,9,,,,,,,
,,,,,,,,name,消耗死靈疊加,,,,,,,
,,,,,,,,default,9,,,,,,,
,,,,,,,,step,3,,,,,,,
,,,,,,-,proration,damage,physical,,,,,,,
,,,,,,-,damage,name,主傷害,,,,,,,
,,,,,,,,constant,300,,,,,,,
,,,,,,,,multiplier,250,,,,,,,
,,,,,,,,damage_type,physical,,,,,,,
,,,,,,,,range_damage,1,,,,,,,
,,,,,,,,action_frame,61~37,,,,,,,
,,,,,,-,extra,caption,有((20*（基礎VIT/50）))%機率使目標陷入#[翻覆]。,,,,,,,
,,,,,,-,damage,name,追擊傷害,,,,,,,
,,,,,,,,constant,SLv*30,,,,,,,
,,,,,,,,multiplier,150+SLv*10,,,,,,,
,,,,,,,,damage_type,physical,,,,,,,
,,,,,,,,range_damage,1,,,,,,,
,,,,,,,,frequency,Math.floor(stack/3),,,,,,,
,,,,,,,,title,each,,,,,,,
,,,,,,,,judgment,separate,,,,,,,
,,,,,,,,stack_id,0,,,,,,,
,,,,,,,,type,AOE,,,,,,,
,,,,,,,,radius,3,,,,,,,
,,,,,,,,,,,,,,,,
10,頭骨震盪,預設,法杖,,,-,text,text,用力敲擊敵人頭部，有機會造成#[眩暈]及#[昏厥]，連續使用時技能威力提升、造成昏厥機率增加，成功造成昏厥時重置連續使用次數的計算。,,200 ,main,瞬發,可以放入連擊,慢,
,,,,,,,,is_mark,1,,,,,,,
,,,,,,,,mark,"連續使用,昏厥",,,,,,,
,,,,,,-,list,text,隊友施放此技能也會提升自身計算時的連續使用次數。,,,,,,,
,,,,,,-,list,text,即使昏厥因為抗性時間而附加失敗，也會重置連續使用次數。,,,,,,,
,,,,,,-,proration,damage,physical,,,,,,,
,,,,,,1,damage,name,頭骨震盪,,,,,,,
,,,,,,,,constant,200,,,,,,,
,,,,,,,,multiplier,1000,,,,,,,
,,,,,,,,damage_type,physical,,,,,,,
,,,,,,,,range_damage,1,,,,,,,
,,,,,,,,action_frame,122~66,,,,,,,
,,,,,,-,extra,caption,有${$BSTR*0.2+5*SLv}%機率使目標陷入#[眩暈]。,,,,,,,
,,,,,,-,extra,caption,有${10}%機率使目標陷入#[昏厥]。,,,,,,,
,,,,,,-,stack,id,0,,,,,,,
,,,,,,,,min,1,,,,,,,
,,,,,,,,max,10,,,,,,,
,,,,,,,,name,連續敲擊次數,,,,,,,
,,,,,,,,default,1,,,,,,,
,,,,,,2,damage,name,連續敲擊,,,,,,,
,,,,,,,,constant,200,,,,,,,
,,,,,,,,multiplier,1000+SLv*7.5*stack+25*stack,,,,,,,
,,,,,,,,damage_type,physical,,,,,,,
,,,,,,,,stack_id,0,,,,,,,
,,,,,,,,range_damage,1,,,,,,,
,,,,,,,,action_frame,122~66,,,,,,,
,,,,,,-,extra,caption,有${$BSTR*0.2+5*SLv}%機率使目標陷入#[眩暈]。,,,,,,,
,,,,,,-,extra,caption,有${10*stack}%機率使目標陷入#[昏厥]。,,,,,,,
,,,,,,,,,,,,,,,,
10,,非預設,旋風槍,,,1,damage,multiplier,750,,,,,,,
,,,,,,2,damage,multiplier,750+SLv*7.5*stack,,,,,,,
11,危險震盪,預設,法杖,,,-,text,text,揮擊武器造成傷害，可額外消耗100MP依照方向鍵的不同造成不同衍生效果的技能。,,100 ,main,瞬發,可以放入連擊,一般,
,,,,,,,,is_mark,1,,,,,,,
,,,,,,-,proration,damage,physical,,,,,,,
,,,,,,1,damage,name,主傷害,,,,,,,
,,,,,,,,constant,100,,,,,,,
,,,,,,,,multiplier,1000+$BSTR*0.5,,,,,,,
,,,,,,,,damage_type,physical,,,,,,,
,,,,,,,,range_damage,short,,,,,,,
,,,,,,,,action_frame,92~52,,,,,,,
,,,,,,2,extra,caption,技能動作期間受攻擊會自動#[阻擋][阻擋（玩家）]。,,,,,,,
,,,,,,3,damage,name,【前】追加傷害,,,,,,,
,,,,,,,,constant,100,,,,,,,
,,,,,,,,multiplier,1250+SLv*25+$STR,,,,,,,
,,,,,,,,damage_type,physical,,,,,,,
,,,,,,,,range_damage,short,,,,,,,
,,,,,,,,action_frame,92~52,,,,,,,
,,,,,,-,extra,caption,此傷害#[必定暴擊]。,,,,,,,
,,,,,,4,extra,caption,下一招行動速度+50%,,,,,,,
,,,,,,5,damage,name,【左、右】追加傷害,,,,,,,
,,,,,,,,constant,100,,,,,,,
,,,,,,,,multiplier,1000+SLv*25,,,,,,,
,,,,,,,,damage_type,physical,,,,,,,
,,,,,,,,range_damage,short,,,,,,,
,,,,,,,,action_frame,61~37,,,,,,,
,,,,,,6,extra,caption,動作期間傷害減至0。,,,,,,,
,,,,,,7,list,text,此效果無法避免諸如!S[神速掌握]、!S[勇氣泉源]等技能中斷，也無法避免被施加異常狀態。,,,,,,,
,,,,,,8,damage,name,【後】追加傷害,,,,,,,
,,,,,,,,constant,100,,,,,,,
,,,,,,,,multiplier,750+SLv*25,,,,,,,
,,,,,,,,damage_type,physical,,,,,,,
,,,,,,,,range_damage,short,,,,,,,
,,,,,,,,action_frame,61~37,,,,,,,
,,,,,,9,extra,caption,造成攻擊後迅速向後退5m。,,,,,,,
11,,非預設,旋風槍,,,1,damage,multiplier,750+$BSTR*0.5,,,,,,,
,,,,,,3,damage,multiplier,750+SLv*25+$STR,,,,,,,
,,,,,,5,damage,multiplier,500+SLv*25,,,,,,,
,,,,,,8,damage,multiplier,250+SLv*25,,,,,,,
8,1,魔像技能,,,,,,,,,,,,,,
0,召喚魔像,預設,法杖,,,-,text,text,召喚魔像，自身攻擊回復失效並由魔像攻擊來回復MP。,,500 ,,須詠唱,無法放入連擊,,2
,,,,,,,,is_mark,1,,,,,,,
,,,,,,-,list,text,可在EX技能選擇召喚的魔像類型與分配魔法燈點數（可分配魔法燈：${SLv}）。,,,,,,,
,,,,,,,,mark,魔法燈,,,,,,,
,,,,,,-,list,text,魔法燈可提升魔像的性能，可分配在攻擊、盾牌、速度三種屬性上，未分配的魔法燈點數會作為能量點，提升魔像活動時間。,,,,,,,
,,,,,,,,mark,魔法燈,,,,,,,
,,,,,,-,stack,name,能量點,,,,,,,
,,,,,,,,id,0,,,,,,,
,,,,,,,,min,0,,,,,,,
,,,,,,,,max,10,,,,,,,
,,,,,,,,default,10,,,,,,,
,,,,,,-,stack,name,攻擊魔法燈,,,,,,,
,,,,,,,,id,1,,,,,,,
,,,,,,,,min,0,,,,,,,
,,,,,,,,max,10,,,,,,,
,,,,,,,,default,0,,,,,,,
,,,,,,-,stack,name,盾牌魔法燈,,,,,,,
,,,,,,,,id,2,,,,,,,
,,,,,,,,min,0,,,,,,,
,,,,,,,,max,10,,,,,,,
,,,,,,,,default,0,,,,,,,
,,,,,,-,stack,name,速度魔法燈,,,,,,,
,,,,,,,,id,3,,,,,,,
,,,,,,,,min,0,,,,,,,
,,,,,,,,max,10,,,,,,,
,,,,,,,,default,0,,,,,,,
,,,,,,-,proration,damage,normal_attack,,,,,,,
,,,,,,,,proration,none,,,,,,,
,,,,,,-,damage,name,槍兵型魔像,,,,,,,
,,,,,,,,constant,0,,,,,,,
,,,,,,,,multiplier,200+(20+2*stack[4])*stack[1],,,,,,,
,,,,,,,,range_damage,1,,,,,,,
,,,,,,,,long_range_damage,0,,,,,,,
,,,,,,,,base,matk,,,,,,,
,,,,,,,,stack_id,"0,1,2,3,4,5,6",,,,,,,
,,,,,,-,extra,caption,${10+stack[0]*10}秒。,,,,,,,
,,,,,,,,condition,召喚後活動時間,,,,,,,
,,,,,,-,extra,condition,基礎攻擊距離,,,,,,,
,,,,,,,,caption,1m,,,,,,,
,,,,,,-,extra,condition,額外命中屬性,,,,,,,
,,,,,,,,caption,${20*stack[1]+2*stack[4]*stack[4]},,,,,,,
,,,,,,-,extra,condition,移動速度,,,,,,,
,,,,,,,,caption,${75+15*stack[3]}%,,,,,,,
,,,,,,-,extra,condition,召喚者在${4+0.2*stack[5]}米內，提供減傷,,,,,,,
,,,,,,,,caption,${(2+0.2*stack[5])*stack[2]}%,,,,,,,
,,,,,,-,damage,name,盾兵型魔像,,,,,,,
,,,,,,,,constant,0,,,,,,,
,,,,,,,,multiplier,100+(20+2*stack[4])*stack[1],,,,,,,
,,,,,,,,range_damage,1,,,,,,,
,,,,,,,,long_range_damage,0,,,,,,,
,,,,,,,,base,matk,,,,,,,
,,,,,,,,stack_id,"0,1,2,3,4,5,6",,,,,,,
,,,,,,-,extra,caption,${10+stack[0]*10}秒。,,,,,,,
,,,,,,,,condition,召喚後活動時間,,,,,,,
,,,,,,-,extra,condition,基礎攻擊距離,,,,,,,
,,,,,,,,caption,7m,,,,,,,
,,,,,,-,extra,condition,額外命中屬性,,,,,,,
,,,,,,,,caption,${20*stack[1]+2*stack[4]*stack[4]},,,,,,,
,,,,,,-,extra,condition,移動速度,,,,,,,
,,,,,,,,caption,${50+15*stack[3]}%,,,,,,,
,,,,,,-,extra,condition,召喚者在${4+0.2*stack[5]}米內，提供減傷,,,,,,,
,,,,,,,,caption,${10+(2+0.2*stack[5])*stack[2]}%,,,,,,,
,,,,,,-,damage,name,破壞者型魔像,,,,,,,
,,,,,,,,constant,0,,,,,,,
,,,,,,,,multiplier,100+(20+2*stack[4])*stack[1],,,,,,,
,,,,,,,,range_damage,1,,,,,,,
,,,,,,,,long_range_damage,0,,,,,,,
,,,,,,,,damage_type,magic,,,,,,,
,,,,,,,,stack_id,"0,1,2,3,4,5,6",,,,,,,
,,,,,,-,extra,caption,${10+stack[0]*10}秒。,,,,,,,
,,,,,,,,condition,召喚後活動時間,,,,,,,
,,,,,,-,extra,condition,基礎攻擊距離,,,,,,,
,,,,,,,,caption,14m,,,,,,,
,,,,,,-,extra,condition,額外命中屬性(對此魔像無意義),,,,,,,
,,,,,,,,caption,${20*stack[1]+2*stack[4]*stack[4]},,,,,,,
,,,,,,-,extra,condition,移動速度,,,,,,,
,,,,,,,,caption,${25+15*stack[3]}%,,,,,,,
,,,,,,-,extra,condition,召喚者在${4+0.2*stack[5]}米內，提供減傷,,,,,,,
,,,,,,,,caption,${(2+0.2*stack[5])*stack[2]}%,,,,,,,
,,,,,,-,list,text,魔像的攻擊屬性（MATK、暴擊率、暴擊傷害、貫穿、攻擊速度等等）均繼承自角色。但行動速度不繼承（受強化速度技能影響）。,,,,,,,
,,,,,,-,list,text,一般攻擊傷害提升效果不影響魔像傷害。,,,,,,,
,,,,,,-,text,text,強化攻擊、強化盾牌、強化速度，會分別提升對應魔法燈的效果。,,,,,,,
,,,,,,,,is_mark,1,,,,,,,
,,,,,,,,skill,"強化攻擊,強化盾牌,強化速度",,,,,,,
,,,,,,,,mark,魔法燈,,,,,,,
,,,,,,-,stack,name,強化攻擊,,,,,,,
,,,,,,,,id,4,,,,,,,
,,,,,,,,min,0,,,,,,,
,,,,,,,,max,10,,,,,,,
,,,,,,,,default,0,,,,,,,
,,,,,,,,value,getSkillLevel('4-8-2'),,,,,,,
,,,,,,-,stack,name,強化盾牌,,,,,,,
,,,,,,,,id,5,,,,,,,
,,,,,,,,min,0,,,,,,,
,,,,,,,,max,10,,,,,,,
,,,,,,,,default,0,,,,,,,
,,,,,,,,value,getSkillLevel('4-8-4'),,,,,,,
,,,,,,-,stack,name,強化速度,,,,,,,
,,,,,,,,id,6,,,,,,,
,,,,,,,,min,0,,,,,,,
,,,,,,,,max,10,,,,,,,
,,,,,,,,default,0,,,,,,,
,,,,,,,,value,getSkillLevel('4-8-6'),,,,,,,
0,,非預設,弩,,,,,,,,,,,,,
0,,非預設,魔導具,,,,,,,,,,,,,
1,槍兵型．改,預設,法杖,,,-,passive,caption,強化槍兵型魔像，提升其貫穿力與暴擊率，其他型號的魔像也能享受部分效果。,,,,被動,,,
,,,,,,-,extra,condition,槍兵型魔像,,,,,,,
,,,,,,,,physical_pierce,5+7*SLv,,,,,,,
,,,,,,,,critical_rate,Math.floor(7.5*SLv),,,,,,,
,,,,,,-,extra,condition,其他魔像,,,,,,,
,,,,,,,,physical_pierce,Math.floor((5+7*SLv)/3),,,,,,,
,,,,,,,,magic_pierce,Math.floor((5+7*SLv)/3),,,,,,,
,,,,,,,,critical_rate,Math.floor(2.5*SLv),,,,,,,
1,,非預設,弩,,,,,,,,,,,,,
1,,非預設,魔導具,,,,,,,,,,,,,
2,強化攻擊,預設,法杖,,,-,passive,caption,每1點攻擊魔法燈，提升的傷害倍率增加${2*SLv}。並常駐提升魔像${2*SLv*SLv}點命中。,,,,被動,,,
2,,非預設,弩,,,,,,,,,,,,,
2,,非預設,魔導具,,,,,,,,,,,,,
3,盾兵型．改,預設,法杖,,,-,passive,caption,強化盾兵型魔像，提升其活動時間與減輕傷害距離，其他型號的魔像也能享受部分效果。,,,,被動,,,
,,,,,,-,extra,condition,盾兵型魔像,,,,,,,
,,,,,,,,caption,活動時間+${4*SLv}秒。<br>減傷範圍+${0.2*SLv}m。,,,,,,,
,,,,,,,,,,,,,,,,
,,,,,,-,extra,condition,其他魔像,,,,,,,
,,,,,,,,caption,活動時間+${2*SLv}秒。<br>減傷範圍+${0.1*SLv}m。,,,,,,,
3,,非預設,弩,,,,,,,,,,,,,
3,,非預設,魔導具,,,,,,,,,,,,,
4,強化盾牌,預設,法杖,,,-,passive,caption,每1點盾牌魔法燈，提供的減傷+${0.2*SLv}%，並常駐使魔像的減傷範圍延長${0.2*SLv}m。,,,,被動,,,
,,,,,,,,,,,,,,,,
,,,,,,,,,,,,,,,,
4,,非預設,弩,,,,,,,,,,,,,
4,,非預設,魔導具,,,,,,,,,,,,,
5,破壞者型．改,預設,法杖,,,-,passive,caption,強化破壞者型魔像，提升其貫穿力與暴擊率，其他型號的魔像也能享受部分效果。,,,,被動,,,
,,,,,,-,extra,condition,破壞者型魔像,,,,,,,
,,,,,,,,magic_pierce,5+7*SLv,,,,,,,
,,,,,,,,critical_rate,Math.floor(7.5*SLv),,,,,,,
,,,,,,-,extra,condition,其他魔像,,,,,,,
,,,,,,,,physical_pierce,Math.floor((5+7*SLv)/3),,,,,,,
,,,,,,,,critical_rate,Math.floor(2.5*SLv),,,,,,,
5,,非預設,弩,,,,,,,,,,,,,
5,,非預設,魔導具,,,,,,,,,,,,,
6,強化速度,預設,法杖,,,-,passive,caption,每1點速度魔法燈，使魔像行動速度+${SLv}%，並常駐使魔像的移動速度提升?%。,,,,被動,,,
,,,,,,,,,,,,,,,,
,,,,,,,,,,,,,,,,
6,,非預設,弩,,,,,,,,,,,,,
6,,非預設,魔導具,,,,,,,,,,,,,
7,魔導手榴彈,預設,弩,,,-,text,text,朝目標投擲魔導手榴彈，造成小範圍傷害，投擲距離有限，目標距離過遠時落點會落在最大投擲距離上。,,100 ,-,瞬發,可以放入連擊,,
,,,,,,,,mark,魔導手榴彈,,,,,,,
,,,,,,,,is_mark,1,,,,,,,
,,,,,,-,proration,damage,magic,,,,,,,
,,,,,,-,damage,name,魔導手榴彈,,,,,,,
,,,,,,,,constant,100,,,,,,,
,,,,,,,,multiplier,"100+40*SLv+Math.max($BINT,$TEC*2)",,,,,,,
,,,,,,,,type,AOE,,,,,,,
,,,,,,,,radius,2+SLv/5,,,,,,,
,,,,,,,,end_position_offsets,-2,,,,,,,
,,,,,,,,target_offset,7,,,,,,,
,,,,,,,,damage_type,magic,,,,,,,
,,,,,,,,range_damage,1,,,,,,,
,,,,,,-,extra,condition,最大投擲距離,,,,,,,
,,,,,,,,caption,${3+0.5*SLv}m,,,,,,,
,,,,,,,,,,,,,,,,
7,,非預設,,盾牌,,,,,,,,,,,,
7,,非預設,空手,,,,,,,,,,,,,
8,冰凍手榴彈,預設,弩,,,-,text,text,朝目標投擲冰凍手榴彈，有${10*SLv}%機率附加#[冰凍]，但若自身在其爆炸範圍內，也有${5*SLv}%機率使自身陷入#[冰凍]。,,200 ,-,瞬發,可以放入連擊,,
,,,,,,,,mark,冰凍手榴彈,,,,,,,
,,,,,,,,is_mark,1,,,,,,,
,,,,,,-,list,text,技能傷害、投擲距離、爆炸範圍等，與魔導手榴彈相同。,,,,,,,
8,,非預設,,盾牌,,,,,,,,,,,,
8,,非預設,空手,,,,,,,,,,,,,
9,閃光手榴彈,預設,弩,,,-,text,text,朝目標投擲閃光手榴彈，有${10*SLv}%機率附加#[閃光]，但若自身在其爆炸範圍內，也有${5*SLv}%機率使自身陷入#[閃光]。,,300 ,-,瞬發,可以放入連擊,,
,,,,,,,,mark,閃光手榴彈,,,,,,,
,,,,,,,,is_mark,1,,,,,,,
,,,,,,-,list,text,技能傷害、投擲距離、爆炸範圍等，與魔導手榴彈相同。,,,,,,,
,,,,,,,,,,,,,,,,
9,,非預設,,盾牌,,,,,,,,,,,,
9,,非預設,空手,,,,,,,,,,,,,
5,0,其他,,,,,,,,,,,,,,
0,1,活動技能,1,,,,,,,,,,,,,
0,爆裂炎擊,預設,,,,-,text,text,模仿自惠惠所用的爆裂魔法，消費自身全部MP打出威力巨大的一擊，消耗MP越多威力越大。,,100 ,12 ,瞬發,無法放入連擊,極慢,
,,,,,,,,is_mark,1,,,,,,,
,,,,,,-,tips,text,消耗MP的詳細說明,,,,,,,
,,,,,,,,icon,potum,,,,,,,
,,,,,,-,group,size,1,,,,,,,
,,,,,,-,list,text,要釋放此技能，當前MP值至少要高於![100]。,,,,,,,
,,,,,,-,list,text,消耗MP指![實際消耗]，因此若使用補位使消耗為0，此技能將沒有傷害。,,,,,,,
,,,,,,-,list,text,消耗MP上限為![2000]，但可通過連擊效果「增幅」的增加消耗MP效果，來突破此上限。,,,,,,,
,,,,,,-,list,text,上一條的詳細說明：若使用魔力劑超出2000MP的上限，並將該技能置於連擊結尾，連擊效果選擇「增幅」時，消耗MP會是2000*2。因此這種設置下，只有達到4000MP時，或利用其他連擊效果降低消耗，才可成功施展該技能。,,,,,,,
,,,,,,-,stack,id,1,,,,,,,
,,,,,,,,min,1,,,,,,,
,,,,,,,,max,40,,,,,,,
,,,,,,,,name,消耗MP（格數）,,,,,,,
,,,,,,-,proration,damage,magic,,,,,,,
,,,,,,-,damage,name,EXPLOSION!!!,,,,,,,
,,,,,,,,type,AOE,,,,,,,
,,,,,,,,damage_type,magic,,,,,,,
,,,,,,,,radius,1,,,,,,,
,,,,,,,,multiplier,stack*100,,,,,,,
,,,,,,,,constant,100,,,,,,,
,,,,,,,,stack_id,1,,,,,,,
,,,,,,,,element,fire,,,,,,,
,,,,,,,,range_damage,1,,,,,,,
,,,,,,-,extra,condition,施放完畢後,,,,,,,
,,,,,,,,caption,自身#[昏厥]5秒。,,,,,,,
,,,,,,-,text,text,「美好世界合作活動」期間內，技能獲得強化，提升傷害與範圍。,,,,,,,
,,,,,,,,is_mark,1,,,,,,,
,,,,,,-,proration,damage,magic,,,,,,,
,,,,,,-,damage,name,EXPLOSION!!!(活動期間),,,,,,,
,,,,,,,,type,AOE,,,,,,,
,,,,,,,,damage_type,magic,,,,,,,
,,,,,,,,radius,12,,,,,,,
,,,,,,,,multiplier,stack*300,,,,,,,
,,,,,,,,constant,1000,,,,,,,
,,,,,,,,stack_id,1,,,,,,,
,,,,,,,,element,fire,,,,,,,
,,,,,,,,range_damage,1,,,,,,,
,,,,,,-,extra,condition,施放完畢後,,,,,,,
,,,,,,,,caption,自身#[昏厥]5秒。,,,,,,,
,,,,,,-,list,text,技能取得方式：在合作活動期間通過扭蛋取得惠惠的任意時裝，裝備上即可使用此技能。,,,,,,,
,,,,,,-,tips,text,此技能沒有技能等級。,,,,,,,
1,魔劍閃光,預設,,,,-,text,text,模仿自芸芸所用的光魔法，對前方矩形區域內的敵人造成傷害，隊伍成員越多傷害越低。,,300 ,12 ,瞬發,無法放入連擊,一般,
,,,,,,,,is_mark,1,,,,,,,
,,,,,,-,stack,name,隊伍成員人數,,,,,,,
,,,,,,,,min,1,,,,,,,
,,,,,,,,max,4,,,,,,,
,,,,,,,,id,1,,,,,,,
,,,,,,-,proration,damage,magic,,,,,,,
,,,,,,-,damage,name,魔劍閃光,,,,,,,
,,,,,,,,constant,300,,,,,,,
,,,,,,,,multiplier,350-100*(stack-1),,,,,,,
,,,,,,,,stack_id,1,,,,,,,
,,,,,,,,damage_type,magic,,,,,,,
,,,,,,,,range_damage,1,,,,,,,
,,,,,,,,element,light,,,,,,,
,,,,,,-,list,text,此技能的範圍描述：正對目標，自目標後方1m、左側1m的位置，畫一個半徑1m的圓，接著讓圓由左至右移動2m，畫出一矩形區域，為技能攻擊範圍。,,,,,,,
,,,,,,-,text,text,「美好世界合作活動」期間內，技能獲得強化，提升傷害與範圍。,,,,,,,
,,,,,,,,is_mark,1,,,,,,,
,,,,,,-,proration,damage,magic,,,,,,,
,,,,,,-,damage,name,魔劍閃光(活動期間),,,,,,,
,,,,,,,,constant,600,,,,,,,
,,,,,,,,multiplier,700-100*(stack-1),,,,,,,
,,,,,,,,stack_id,1,,,,,,,
,,,,,,,,damage_type,magic,,,,,,,
,,,,,,,,element,light,,,,,,,
,,,,,,,,range_damage,1,,,,,,,
,,,,,,-,list,text,活動期間的範圍：正對目標，自目標後方3m、左側12m的位置，畫一個半徑3m的圓，接著讓圓由左至右移動24m，畫出一矩形區域，為技能攻擊範圍。,,,,,,,
,,,,,,-,list,text,技能取得方式：在合作活動期間通過扭蛋取得芸芸的任意時裝，裝備上即可使用此技能。,,,,,,,
,,,,,,-,tips,text,此技能沒有技能等級。,,,,,,,
2,流星飛錘,預設,,,,-,text,text,參考雷姆使用的流星錘的技能。,,0 ,6 ,瞬發,無法放入連擊,極慢,
,,,,,,,,is_mark,1,,,,,,,
,,,,,,-,proration,damage,physical,,,,,,,
,,,,,,-,damage,name,流星錘,,,,,,,
,,,,,,,,constant,300,,,,,,,
,,,,,,,,multiplier,10*SLv,,,,,,,
,,,,,,,,range_damage,1,,,,,,,
,,,,,,-,extra,condition,動作期間內,,,,,,,
,,,,,,,,caption,所受傷害減輕20%。,,,,,,,
,,,,,,-,list,text,若按著移動方向鍵發動此技能，則角色會朝移動方向位移並同時進行一次!B[流星錘]。若未使用方向鍵，則在原地進行兩次!B[流星錘]，造成兩倍傷害。,,,,,,,
,,,,,,-,text,text,「Re:0 合作活動」期間內，技能獲得強化。,,,,,,,
,,,,,,,,is_mark,1,,,,,,,
,,,,,,-,damage,name,流星錘(活動期間),,,,,,,
,,,,,,,,constant,500,,,,,,,
,,,,,,,,multiplier,10*SLv+200,,,,,,,
,,,,,,,,range_damage,1,,,,,,,
,,,,,,-,extra,condition,動作期間內,,,,,,,
,,,,,,,,caption,所受傷害減輕20%。,,,,,,,
,,,,,,-,proration,damage,physical,,,,,,,
,,,,,,-,list,text,技能取得方式：取得技能星石，裝備星石即可使用。,,,,,,,
3,龍破斬,預設,,,,-,text,text,消費自身所有MP，發動龍破斬，根據消費MP與角色MP上限提升傷害。,,100 ,12 ,瞬發,無法放入連擊,極慢,
,,,,,,,,is_mark,1,,,,,,,
,,,,,,-,stack,id,1,,,,,,,
,,,,,,,,min,1,,,,,,,
,,,,,,,,max,20,,,,,,,
,,,,,,,,default,20,,,,,,,
,,,,,,,,name,實際消耗MP（格數）,,,,,,,
,,,,,,-,stack,id,2,,,,,,,
,,,,,,,,min,1,,,,,,,
,,,,,,,,default,2000,,,,,,,
,,,,,,,,step,100,,,,,,,
,,,,,,,,name,角色MP上限,,,,,,,
,,,,,,-,proration,damage,magic,,,,,,,
,,,,,,-,damage,name,龍破斬,,,,,,,
,,,,,,,,damage_type,magic,,,,,,,
,,,,,,,,element,neutral,,,,,,,
,,,,,,,,constant,stack[0]*50,,,,,,,
,,,,,,,,multiplier,stack[1]*(1+stack[0]/10)/3.2,,,,,,,
,,,,,,,,type,AOE,,,,,,,
,,,,,,,,effective_area,line,,,,,,,
,,,,,,,,move_distance,14,,,,,,,
,,,,,,,,radius,1,,,,,,,
,,,,,,,,stack_id,"1,2",,,,,,,
,,,,,,,,range_damage,0,,,,,,,
,,,,,,-,extra,condition,所有已處於活躍狀態的怪物(無視距離),,,,,,,
,,,,,,,,ailment_name,衰弱,,,,,,,
,,,,,,,,ailment_chance,100,,,,,,,
,,,,,,-,extra,condition,對命中成功的目標,,,,,,,
,,,,,,,,ailment_name,降防,,,,,,,
,,,,,,,,ailment_chance,0,,,,,,,
,,,,,,,,,,,,,,,,
,,,,,,-,list,text,「秀逗魔導士合作活動」期間內，技能獲得強化。,,,,,,,
,,,,,,-,proration,damage,magic,,,,,,,
,,,,,,-,damage,name,龍破斬（活動期間）,,,,,,,
,,,,,,,,damage_type,magic,,,,,,,
,,,,,,,,element,neutral,,,,,,,
,,,,,,,,constant,stack[0]*100,,,,,,,
,,,,,,,,multiplier,stack[1]*(1+stack[0]/10),,,,,,,
,,,,,,,,type,AOE,,,,,,,
,,,,,,,,effective_area,line,,,,,,,
,,,,,,,,move_distance,14,,,,,,,
,,,,,,,,radius,1,,,,,,,
,,,,,,,,stack_id,"1,2",,,,,,,
,,,,,,,,range_damage,0,,,,,,,
,,,,,,-,extra,condition,所有已處於活躍狀態的怪物(無視距離),,,,,,,
,,,,,,,,ailment_name,衰弱,,,,,,,
,,,,,,,,ailment_chance,100,,,,,,,
,,,,,,-,extra,condition,對命中成功的目標,,,,,,,
,,,,,,,,ailment_name,降防,,,,,,,
,,,,,,,,ailment_chance,0,,,,,,,
,,,,,,-,list,text,此技能動作時間約達6秒長，且不受行動速度或#[冰凍]等等的效果影響。,,,,,,,
,,,,,,-,list,text,此技能公式中，角色MP上限值使用原始值計算，可以超出2000。,,,,,,,
,,,,,,-,tips,text,例如，角色基礎MP300，裝備與狀態總計+3000MP，則倍率中的角色MP上限將以3300MP計算。,,,,,,,
,,,,,,-,list,text,此技能雖然是範圍傷害，但僅能傷害到已處於活躍狀態的目標（有顯示血條）。,,,,,,,
,,,,,,-,list,text,此技能造成慣性的時機是在附加#[衰弱]時，故受到衰弱效果敵人即使沒有受到傷害，也會改變一次慣性。,,,,,,,
,,,,,,-,list,text,降防的附加機率未知，但似乎與消費MP有關，消費MP低於800時幾乎不會附加。,,,,,,,
,,,,,,-,list,text,技能取得方式：在合作活動期間通過扭蛋取得莉娜的任意時裝，裝備上即可使用此技能。,,,,,,,
,,,,,,-,tips,text,技能倍率會有2左右的誤差，大概是小數點運算造成的。,,,,,,,
,,,,,,-,tips,text,此技能沒有技能等級。,,,,,,,
4,鐵管,預設,,,,-,text,text,進行小範圍攻擊，暴擊率降低，但暴擊成功時令敵人#[膽怯]。,,0 ,4 ,瞬發,不可放入連擊的第一招,,
,,,,,,,,is_mark,1,,,,,,,
,,,,,,-,proration,damage,physical,,,,,,,
,,,,,,-,damage,constant,0,,,,,,,
,,,,,,,,multiplier,50+5*SLv+$BSTR*0.4,,,,,,,
,,,,,,,,type,AOE,,,,,,,
,,,,,,,,radius,1,,,,,,,
,,,,,,,,range_damage,1,,,,,,,
,,,,,,,,element,neutral,,,,,,,
,,,,,,-,extra,critical_rate,-SLv*5,~,,,,,,
,,,,,,-,extra,condition,暴擊時,,,,,,,
,,,,,,,,ailment_name,膽怯,,,,,,,
,,,,,,,,ailment_chance,100,,,,,,,
5,復古弩,預設,,,,-,text,text,可攻擊目標並吸引其恨意，距離越遠，效果越大。,,100 ,12 ,瞬發,可以放入連擊,,
,,,,,,,,is_mark,1,,,,,,,
,,,,,,-,stack,id,1,,,,,,,
,,,,,,,,name,與目標距離,,,,,,,
,,,,,,,,unit,m,,,,,,,
,,,,,,,,max,12,,,,,,,
,,,,,,,,default,12,,,,,,,
,,,,,,-,proration,damage,physical,,,,,,,
,,,,,,-,damage,constant,100,,,,,,,
,,,,,,,,multiplier,50+5*SLv+$BDEX*0.4,,,,,,,
,,,,,,,,range_damage,1,,,,,,,
,,,,,,,,element,neutral,,,,,,,
,,,,,,,,stack_id,1,,,,,,,
,,,,,,-,extra,caption,"對目標造成額外${[0,0,0,0,0,0,0,SLv*30,SLv*30,SLv*30,SLv*80,SLv*80,SLv*80][stack]}仇恨。",,,,,,,
,,,,,,,,condition,自身被目標鎖定時,,,,,,,
,,,,,,-,list,text,此技能額外仇恨部分，受角色恨意值加減效果影響。,,,,,,,
6,麥格農,預設,,,,-,text,text,開始戰鬥後，每隔${20-SLv}秒獲得一層![麥格農裝填](層數上限99)，消耗層數以發動![麥格農射擊]。,,400 ,18 ,瞬發,可以放入連擊,,
,,,,,,,,is_mark,1,,,,,,,
,,,,,,-,proration,damage,magic,,,,,,,
,,,,,,-,damage,name,麥格農射擊,,,,,,,
,,,,,,,,constant,40*SLv,,,,,,,
,,,,,,,,multiplier,100*SLv+CLv,,,,,,,
,,,,,,,,range_damage,long,,,,,,,
,,,,,,,,element,fire,,,,,,,
,,,,,,-,extra,caption,此傷害#[必定暴擊]。,,,,,,,
,,,,,,-,extra,caption,此傷害命中-35%。,,,,,,,
,,,,,,-,tips,text,此技能數據與角色等級有關，注意調整下方選項內的角色等級以得到正確數值。,,,,,,,
1,1,寵物技能,1,,,,,,,,,,,,,
0,破壞強襲,預設,,,,-,proration,damage,physical,,800 ,main,瞬發,,,
,,,,,,-,damage,constant,1000+100*SLv,,,,,,,
,,,,,,,,multiplier,400+30*SLv,,,,,,,
,,,,,,,,range_damage,unused,,,,,,,
,,,,,,,,unsheathe_damage,unused,,,,,,,
1,HP高升,預設,,,,-,passive,max_hp,500*SLv,,,,被動,,,
,,,,,,,,max_hp,2*SLv,%,,,,,,
2,吸收MP,預設,,,,-,passive,attack_mp_recovery,10*SLv,%,,,被動,,,
,,,,,,,,attack_mp_recovery,SLv,,,,,,,
,,,,,,-,list,text,攻擊回復MP+${10*SLv}%的部分，與正義性格的+100%攻擊回復MP的效果疊加。,,,,,,,
,,,,,,-,reference,url,https://slv-memo.space/pet_overview#CleanHit,,,,,,,
,,,,,,,,url_text,資料來源,,,,,,,
3,退隱藏身,預設,,,,-,text,text,將寵物受到的傷害轉移給主人。,,,,被動,,,
,,,,,,,,is_mark,1,,,,,,,
,,,,,,-,passive,caption,寵物受傷-![50%]，主人受到移轉傷害的${110-2*SLv}%。,,,,,,,
,,,,,,-,list,text,移轉傷害亦會造成!S[神速掌握]、!S[交叉火線]等受到傷害就會中斷的技能中斷。,,,,,,,
4,魔力槍擊,預設,,,,-,proration,damage,magic,,800 ,,瞬發,,,
,,,,,,-,damage,damage_type,magic,,,,,,,
,,,,,,,,constant,2000+100*SLv,,,,,,,
,,,,,,,,multiplier,300+30*SLv,,,,,,,
,,,,,,,,range_damage,unused,,,,,,,
,,,,,,,,unsheathe_damage,unused,,,,,,,
5,暴擊高升,預設,,,,-,effect,duration,10,,200 ,,瞬發,,,
,,,,,,,,type,party,,,,,,,
,,,,,,,,critical_damage,SLv,,,,,,,
,,,,,,-,extra,condition,行動倍率帶有紅↑時,,,,,,,
,,,,,,,,critical_damage,2,,,,,,,
,,,,,,-,tips,text,"""紅↑""效果在主效果上疊加。",,,,,,,
6,暴力重擊,預設,,,,-,proration,damage,physical,,400 ,main,瞬發,,,
,,,,,,-,damage,constant,40*SLv,,,,,,,
,,,,,,,,multiplier,300+20*SLv,,,,,,,
,,,,,,,,range_damage,unused,,,,,,,
,,,,,,,,unsheathe_damage,unused,,,,,,,
7,迷蹤奇襲,預設,,,,-,damage,constant,50+5*SLv,,100 ,main,瞬發,,,
,,,,,,,,multiplier,100+10*SLv,,,,,,,
,,,,,,,,range_damage,unused,,,,,,,
,,,,,,,,unsheathe_damage,unused,,,,,,,
,,,,,,-,base,type,both,,,,,,,
,,,,,,-,extra,caption,不造成仇恨值。,,,,,,,
,,,,,,-,list,text,此技能之傷害類型，取決於寵物![ATK]與![MATK]何者較高，例如若ATK高為物理攻擊，使用物理慣性、物理爆擊、物理穩定率等等；反之同理。,,,,,,,
8,魔彈射擊,預設,,,,-,proration,damage,magic,,400 ,,瞬發,,,
,,,,,,-,damage,damage_type,magic,,,,,,,
,,,,,,,,constant,250+25*SLv,,,,,,,
,,,,,,,,multiplier,200+20*SLv,,,,,,,
,,,,,,,,range_damage,unused,,,,,,,
,,,,,,,,unsheathe_damage,unused,,,,,,,
9,陣風爆燃,預設,,,,-,proration,damage,magic,,600 ,,瞬發,,,
,,,,,,-,damage,damage_type,magic,,,,,,,
,,,,,,,,type,AOE,,,,,,,
,,,,,,,,radius,3+0.5*SLv,,,,,,,
,,,,,,,,constant,300+30*SLv,,,,,,,
,,,,,,,,multiplier,150+15*SLv,,,,,,,
,,,,,,,,range_damage,unused,,,,,,,
,,,,,,,,unsheathe_damage,unused,,,,,,,
10,環形治癒,預設,,,,-,text,text,回復半徑10m內，所有隊友的HP，隨MATK增加的回復量部分會隨受治癒的人數而減少。,,600 ,,瞬發,,,
,,,,,,,,is_mark,1,,,,,,,
,,,,,,-,heal,type,hp,,,,,,,
,,,,,,,,target,party,,,,,,,
,,,,,,,,constant,10*SLv,,,,,,,
,,,,,,,,extra_text,"(寵物Matk÷目標數量),目標HP",,,,,,,
,,,,,,,,extra_value,0.05+SLv*0.01+SLv*0.01,,,,,,,
,,,,,,-,reference,url,https://slv-memo.space/pet_overview#CleanHit,,,,,,,
,,,,,,,,url_text,資料來源1,,,,,,,
,,,,,,-,reference,url,https://forum.gamer.com.tw/C.php?bsn=28271&snA=9074&tnum=4,,,,,,,
,,,,,,,,url_text,資料來源2,,,,,,,
11,越戰越勇,預設,,,,-,effect,duration,10,,100 ,,瞬發,,,
,,,,,,,,atk,SLv,%,,,,,,
,,,,,,,,atk,30+SLv*2,,,,,,,
,,,,,,,,aspd,SLv,%,,,,,,
,,,,,,,,aspd,100+SLv*20,,,,,,,
,,,,,,,,type,party,,,,,,,
,,,,,,-,extra,condition,行動倍率帶有紅↑時,,,,,,,
,,,,,,,,atk,25,,,,,,,
,,,,,,,,aspd,10,%,,,,,,
,,,,,,-,tips,text,"""紅↑""效果在主效果上疊加。",,,,,,,
12,急救(寵物),預設,,,,-,passive,caption,可對主人進行急救，每次施展使剩餘復活時間減少${30+SLv*2}%。,,,,被動,,,
,,,,,,1,list,text,未持有此技能的寵物，角色死亡後寵物會一同死亡。,,,,,,,
,,,,,,-,list,text,膽小性格的寵物無法進行急救，但仍有避免寵物跟隨主人死亡的效果。,,,,,,,
,,,,,,-,tips,text,為與玩家的!S[急救]區隔，在本技能名稱上加了(寵物)。,,,,,,,
12,,歷史紀錄,0,2019/10/24,,-,text,text,未持有此技能的寵物皆會伴主死亡。,,,,,,,
,,,,,,1,,text,僅在寵物為奉獻性格時，角色死亡後寵物會一同死亡。,,,,,,,
13,精神煥發,預設,,,,-,effect,duration,10,,100 ,,瞬發,,,
,,,,,,,,matk,SLv,%,,,,,,
,,,,,,,,matk,30+SLv*2,,,,,,,
,,,,,,,,cspd,SLv,%,,,,,,
,,,,,,,,cspd,100+SLv*20,,,,,,,
,,,,,,,,type,party,,,,,,,
,,,,,,-,extra,condition,行動倍率帶有紅↑時,,,,,,,
,,,,,,,,matk,25,,,,,,,
,,,,,,,,cspd,10,%,,,,,,
,,,,,,-,tips,text,"""紅↑""效果在主效果上疊加。",,,,,,,
14,療傷大法,預設,,,,-,text,text,對隊伍中HP降低最多者進行一次療傷。,,400 ,,瞬發,,,
,,,,,,,,is_mark,1,,,,,,,
,,,,,,-,heal,type,hp,,,,,,,
,,,,,,,,name,療傷,,,,,,,
,,,,,,,,target,target,,,,,,,
,,,,,,,,constant,30*SLv,,,,,,,
,,,,,,,,extra_text,"寵物Matk,目標HP",,,,,,,
,,,,,,,,extra_value,(SLv+5)*0.01+SLv*0.01,,,,,,,
,,,,,,-,reference,url,https://forum.gamer.com.tw/embed.php?bsn=28271&sn=31834,,,,,,,
,,,,,,,,url_text,測試過程,,,,,,,
15,掃堂腿,預設,,,,-,proration,damage,physical,,400 ,main,瞬發,,,
,,,,,,-,damage,constant,40*SLv,,,,,,,
,,,,,,,,multiplier,150+10*SLv,,,,,,,
,,,,,,,,ailment_name,翻覆,,,,,,,
,,,,,,,,ailment_chance,30+5*SLv,,,,,,,
,,,,,,,,range_damage,unused,,,,,,,
,,,,,,,,unsheathe_damage,unused,,,,,,,
16,高壓威逼,預設,,,,-,proration,damage,physical,,200 ,main,瞬發,,,
,,,,,,-,damage,constant,20+SLv,,,,,,,
,,,,,,,,multiplier,150+SLv*5,,,,,,,
,,,,,,,,ailment_name,膽怯,,,,,,,
,,,,,,,,ailment_chance,50+5*SLv,,,,,,,
,,,,,,,,range_damage,unused,,,,,,,
,,,,,,,,unsheathe_damage,unused,,,,,,,
17,激狂怒擊,預設,,,,-,damage,constant,50+5*SLv,,100 ,main,瞬發,,,
,,,,,,,,multiplier,100+10*SLv,,,,,,,
,,,,,,,,range_damage,unused,,,,,,,
,,,,,,,,unsheathe_damage,unused,,,,,,,
,,,,,,-,base,type,both,,,,,,,
,,,,,,-,extra,caption,對目標造成額外${25*SLv}仇恨。,,,,,,,
,,,,,,-,extra,caption,額外仇恨部分享受奉獻性格的400%仇恨加成。,,,,,,,
,,,,,,-,list,text,此技能之傷害類型，取決於寵物![ATK]與![MATK]何者較高，例如若ATK高為物理攻擊，使用物理慣性、物理爆擊、物理穩定率等等；反之同理。,,,,,,,
,,,,,,,,,,,,,,,,
18,有眼無珠,預設,,,,-,proration,damage,magic,,200 ,,瞬發,,,
,,,,,,-,damage,damage_type,magic,,,,,,,
,,,,,,,,constant,100+SLv*10,,,,,,,
,,,,,,,,multiplier,50+SLv*10,,,,,,,
,,,,,,,,ailment_name,盲目,,,,,,,
,,,,,,,,ailment_chance,70+3*SLv,,,,,,,
,,,,,,,,range_damage,unused,,,,,,,
,,,,,,,,unsheathe_damage,unused,,,,,,,
19,堅不可摧,預設,,,,-,effect,duration,10,,200 ,,瞬發,,,
,,,,,,,,type,party,,,,,,,
,,,,,,,,physical_resistance,3*SLv,,,,,,,
,,,,,,,,magic_resistance,3*SLv,,,,,,,
,,,,,,-,extra,condition,行動倍率帶有紅↑時,,,,,,,
,,,,,,,,physical_resistance,5,,,,,,,
,,,,,,,,magic_resistance,5,,,,,,,
,,,,,,-,tips,text,"""紅↑""效果在主效果上疊加。",,,,,,,
20,暈頭轉向,預設,,,,-,proration,damage,physical,,600 ,main,瞬發,,,
,,,,,,-,damage,constant,60*SLv,,,,,,,
,,,,,,,,multiplier,150+15*SLv,,,,,,,
,,,,,,,,ailment_name,昏厥,,,,,,,
,,,,,,,,ailment_chance,10+5*SLv,,,,,,,
,,,,,,,,range_damage,unused,,,,,,,
,,,,,,,,unsheathe_damage,unused,,,,,,,
21,替罪羔羊,預設,,,,-,text,text,將主人受到的傷害轉移給寵物。,,,,被動,,,
,,,,,,,,is_mark,1,,,,,,,
,,,,,,-,passive,caption,主人受傷-![50%]，寵物受到移轉傷害的${110-2*SLv}%。,,,,,,,
,,,,,,-,list,text,移轉傷害的計算時機在!S[聖域]計算後，#[無敵]效果計算之前，故即使自身處於無敵，寵物仍會受傷。,,,,,,,
22,吸收HP,預設,,,,-,passive,caption,攻擊時將傷害量部分轉化為自身HP。,,,,被動,,,
,,,,,,-,heal,type,hp,,,,,,,
,,,,,,,,constant,100,,,,,,,
,,,,,,,,extra_text,攻擊傷害,,,,,,,
,,,,,,,,extra_value,0.1,,,,,,,
,,,,,,-,tips,text,僅有技能等級Lv10的數據，且為估計值。,,,,,,,
,,,,,,-,reference,url,https://slv-memo.space/pet_overview#CleanHit,,,,,,,
,,,,,,,,url_text,資料來源,,,,,,,
23,MP高升,預設,,,,-,passive,max_mp,100*SLv,,,,被動,,,
,,,,,,-,list,text,與玩家相同，MP上限將影響基礎攻擊MP回復與MP自然回復。,,,,,,,
,,,,,,-,tips,text,寵物原始MP上限固定為1000。,,,,,,,
24,破封穿心,預設,,,,-,proration,damage,magic,,600 ,,瞬發,,,
,,,,,,-,damage,damage_type,magic,,,,,,,
,,,,,,,,constant,300+SLv*30,,,,,,,
,,,,,,,,multiplier,100+SLv*10,,,,,,,
,,,,,,,,ailment_name,降防,,,,,,,
,,,,,,,,ailment_chance,60+4*SLv,,,,,,,
,,,,,,,,range_damage,unused,,,,,,,
,,,,,,,,unsheathe_damage,unused,,,,,,,
2,1,忍術表,1,,,,,,,,,,,,,
0,火遁術,預設,,忍術卷軸,,-,stack,name,忍術鍛鍊技能等級合計值,,600 ,8 ,須詠唱,可以放入連擊,快,3
,,,,,,,,min,0,,,,,,,
,,,,,,,,max,20,,,,,,,
,,,,,,,,default,20,,,,,,,
,,,,,,,,id,0,,,,,,,
,,,,,,,,value,getSkillLevel('4-5-2')+getSkillLevel('4-5-3'),,,,,,,
,,,,,,-,proration,damage,magic,,,,,,,
,,,,,,1,damage,constant,400,,,,,,,
,,,,,,,,multiplier,200+SLv*10+stack*30+extra[0],,,,,,,
,,,,,,,,,,,,,,,,
,,,,,,,,ailment_name,著火,,,,,,,
,,,,,,,,ailment_chance,60+3*SLv,,,,,,,
,,,,,,,,damage_type,magic,,,,,,,
,,,,,,,,range_damage,1,,,,,,,
,,,,,,,,stack_id,0,,,,,,,
,,,,,,-,formula_extra,texts,卷軸ATK,,,,,,,
,,,,,,,,values.0,@C.sub.atk,,,,,,,
,,,,,,-,list,text,當目標或自身處於#[著火]時，發動強化版本。,,,,,,,
0,,非預設,,,,1,,multiplier,200+SLv*10+stack*30,,,,,,,
,,,,,,,,,,,,,,,,
,,,,,,,,,,,,,,,,
1,火遁．爆炎陣,預設,,忍術卷軸,,-,text,text,火遁術強化，當目標或自身處於#[著火]狀態時，再使用火遁術觸發。對目標造成一段範圍傷害與一段單體傷害，命中後解除目標與自身的#[著火]狀態。,,600 ,8 ,須詠唱,可以放入連擊,快,3
,,,,,,,,is_mark,1,,,,,,,
,,,,,,,,skill,火遁術,,,,,,,
,,,,,,-,stack,name,忍術鍛鍊技能等級合計值,,,,,,,
,,,,,,,,min,0,,,,,,,
,,,,,,,,max,20,,,,,,,
,,,,,,,,default,20,,,,,,,
,,,,,,,,id,0,,,,,,,
,,,,,,,,value,getSkillLevel('4-5-2')+getSkillLevel('4-5-3'),,,,,,,
,,,,,,-,proration,damage,magic,,,,,,,
,,,,,,1,damage,constant,400,,,,,,,
,,,,,,,,multiplier,300+SLv*20+stack*30+extra[0],,,,,,,
,,,,,,,,type,AOE,,,,,,,
,,,,,,,,radius,4,,,,,,,
,,,,,,,,damage_type,magic,,,,,,,
,,,,,,,,end_position,target,,,,,,,
,,,,,,,,range_damage,1,,,,,,,
,,,,,,,,stack_id,0,,,,,,,
,,,,,,-,formula_extra,texts,卷軸ATK,,,,,,,
,,,,,,,,values.0,@C.sub.atk,,,,,,,
,,,,,,2,damage,constant,400,,,,,,,
,,,,,,,,multiplier,200+SLv*10+stack*30+extra[0],,,,,,,
,,,,,,,,range_damage,1,,,,,,,
,,,,,,,,stack_id,0,,,,,,,
,,,,,,,,damage_type,magic,,,,,,,
,,,,,,,,combo_rate,0,,,,,,,
,,,,,,-,formula_extra,texts,卷軸ATK,,,,,,,
,,,,,,,,values.0,@C.sub.atk,,,,,,,
,,,,,,-,extra,caption,此段傷害不受連擊效果影響。,,,,,,,
1,,非預設,,,,1,,multiplier,300+SLv*20+stack*30,,,,,,,
,,,,,,2,,multiplier,200+SLv*10+stack*30,,,,,,,
1,,歷史紀錄,0,2021/08/26,,-,text,text,增加一段單體傷害，原先僅造成範圍傷害。,,,,,,,
,,,,,,2,,constant,0,,,,,,,
,,,,,,,,multiplier,0,,,,,,,
1,,歷史紀錄,1,2021/08/26,,-,text,text,增加一段單體傷害，原先僅造成範圍傷害。,,,,,,,
,,,,,,2,,constant,0,,,,,,,
,,,,,,,,multiplier,0,,,,,,,
2,雷遁術,預設,,忍術卷軸,,-,text,text,衝刺到敵方面前1米，並造成單體傷害。,,600 ,12 ,須詠唱,可以放入連擊,快,2
,,,,,,,,is_mark,1,,,,,,,
,,,,,,-,stack,name,忍術鍛鍊技能等級合計值,,,,,,,
,,,,,,,,min,0,,,,,,,
,,,,,,,,max,20,,,,,,,
,,,,,,,,default,20,,,,,,,
,,,,,,,,id,0,,,,,,,
,,,,,,,,value,getSkillLevel('4-5-2')+getSkillLevel('4-5-3'),,,,,,,
,,,,,,-,proration,damage,physical,,,,,,,
,,,,,,1,damage,constant,200+20*SLv,,,,,,,
,,,,,,,,multiplier,100+SLv*10+stack*30+extra[0]*1,,,,,,,
,,,,,,,,range_damage,short,,,,,,,
,,,,,,,,unsheathe_damage,1,,,,,,,
,,,,,,,,stack_id,0,,,,,,,
,,,,,,-,base,type,both,,,,,,,
,,,,,,-,formula_extra,texts,卷軸ATK,,,,,,,
,,,,,,,,values.0,@C.sub.atk,,,,,,,
,,,,,,-,list,text,此技能的有效ATK/MATK，皆以目標的物理防禦與物理抗性計算。,,,,,,,
,,,,,,,,mark,"物理防禦, 物理抗性",,,,,,,
,,,,,,-,list,text,使用物理暴擊、物理暴傷、物理穩定率。,,,,,,,
,,,,,,,,mark,物理傷害,,,,,,,
,,,,,,-,list,text,此技能無論在何處發動，近距離威力總是有效，遠距離威力無作用，然而遠程狙擊有效。,,,,,,,
,,,,,,,,mark,"近距離威力, 遠距離威力",,,,,,,
,,,,,,,,skill,遠程狙擊,,,,,,,
,,,,,,-,tips,text,推測原理為，此技能是先衝刺到怪物面前後，才判定距離並計算傷害，因此永遠為近距離發動。,,,,,,,
,,,,,,-,list,text,裝備拔刀劍時，發動該技能的強化版本。,,,,,,,
2,,非預設,,,,1,,multiplier,100+SLv*10+stack*30,,,,,,,
,,,,,,,,,,,,,,,,
,,,,,,,,,,,,,,,,
,,,,,,,,,,,,,,,,
3,雷遁．紫電一閃,預設/and,拔刀劍,忍術卷軸,,-,text,text,雷遁術強化，裝備拔刀劍時獲得強化效果。衝刺到敵方面前1米，並造成單體傷害。,,600 ,12 ,須詠唱,可以放入連擊,快,2
,,,,,,,,is_mark,1,,,,,,,
,,,,,,,,mark,雷遁術,,,,,,,
,,,,,,-,stack,name,忍術鍛鍊技能等級合計值,,,,,,,
,,,,,,,,min,0,,,,,,,
,,,,,,,,max,20,,,,,,,
,,,,,,,,default,20,,,,,,,
,,,,,,,,id,0,,,,,,,
,,,,,,,,value,getSkillLevel('4-5-2')+getSkillLevel('4-5-3'),,,,,,,
,,,,,,-,proration,damage,physical,,,,,,,
,,,,,,1,damage,constant,200+20*SLv,,,,,,,
,,,,,,,,multiplier,100+SLv*10+stack*30+extra[0]*1,,,,,,,
,,,,,,,,range_damage,short,,,,,,,
,,,,,,,,unsheathe_damage,1,,,,,,,
,,,,,,,,stack_id,0,,,,,,,
,,,,,,-,extra,caption,此技能#[必定暴擊],,,,,,,
,,,,,,-,base,type,both,,,,,,,
,,,,,,-,formula_extra,texts,卷軸ATK,,,,,,,
,,,,,,,,values.0,@C.sub.atk,,,,,,,
,,,,,,-,list,text,此技能的有效ATK/MATK，皆以目標的物理防禦與物理抗性計算。,,,,,,,
,,,,,,,,mark,"物理防禦, 物理抗性",,,,,,,
,,,,,,-,list,text,使用物理暴擊、物理暴傷、物理穩定率。,,,,,,,
,,,,,,,,mark,物理傷害,,,,,,,
,,,,,,-,list,text,此技能無論在何處發動，近距離威力總是有效，遠距離威力無作用，然而遠程狙擊有效。,,,,,,,
,,,,,,,,mark,"近距離威力, 遠距離威力",,,,,,,
,,,,,,,,skill,遠程狙擊,,,,,,,
,,,,,,-,tips,text,推測原理為，此技能是先衝刺到怪物面前後，才判定距離並計算傷害，因此永遠為近距離發動。,,,,,,,
3,,非預設,拔刀劍,,,1,,multiplier,100+SLv*10+stack*30,,,,,,,
4,風遁術,預設,,忍術卷軸,,1,text,text,施展風遁術，並獲得乘風狀態。若先按住方向鍵再施展，則改為朝方向鍵方向衝刺8m，衝刺方向上若有接觸怪物，停下並施展風遁術，否則不進行攻擊。,,500 ,main,須詠唱,可以放入連擊,一般,1
,,,,,,,,is_mark,1,,,,,,,
,,,,,,,,branch,"風遁術, 乘風",,,,,,,
,,,,,,-,stack,name,忍術鍛鍊技能等級合計值,,,,,,,
,,,,,,,,min,0,,,,,,,
,,,,,,,,max,20,,,,,,,
,,,,,,,,default,20,,,,,,,
,,,,,,,,id,0,,,,,,,
,,,,,,,,value,getSkillLevel('4-5-2')+getSkillLevel('4-5-3'),,,,,,,
,,,,,,-,proration,damage,magic,,,,,,,
,,,,,,2,damage,constant,200+10*SLv,,,,,,,
,,,,,,,,multiplier,500+10*SLv+stack*20+extra[0]*1,,,,,,,
,,,,,,,,type,AOE,,,,,,,
,,,,,,,,radius,4,,,,,,,
,,,,,,,,range_damage,1,,,,,,,
,,,,,,,,ailment_name,翻覆,,,,,,,
,,,,,,,,ailment_chance,100,,,,,,,
,,,,,,,,damage_type,magic,,,,,,,
,,,,,,,,end_position,self,,,,,,,
,,,,,,,,stack_id,0,,,,,,,
,,,,,,,,name,風遁術,,,,,,,
,,,,,,-,extra,caption,躍起期間自身進入#[無敵]。,,,,,,,
,,,,,,-,formula_extra,texts,卷軸ATK,,,,,,,
,,,,,,,,values.0,@C.sub.atk,,,,,,,
,,,,,,-,effect,name,乘風,,,,,,,
,,,,,,,,duration,20,,,,,,,
,,,,,,,,critical_rate,SLv,,,,,,,
,,,,,,,,aspd,$DEX*1,,,,,,,
,,,,,,-,list,text,裝備拔刀劍時，且未進行衝刺時，發動該技能的強化版本。,,,,,,,
4,,非預設,,,,2,,multiplier,500+10*SLv+stack*20,,,,,,,
4,,歷史紀錄,0,2021/08/26,,-,text,text,追加buff效果(乘風)。,,,,,,,
,,,,,,1,text,text,施展風遁術。若先按住方向鍵再施展，則改為朝方向鍵方向衝刺8m，衝刺方向上若有接觸怪物，停下並施展風遁術，否則不進行攻擊。,,,,,,,
4,,歷史紀錄,1,2021/08/26,,-,text,text,追加buff效果(乘風)。,,,,,,,
,,,,,,1,text,text,施展風遁術。若先按住方向鍵再施展，則改為朝方向鍵方向衝刺8m，衝刺方向上若有接觸怪物，停下並施展風遁術，否則不進行攻擊。,,,,,,,
5,風遁．劈甲,預設/and,拔刀劍,忍術卷軸,,-,text,text,風遁術強化，施展風遁．劈甲，並獲得乘風狀態。裝備拔刀劍、且釋放時未按住方向鍵時可觸發此強化效果。,,500 ,main,須詠唱,可以放入連擊,快,1
,,,,,,,,is_mark,1,,,,,,,
,,,,,,,,skill,風遁術,,,,,,,
,,,,,,,,mark,拔刀劍,,,,,,,
,,,,,,,,branch,"風遁．劈甲, 乘風",,,,,,,
,,,,,,-,stack,name,忍術鍛鍊技能等級合計值,,,,,,,
,,,,,,,,min,0,,,,,,,
,,,,,,,,max,20,,,,,,,
,,,,,,,,default,20,,,,,,,
,,,,,,,,id,0,,,,,,,
,,,,,,,,value,getSkillLevel('4-5-2')+getSkillLevel('4-5-3'),,,,,,,
,,,,,,-,proration,damage,magic,,,,,,,
,,,,,,2,damage,constant,300,,,,,,,
,,,,,,,,multiplier,600+stack*20+extra[0]*1,,,,,,,
,,,,,,,,type,AOE,,,,,,,
,,,,,,,,radius,4,,,,,,,
,,,,,,,,range_damage,1,,,,,,,
,,,,,,,,ailment_name,翻覆,,,,,,,
,,,,,,,,ailment_chance,100,,,,,,,
,,,,,,,,damage_type,magic,,,,,,,
,,,,,,,,end_position,self,,,,,,,
,,,,,,,,stack_id,0,,,,,,,
,,,,,,,,name,風遁．劈甲,,,,,,,
,,,,,,-,base,type,both,,,,,,,
,,,,,,-,extra,caption,躍起期間自身進入#[無敵]。,,,,,,,
,,,,,,-,formula_extra,texts,卷軸ATK,,,,,,,
,,,,,,,,values.0,@C.sub.atk,,,,,,,
,,,,,,-,effect,name,乘風,,,,,,,
,,,,,,,,duration,20,,,,,,,
,,,,,,,,critical_rate,SLv,,,,,,,
,,,,,,,,aspd,$DEX*1,,,,,,,
,,,,,,,,unsheathe_attack_multiplier,SLv,,,,,,,
,,,,,,-,list,text,此技能傷害類型固定為魔法傷害、使用目標的魔法防禦力、魔法抗性、暴擊以魔法暴擊計算、穩定率上限90%。,,,,,,,
,,,,,,,,mark,"魔法傷害, 魔法暴擊",,,,,,,
5,,非預設,拔刀劍,,,2,,multiplier,600+stack*20,,,,,,,
5,,歷史紀錄,0,2021/08/26,,-,text,text,追加buff效果(乘風)。,,,,,,,
,,,,,,1,text,text,風遁術強化，施展風遁．劈甲。裝備拔刀劍、且釋放時未按住方向鍵時可觸發此強化效果。,,,,,,,
5,,歷史紀錄,1,2021/08/26,,-,text,text,追加buff效果(乘風)。,,,,,,,
,,,,,,1,text,text,風遁術強化，施展風遁．劈甲。裝備拔刀劍、且釋放時未按住方向鍵時可觸發此強化效果。,,,,,,,
6,水遁術,預設,,,,-,text,text,施放後在原地留下一處水潭，角色在水潭範圍內時獲得水遁狀態。,,700 ,,須詠唱,可以放入連擊,快,2.5
,,,,,,,,is_mark,1,,,,,,,
,,,,,,-,effect,caption,受到#[猛毒]、#[著火]的傷害減輕${25+SLv*2.5}%；減輕被#[遲緩]、#[停止]、#[冰凍]時的負面效果。,,,,,,,
,,,,,,,,duration,10+SLv,,,,,,,
,,,,,,,,type,circle,,,,,,,
,,,,,,,,radius,3+Math.floor(0.3*SLv),,,,,,,
,,,,,,,,is_place,1,,,,,,,
,,,,,,,,end_position,self,,,,,,,
,,,,,,,,name,水遁,,,,,,,
,,,,,,-,list,text,站在水潭內施展苦無飛鏢時，將觸發強化技能水遁．急獺渦。,,,,,,,
,,,,,,,,skill,"水遁．急獺渦, 苦無飛鏢",,,,,,,
7,土遁術,預設,,忍術卷軸,,-,text,text,"施放後獲得""${SLv}層、${10+Math.floor((SLv+1)/2)}秒""的土遁狀態，土遁狀態倒數結束時，依據土遁狀態的層數對目標造成相應的傷害",,600 ,,須詠唱,可以放入連擊,快,3
,,,,,,,,is_mark,1,,,,,,,
,,,,,,,,branch,土遁狀態,,,,,,,
,,,,,,,,mark,土遁狀態,,,,,,,
,,,,,,-,stack,name,忍術鍛鍊技能等級合計值,,,,,,,
,,,,,,,,min,0,,,,,,,
,,,,,,,,max,20,,,,,,,
,,,,,,,,default,20,,,,,,,
,,,,,,,,id,1,,,,,,,
,,,,,,,,value,getSkillLevel('4-5-2')+getSkillLevel('4-5-3'),,,,,,,
,,,,,,-,effect,name,土遁狀態,,,,,,,
,,,,,,,,caption,自身受傷時，土遁狀態層數-1，若該傷害為遠距離攻擊，可減輕受到的傷害（粗估約25%）。,,,,,,,
,,,,,,,,duration,10+Math.floor((SLv+1)/2),,,,,,,
,,,,,,,,,,,,,,,,
,,,,,,,,mark,"土遁狀態, 遠距離攻擊",,,,,,,
,,,,,,-,stack,name,土遁狀態層數,,,,,,,
,,,,,,,,min,1,,,,,,,
,,,,,,,,max,SLv,,,,,,,
,,,,,,,,default,SLv,,,,,,,
,,,,,,,,id,0,,,,,,,
,,,,,,-,proration,damage,magic,,,,,,,
,,,,,,1,damage,constant,400,,,,,,,
,,,,,,,,multiplier,100+stack[1]*20+stack[0]*(50+stack[1]*10)+extra[0]*1,,,,,,,
,,,,,,,,range_damage,0,,,,,,,
,,,,,,,,damage_type,magic,,,,,,,
,,,,,,,,element,neutral,,,,,,,
,,,,,,,,stack_id,"0,1",,,,,,,
,,,,,,,,combo_rate,0,,,,,,,
,,,,,,-,formula_extra,texts,卷軸ATK,,,,,,,
,,,,,,,,values.0,@C.sub.atk,,,,,,,
,,,,,,-,list,text,遠距離攻擊，指受到傷害時，與目標距離8m以上的攻擊。,,,,,,,
,,,,,,-,list,text,倒數結束時，目標與自身距離須在24m內，方可造成傷害。,,,,,,,
,,,,,,-,list,text,此技能傷害不受連擊效果影響。,,,,,,,
7,,非預設,,,,1,,multiplier,100+stack[1]*20+stack[0]*(50+stack[1]*10),,,,,,,
,,,,,,,,,,,,,,,,
,,,,,,,,,,,,,,,,
8,分身術,預設,,,,-,effect,caption,初次使用時，在自身前方2m處生成一隻影分身，當場上已有影分身時，發動空蟬。,,600 ,-,須詠唱,可以放入連擊,極快,3
,,,,,,,,is_mark,1,,,,,,,
,,,,,,,,branch,空蟬,,,,,,,
,,,,,,,,mark,影分身,,,,,,,
,,,,,,,,duration,60,,,,,,,
,,,,,,-,extra,condition,副作用,,,,,,,
,,,,,,,,max_hp,-75+5*SLv,%,,,,,,
,,,,,,-,tips,text,此處將分身射手的分身稱為分身，該技能的分身稱為影分身。,,,,,,,
,,,,,,,,mark,"影分身, 分身",,,,,,,
,,,,,,-,proration,damage,normal_attack,,,,,,,
,,,,,,,,proration,none,,,,,,,
,,,,,,-,damage,name,影分身攻擊,,,,,,,
,,,,,,,,constant,0,,,,,,,
,,,,,,,,multiplier,100,,,,,,,
,,,,,,,,range_damage,0,,,,,,,
,,,,,,-,list,text,影分身與分身為互相取代的關係，若場上已有分身時釋放影分身，影分身會取代掉分身，反之亦然。,,,,,,,
,,,,,,,,mark,"影分身, 分身",,,,,,,
,,,,,,-,list,text,當發生上述的取代現象時，召喚的分身位置會是在被取代的分身原先所在的位置，而非面前2m。,,,,,,,
,,,,,,-,list,text,影分身與分身不同，影分身會跟隨目標移動，但攻擊不會回復MP。,,,,,,,
,,,,,,,,mark,"影分身, 分身",,,,,,,
,,,,,,-,list,text,與影分身的距離超過![12]m時，影分身會停止攻擊；超過![20]m時，會強制解除影分身。,,,,,,,
,,,,,,-,list,text,除上述說明外，影分身的其餘特性與分身射手相同，請參閱分身射手的效果補充。,,,,,,,
,,,,,,,,mark,"影分身, 分身射手",,,,,,,
,,,,,,1,effect,name,空蟬,,,,,,,
,,,,,,,,caption,瞬間移動到影分身目前所在位置，並消滅影分身，同時回復自身![600]MP。,,,,,,,
,,,,,,,,type,none,,,,,,,
,,,,,,2,extra,caption,自身#[無敵]1秒。,,,,,,,
,,,,,,-,tips,text,未發現忍術鍛鍊對該技能之效果。,,,,,,,
8,,歷史紀錄,0,2021/08/26,,-,text,text,追加空蟬的回復MP效果。,,,,,,,
,,,,,,1,,caption,瞬間移動到影分身目前所在位置，並消滅影分身。,,,,,,,
9,,歷史紀錄,0,2024/04/18,,2,,caption,無此效果。,,,,,,,
,,,,,,,,,,,,,,,,
9,風魔手里劍,預設/and,拔刀劍,忍術卷軸,,-,text,text,投擲出風魔手里劍，風魔手里劍會來回飛行12米距離，對接觸到的敵人造成傷害。,,500 ,12 ,瞬發,可以放入連擊,一般,1
,,,,,,,,is_mark,1,,,,,,,
,,,,,,-,list,text,具體飛行機制為：先朝施放時角色與目標的連線上飛行12米，再回到角色身上，故角色移動會改變其飛行軌跡。,,,,,,,
,,,,,,-,stack,name,忍術鍛鍊技能等級合計值,,,,,,,
,,,,,,,,min,0,,,,,,,
,,,,,,,,max,20,,,,,,,
,,,,,,,,default,20,,,,,,,
,,,,,,,,id,0,,,,,,,
,,,,,,,,value,getSkillLevel('4-5-2')+getSkillLevel('4-5-3'),,,,,,,
,,,,,,-,proration,damage,physical,,,,,,,
,,,,,,2,damage,constant,100+20*SLv,,,,,,,
,,,,,,,,multiplier,200+30*SLv+Math.floor(extra[0]/10)*10,,,,,,,
,,,,,,,,type,AOE,,,,,,,
,,,,,,,,radius,1,,,,,,,
,,,,,,,,effective_area,line,,,,,,,
,,,,,,,,end_position,target,,,,,,,
,,,,,,,,move_distance,12,,,,,,,
,,,,,,,,range_damage,both,,,,,,,
,,,,,,-,formula_extra,texts,卷軸ATK,,,,,,,
,,,,,,,,values.0,@C.sub.atk,,,,,,,
,,,,,,1,list,text,風魔手里劍會對碰觸到的前${Math.floor(stack/10)+2}個目標及其周圍約2m半徑內的敵人，造成完整傷害，當進行${Math.floor(stack/10)+2}次技能傷害判定後，此技能威力降低為原先的0.1倍。,,,,,,,
,,,,,,,,mark,風魔手里劍,,,,,,,
,,,,,,,,stack_id,0,,,,,,,
,,,,,,-,list,text,風魔手里劍飛行途中如果受地形阻礙，會直接消失。,,,,,,,
,,,,,,,,mark,風魔手里劍,,,,,,,
,,,,,,-,list,text,此技能公式中，卷軸ATK對倍率的加成會捨去個位數做計算。,,,,,,,
,,,,,,-,tips,text,例如，100ATK與109ATK的卷軸，會造成一樣的傷害。,,,,,,,
,,,,,,-,list,text,對同一目標造成多次傷害時，慣性計算為：受到第一次傷害後即造成物理慣性、影響第二次以後的傷害，但第二擊以後不再造成慣性。,,,,,,,
9,,非預設,,忍術卷軸,,1,,text,風魔手里劍會對碰觸到的前${Math.floor(stack/10)+1}個目標及其周圍約2m半徑內的敵人，造成完整傷害，當進行${Math.floor(stack/10)+1}次技能傷害判定後，此技能威力降低為原先的0.1倍。,,,,,,,
9,,非預設,拔刀劍,,,2,,multiplier,200+30*SLv,,,,,,,
9,,非預設,,,,1,list,text,風魔手里劍會對碰觸到的前${Math.floor(stack/10)+1}個目標及其周圍約2m半徑內的敵人，造成完整傷害，當進行${Math.floor(stack/10)+1}次技能傷害判定後，此技能威力降低為原先的0.1倍。,,,,,,,
,,,,,,2,,multiplier,200+30*SLv,,,,,,,
9,,歷史紀錄,0,2024/04/18,,2,,range_damage,0,,,,,,,
9,,歷史紀錄,1,2024/04/18,,2,,range_damage,0,,,,,,,
9,,歷史紀錄,2,2024/04/18,,2,,range_damage,0,,,,,,,
9,,歷史紀錄,3,2024/04/18,,2,,range_damage,0,,,,,,,
,,,,,,,,,,,,,,,,
,,,,,,,,,,,,,,,,
10,苦無飛鏢,預設,拔刀劍,,,-,text,text,對目標投擲苦無飛鏢，只要不進行移動，苦無飛鏢將無限攻擊下去。,,300 ,8 ,瞬發,可以放入連擊,快,
,,,,,,,,is_mark,1,,,,,,,
,,,,,,,,mark,苦無飛鏢,,,,,,,
,,,,,,-,tips,text,會重複施放苦無飛鏢直到角色移動，攻擊頻率與普通攻擊相當。,,,,,,,
,,,,,,-,stack,name,忍術鍛鍊技能等級合計值,,,,,,,
,,,,,,,,min,0,,,,,,,
,,,,,,,,max,20,,,,,,,
,,,,,,,,default,20,,,,,,,
,,,,,,,,id,0,,,,,,,
,,,,,,,,value,getSkillLevel('4-5-2')+getSkillLevel('4-5-3'),,,,,,,
,,,,,,-,proration,damage,physical,,,,,,,
,,,,,,,,proration,normal_attack,,,,,,,
,,,,,,1,damage,constant,0,,,,,,,
,,,,,,,,multiplier,60+stack*2,,,,,,,
,,,,,,,,name,苦無飛鏢,,,,,,,
,,,,,,,,frequency,2,,,,,,,
,,,,,,,,title,normal,,,,,,,
,,,,,,,,judgment,common,,,,,,,
,,,,,,,,range_damage,1,,,,,,,
,,,,,,,,stack_id,0,,,,,,,
,,,,,,,,element,neutral,,,,,,,
,,,,,,-,extra,caption,每次攻擊回復((總攻擊MP回復*${SLv*5}%))的MP。,,,,,,,
,,,,,,-,list,text,每2下技能傷害為一組，造成一次慣性（與其他多段傷害技能相同，第一擊即造成慣性）。但只要未中斷技能，苦無飛鏢自身在計算傷害時的慣性值將維持最初值。,,,,,,,
,,,,,,,,mark,苦無飛鏢,,,,,,,
,,,,,,-,tips,text,也就是說，雖然會一直造成一般攻擊慣性，但單次技能內苦無飛鏢的傷害會一直與第一擊相同。,,,,,,,
,,,,,,,,mark,苦無飛鏢,,,,,,,
,,,,,,-,list,text,如果目標超出了8m射程，苦無飛鏢的傷害將變為miss。,,,,,,,
,,,,,,,,mark,苦無飛鏢,,,,,,,
,,,,,,-,tips,text,僅有技能等級Lv10的傷害資料。,,,,,,,
10,,非預設,,,,1,,multiplier,30+stack*1,,,,,,,
,,,,,,,,,,,,,,,,
11,水遁．急獺渦,預設,,忍術卷軸,,-,text,text,當處於水遁術的範圍內施展苦無飛鏢後，將觸發此技能。將原先水遁術的水潭範圍轉變為持續傷害領域。,,0 ,,瞬發,,,
,,,,,,,,is_mark,1,,,,,,,
,,,,,,,,skill,"水遁術, 苦無飛鏢",,,,,,,
,,,,,,-,tips,text,苦無飛鏢需未置於連擊中，方能觸發此技能。,,,,,,,
,,,,,,,,skill,"水遁術, 苦無飛鏢",,,,,,,
,,,,,,-,stack,name,忍術鍛鍊技能等級合計值,,,,,,,
,,,,,,,,min,0,,,,,,,
,,,,,,,,max,20,,,,,,,
,,,,,,,,default,20,,,,,,,
,,,,,,,,id,0,,,,,,,
,,,,,,,,value,getSkillLevel('4-5-2')+getSkillLevel('4-5-3'),,,,,,,
,,,,,,-,proration,damage,physical,,,,,,,
,,,,,,1,damage,constant,500,,,,,,,
,,,,,,,,multiplier,100+10*SLv+stack*10+extra[0]*0.5,,,,,,,
,,,,,,,,type,AOE,,,,,,,
,,,,,,,,radius,3+Math.floor(0.3*SLv),,,,,,,
,,,,,,,,frequency,6,,,,,,,
,,,,,,,,duration,11,,,,,,,
,,,,,,,,cycle,2,,,,,,,
,,,,,,,,is_place,1,,,,,,,
,,,,,,,,range_damage,0,,,,,,,
,,,,,,,,title,each,,,,,,,
,,,,,,,,judgment,separate,,,,,,,
,,,,,,,,ailment_name,膽怯,,,,,,,
,,,,,,,,ailment_chance,100,,,,,,,
,,,,,,,,end_position,self,,,,,,,
,,,,,,,,damage_type,physical,,,,,,,
,,,,,,,,combo_rate,0,,,,,,,
,,,,,,,,stack_id,0,,,,,,,
,,,,,,,,action_frame,122~66,,,,,,,
,,,,,,-,base,type,custom,,,,,,,
,,,,,,,,title,有效MATK,,,,,,,
,,,,,,,,caption,此技能的有效MATK，計算時採計目標的物理防禦力與物理抗性。,,,,,,,
,,,,,,,,atk_rate,0,,,,,,,
,,,,,,,,matk_rate,100,,,,,,,
,,,,,,-,extra,condition,第一擊,,,,,,,
,,,,,,,,ailment_name,停止,,,,,,,
,,,,,,,,ailment_chance,100,,,,,,,
,,,,,,-,formula_extra,texts,卷軸ATK,,,,,,,
,,,,,,,,values.0,@C.sub.atk,,,,,,,
,,,,,,-,list,text,施放時立即造成一次傷害，此後每![2]秒造成一次傷害。,,,,,,,
,,,,,,,,,,,,,,,,
,,,,,,,,,,,,,,,,
,,,,,,-,list,text,對同一目標造成多次傷害時，慣性計算為：受到第一次傷害後即造成物理慣性、影響第二次以後的傷害，但第二擊以後不再造成慣性。,,,,,,,
,,,,,,-,list,text,此技能雖然以MATK計算傷害，但傷害類型為物理傷害，使用物理暴擊、物理暴傷、物理穩定率。,,,,,,,
,,,,,,,,mark,物理傷害,,,,,,,
,,,,,,-,list,text,水遁術與苦無飛鏢的連擊效果均不會影響此技能傷害。,,,,,,,
,,,,,,,,skill,"水遁術, 苦無飛鏢",,,,,,,
,,,,,,,,,,,,,,,,
11,,非預設,,,,1,,multiplier,100+10*SLv+stack*10,,,,,,,